SYMBOL,SIGNAL_DATE,SIGNAL_CLOSE,PREV_CLOSE,ATH_PRICE,MIN_5D_LOW,PCT_FROM_LOW,PCT_FROM_ATH,PCT_1D_CHANGE,CHG_5D,CONFIGS_MATCHED,CONFIG_COUNT
RADIANTCMS,2026-08-17,34.86,36.77,77.03,36.35,-4.1,-54.74,-5.19,-10.59,"C8,C9,C10,C11,C12,C14,C31,C32,C33,C34,C35,C36,C52,C53,C54,C55,C56,C73,C74,C75,C76,C91,C92,C93,C94,C98,C99,C116,C117,C132,C133,C134,C135,C136,C143,C144,C145,C146,C166,C167,C168,C169,C170,C171,C178,C179,C180,C187,C188,C189,C190,C200,C201,C202,C203,C211,C214,C215,C216,C217,C227,C228,C235,C251,C252,C253,C254,C255,C261,C262,C263,C264,C265,C266,C273,C274,C275,C276,C295,C296,C297,C298,C299,C300,C301,C302,C308,C309,C310,C311,C312,C313,C318,C319,C320,C321,C338,C339,C340,C341,C342,C343,C344,C345,C351,C352,C353,C354,C355,C356,C363,C364,C365,C366,C386,C387,C388,C389,C390,C391,C392,C393,C394,C402,C403,C404,C405,C406,C407,C414,C415,C416,C417,C439,C440,C441,C442,C443,C444,C445,C446,C447,C454,C455,C456,C463,C464,C465,C466,C483,C484,C485,C486,C487,C488,C489,C490,C496,C497,C498,C499,C500,C501,C507,C508,C509,C510,C525,C526,C527,C528,C529,C530,C531,C537,C538,C539,C540,C541,C542,C548,C549,C550,C551,C568,C569,C570,C571,C572,C576,C577,C578,C579,C580,C581,C587,C588,C589,C590,C612,C613,C614,C615,C616,C617,C618,C619,C620,C627,C628,C629,C630,C631,C632,C637,C638,C639,C661,C662,C663,C664,C665,C666,C667,C668,C669,C670,C677,C678,C679,C680,C681,C682,C688,C689,C690,C691,C706,C707,C708,C709,C710,C711,C712,C713,C720,C721,C722,C723,C724,C725,C730,C731,C732,C733,C749,C750,C751,C752,C753,C754,C755,C756,C762,C763,C764,C767,C768,C769,C770,C789,C790,C791,C792,C793,C794,C795,C796,C797,C804,C805,C806,C807,C808,C809,C814,C815,C816,C817,C835,C836,C837,C838,C839,C840,C841,C842,C843,C851,C852,C853,C854,C855,C856,C860,C861,C862,C863,C886,C887,C888,C889,C890,C891,C892,C893,C894,C895,C900,C901,C902,C903,C904,C905,C909,C910,C911,C912,C930,C931,C932,C933,C934,C935,C936,C937,C938,C945,C946,C947,C948,C949,C950,C956,C957,C958,C959,C960,C978,C979,C980,C981,C982,C983,C984,C985,C986,C993,C994,C995,C996,C997,C998,C1004,C1005,C1006,C1007,C1028,C1029,C1030,C1031,C1038,C1039,C1040,C1041,C1042,C1043,C1049,C1050,C1051,C1052,C1076,C1077,C1078,C1079,C1080,C1081,C1082,C1083,C1084,C1085,C1094,C1095,C1096,C1097,C1098,C1099,C1103,C1104,C1105,C1106,C1124,C1125,C1126,C1127,C1128,C1129,C1130,C1139,C1140,C1141,C1142,C1143,C1144,C1151,C1152,C1153,C1154,C1158,C1159,C1160,C1161,C1163,C1164,C1175,C1192,C1193,C1194,C1202,C1207,C1208,C1209,C1210,C1217,C1218,C1219,C1237,C1238,C1239,C1240,C1241,C1242,C1250,C1251,C1255,C1256,C1257,C1258,C1259,C1260,C1261,C1262,C1263,C1272,C1273,C1274,C1275,C1276,C1277,C1278,C1279,C1285,C1286,C1287,C1288,C1289,C1298,C1299,C1303,C1304,C1305,C1306,C1307,C1308,C1309,C1310,C1320,C1321,C1322,C1323,C1324,C1325,C1326,C1327,C1333,C1334,C1335,C1336,C1337,C1338,C1348,C1349,C1353,C1354,C1355,C1356,C1357,C1358,C1359,C1360,C1370,C1371,C1372,C1373,C1374,C1375,C1376,C1377,C1383,C1384,C1385,C1386,C1387,C1397,C1398,C1399,C1405,C1406,C1407,C1408,C1409,C1410,C1411,C1412,C1423,C1424,C1425,C1426,C1427,C1428,C1429,C1430,C1436,C1437,C1438,C1439,C1440,C1454,C1455,C1456,C1463,C1464,C1465,C1466,C1467,C1468,C1469,C1470,C1471,C1483,C1484,C1485,C1486,C1487,C1488,C1489,C1490,C1495,C1496,C1497,C1498,C1507,C1508,C1509,C1510,C1515,C1516,C1517,C1518,C1519,C1520,C1527,C1528,C1529,C1530,C1531,C1532,C1533,C1534,C1535,C1536,C1543,C1544,C1545,C1546,C1547,C1548,C1549,C1550,C1560,C1561,C1562,C1563,C1568,C1569,C1570,C1571,C1572,C1573,C1574,C1581,C1582,C1583,C1584,C1585,C1586,C1587,C1588,C1589,C1590,C1597,C1598,C1599,C1600,C1601,C1602,C1603,C1604,C1627,C1628,C1629,C1630,C1631,C1632,C1633,C1634,C1635,C1636,C1647,C1648,C1649,C1650,C1651,C1652,C1653,C1654,C1655,C1656,C1669,C1670,C1671,C1672,C1673,C1674,C1675,C1676,C1677,C1678,C1686,C1687,C1688,C1689,C1690,C1691,C1692,C1693,C1719,C1720,C1721,C1722,C1723,C1724,C1725,C1726,C1727,C1728,C1740,C1741,C1742,C1743,C1744,C1745,C1746,C1747,C1748,C1749,C1762,C1763,C1764,C1765,C1766,C1767,C1768,C1769,C1770,C1771,C1779,C1780,C1781,C1782,C1783,C1784,C1785,C1786,C1812,C1813,C1814,C1815,C1816,C1817,C1818,C1819,C1820,C1821,C1834,C1835,C1836,C1837,C1838,C1839,C1840,C1841,C1842,C1843,C1856,C1857,C1858,C1859,C1860,C1861,C1862,C1863,C1864,C1865,C1873,C1874,C1875,C1876,C1877,C1878,C1879,C1886,C1887,C1893,C1894,C1895,C1896,C1902,C1903,C1904,C1905,C1906,C1907,C1913,C1914,C1915,C1916,C1917,C1918,C1919,C1920",751
DSSL,2026-08-17,1158.1,1259.3,1924.8,1210.0,-4.29,-39.83,-8.04,-5.67,"C10,C33,C54,C75,C93,C98,C133,C135,C136,C138,C139,C141,C142,C144,C146,C148,C150,C151,C167,C168,C170,C171,C173,C174,C176,C177,C179,C180,C182,C184,C185,C187,C189,C190,C191,C192,C194,C195,C196,C197,C198,C200,C202,C203,C204,C205,C207,C208,C209,C210,C211,C212,C213,C214,C216,C217,C218,C220,C221,C222,C223,C224,C226,C227,C228,C230,C232,C235,C236,C251,C254,C255,C258,C260,C263,C266,C269,C271,C272,C297,C298,C301,C302,C305,C307,C310,C313,C316,C317,C340,C341,C344,C345,C348,C350,C353,C356,C359,C361,C362,C388,C389,C390,C393,C394,C397,C398,C400,C401,C404,C407,C410,C412,C413,C441,C442,C443,C446,C447,C450,C452,C453,C456,C459,C461,C462,C485,C486,C489,C490,C493,C495,C498,C501,C504,C505,C506,C527,C528,C531,C534,C536,C539,C542,C545,C546,C547,C570,C571,C572,C573,C575,C578,C581,C584,C585,C586,C614,C615,C616,C619,C620,C623,C625,C626,C629,C632,C635,C636,C663,C664,C665,C668,C669,C670,C673,C675,C676,C679,C682,C685,C686,C687,C708,C709,C712,C713,C716,C718,C719,C722,C725,C727,C728,C729,C751,C752,C755,C756,C759,C761,C764,C765,C766,C791,C792,C793,C796,C797,C800,C801,C803,C806,C809,C811,C812,C813,C837,C838,C839,C842,C843,C846,C847,C849,C850,C853,C856,C857,C858,C859,C888,C889,C890,C893,C894,C895,C898,C899,C902,C905,C906,C907,C908,C932,C933,C934,C937,C938,C941,C942,C944,C947,C950,C953,C954,C955,C958,C980,C981,C982,C985,C986,C989,C990,C992,C995,C998,C1001,C1002,C1003,C1028,C1029,C1030,C1031,C1034,C1035,C1037,C1040,C1043,C1046,C1047,C1048,C1078,C1079,C1080,C1083,C1084,C1085,C1088,C1089,C1091,C1092,C1093,C1096,C1099,C1102,C1124,C1125,C1126,C1128,C1129,C1130,C1133,C1134,C1135,C1136,C1137,C1138,C1141,C1144,C1147,C1149,C1150,C1154,C1157,C1158,C1160,C1161,C1162,C1163,C1164,C1165,C1175,C1176,C1178,C1179,C1182,C1183,C1184,C1185,C1186,C1194,C1196,C1207,C1210,C1214,C1219,C1221,C1230,C1231,C1233,C1234,C1239,C1240,C1243,C1244,C1250,C1251,C1252,C1253,C1254,C1256,C1257,C1258,C1261,C1262,C1263,C1266,C1267,C1268,C1270,C1271,C1274,C1275,C1278,C1279,C1282,C1284,C1289,C1298,C1299,C1301,C1302,C1304,C1305,C1308,C1309,C1310,C1313,C1314,C1315,C1317,C1318,C1319,C1322,C1323,C1326,C1327,C1330,C1332,C1335,C1338,C1348,C1349,C1351,C1352,C1354,C1355,C1358,C1359,C1360,C1363,C1364,C1365,C1367,C1368,C1369,C1372,C1373,C1376,C1377,C1380,C1382,C1387,C1397,C1399,C1402,C1403,C1404,C1406,C1407,C1410,C1411,C1412,C1415,C1416,C1417,C1419,C1420,C1421,C1422,C1425,C1426,C1429,C1430,C1433,C1435,C1440,C1454,C1456,C1459,C1460,C1461,C1462,C1464,C1465,C1466,C1469,C1470,C1471,C1474,C1475,C1476,C1478,C1479,C1480,C1481,C1482,C1485,C1486,C1489,C1490,C1493,C1508,C1510,C1512,C1513,C1514,C1516,C1517,C1519,C1520,C1522,C1523,C1524,C1525,C1526,C1529,C1530,C1531,C1534,C1535,C1536,C1539,C1540,C1542,C1545,C1546,C1549,C1550,C1553,C1561,C1563,C1565,C1566,C1567,C1569,C1570,C1573,C1574,C1576,C1577,C1578,C1579,C1580,C1583,C1584,C1585,C1588,C1589,C1590,C1593,C1594,C1596,C1599,C1600,C1603,C1604,C1607,C1629,C1630,C1631,C1634,C1635,C1636,C1639,C1640,C1641,C1643,C1644,C1645,C1646,C1649,C1650,C1651,C1654,C1655,C1656,C1659,C1660,C1661,C1663,C1664,C1665,C1666,C1667,C1668,C1671,C1672,C1673,C1676,C1677,C1678,C1681,C1682,C1683,C1685,C1688,C1689,C1692,C1693,C1696,C1721,C1722,C1723,C1726,C1727,C1728,C1731,C1732,C1733,C1735,C1736,C1737,C1738,C1739,C1742,C1743,C1744,C1747,C1748,C1749,C1752,C1753,C1754,C1756,C1757,C1758,C1759,C1760,C1761,C1764,C1765,C1766,C1769,C1770,C1771,C1774,C1775,C1776,C1778,C1781,C1782,C1785,C1786,C1789,C1814,C1815,C1816,C1819,C1820,C1821,C1824,C1825,C1826,C1828,C1829,C1830,C1831,C1832,C1833,C1836,C1837,C1838,C1841,C1842,C1843,C1846,C1847,C1848,C1850,C1851,C1852,C1853,C1854,C1855,C1858,C1859,C1860,C1863,C1864,C1865,C1868,C1869,C1870,C1872,C1875,C1878,C1879,C1882,C1886,C1887,C1888,C1889,C1890,C1891,C1892,C1893,C1894,C1895,C1896,C1897,C1898,C1899,C1900,C1901,C1902,C1903,C1904,C1905,C1906,C1907,C1908,C1909,C1910,C1911,C1912,C1915,C1916,C1919,C1920,C1923,C1924",684
LIKHITHA,2026-08-17,206.67,227.74,371.65,218.81,-5.55,-44.39,-9.25,-6.88,"C2,C3,C4,C6,C7,C9,C10,C12,C19,C20,C21,C22,C23,C24,C25,C26,C27,C28,C29,C32,C33,C35,C41,C42,C43,C44,C45,C46,C47,C48,C49,C50,C53,C54,C61,C62,C63,C64,C65,C66,C67,C68,C69,C70,C74,C75,C80,C81,C82,C83,C84,C85,C86,C87,C88,C92,C93,C98,C119,C120,C121,C122,C123,C124,C125,C126,C127,C128,C129,C130,C132,C133,C134,C135,C136,C137,C138,C139,C140,C141,C143,C144,C145,C146,C147,C148,C149,C150,C152,C153,C154,C155,C156,C157,C158,C159,C160,C161,C162,C163,C166,C167,C168,C169,C170,C171,C172,C173,C174,C175,C176,C178,C179,C180,C181,C182,C183,C184,C186,C187,C188,C189,C190,C191,C192,C193,C194,C195,C199,C200,C201,C202,C203,C204,C205,C206,C207,C208,C211,C212,C214,C215,C216,C217,C218,C219,C220,C221,C225,C227,C228,C229,C230,C231,C234,C235,C236,C1157,C1160,C1161,C1162,C1163,C1164,C1165,C1167,C1168,C1169,C1170,C1171,C1172,C1175,C1176,C1177,C1178,C1180,C1182,C1183,C1184,C1187,C1188,C1189,C1190,C1245,C1247,C1248,C1249,C1250,C1251,C1252,C1253,C1254,C1255,C1256,C1257,C1258,C1260,C1261,C1262,C1263,C1265,C1266,C1267,C1268,C1269,C1270,C1271,C1273,C1274,C1275,C1277,C1278,C1279,C1281,C1282,C1283,C1284,C1286,C1288,C1289,C1291,C1292,C1294,C1296,C1297,C1298,C1299,C1301,C1302,C1303,C1304,C1305,C1307,C1308,C1309,C1310,C1312,C1313,C1314,C1315,C1316,C1317,C1318,C1321,C1322,C1323,C1325,C1326,C1327,C1329,C1330,C1331,C1332,C1334,C1335,C1337,C1338,C1340,C1341,C1343,C1345,C1346,C1348,C1349,C1351,C1352,C1353,C1354,C1355,C1357,C1358,C1359,C1360,C1362,C1363,C1364,C1365,C1366,C1367,C1368,C1371,C1372,C1373,C1375,C1376,C1377,C1379,C1380,C1381,C1382,C1384,C1386,C1387,C1389,C1390,C1392,C1394,C1395,C1397,C1399,C1401,C1402,C1403,C1405,C1406,C1407,C1409,C1410,C1411,C1412,C1414,C1415,C1416,C1417,C1418,C1419,C1420,C1424,C1425,C1426,C1428,C1429,C1430,C1432,C1433,C1434,C1435,C1437,C1439,C1440,C1442,C1444,C1445,C1447,C1448,C1450,C1451,C1452,C1454,C1456,C1458,C1459,C1460,C1461,C1463,C1464,C1465,C1466,C1468,C1469,C1470,C1471,C1473,C1474,C1475,C1476,C1477,C1478,C1479,C1480,C1484,C1485,C1486,C1488,C1489,C1490,C1492,C1493,C1494,C1496,C1498,C1500,C1502,C1504,C1506,C1508,C1510,C1512,C1513,C1514,C1516,C1517,C1519,C1520,C1522,C1523,C1524,C1525,C1528,C1529,C1530,C1531,C1533,C1534,C1535,C1536,C1538,C1539,C1540,C1541,C1542,C1544,C1545,C1546,C1548,C1549,C1550,C1552,C1553,C1555,C1557,C1559,C1561,C1563,C1565,C1566,C1567,C1569,C1570,C1572,C1573,C1574,C1576,C1577,C1578,C1579,C1582,C1583,C1584,C1585,C1587,C1588,C1589,C1590,C1592,C1593,C1594,C1595,C1596,C1598,C1599,C1600,C1602,C1603,C1604,C1606,C1607,C1609,C1610,C1611,C1613,C1614,C1615,C1616,C1618,C1619,C1620,C1621,C1622,C1623,C1624,C1625,C1628,C1629,C1630,C1631,C1633,C1634,C1635,C1636,C1638,C1639,C1640,C1641,C1642,C1643,C1644,C1645,C1648,C1649,C1650,C1651,C1653,C1654,C1655,C1656,C1658,C1659,C1660,C1661,C1662,C1663,C1664,C1665,C1670,C1671,C1672,C1673,C1675,C1676,C1677,C1678,C1680,C1681,C1682,C1683,C1684,C1685,C1687,C1688,C1689,C1691,C1692,C1693,C1695,C1696,C1698,C1699,C1700,C1701,C1703,C1704,C1705,C1706,C1708,C1709,C1710,C1711,C1712,C1713,C1714,C1715,C1720,C1721,C1722,C1723,C1725,C1726,C1727,C1728,C1730,C1731,C1732,C1733,C1734,C1735,C1736,C1737,C1741,C1742,C1743,C1744,C1746,C1747,C1748,C1749,C1751,C1752,C1753,C1754,C1755,C1756,C1757,C1758,C1763,C1764,C1765,C1766,C1768,C1769,C1770,C1771,C1773,C1774,C1775,C1776,C1777,C1778,C1780,C1781,C1782,C1784,C1785,C1786,C1788,C1789,C1791,C1792,C1793,C1794,C1796,C1797,C1798,C1799,C1801,C1802,C1803,C1804,C1805,C1806,C1807,C1808,C1813,C1814,C1815,C1816,C1818,C1819,C1820,C1821,C1823,C1824,C1825,C1826,C1827,C1828,C1829,C1830,C1835,C1836,C1837,C1838,C1840,C1841,C1842,C1843,C1845,C1846,C1847,C1848,C1849,C1850,C1851,C1852,C1857,C1858,C1859,C1860,C1862,C1863,C1864,C1865,C1867,C1868,C1869,C1870,C1871,C1872,C1874,C1875,C1877,C1878,C1879,C1881,C1882",654
VIKRAN,2026-08-17,62.54,65.16,118.4,65.01,-3.8,-47.18,-4.02,-12.64,"C14,C36,C56,C76,C94,C143,C144,C145,C146,C147,C148,C178,C179,C180,C181,C182,C211,C235,C261,C262,C263,C264,C265,C266,C267,C268,C269,C273,C274,C275,C276,C277,C278,C308,C309,C310,C311,C312,C313,C314,C315,C316,C318,C319,C320,C321,C322,C323,C351,C352,C353,C354,C355,C356,C357,C358,C359,C363,C364,C365,C366,C367,C368,C402,C403,C404,C405,C406,C407,C408,C409,C410,C414,C415,C416,C417,C418,C419,C454,C455,C456,C457,C458,C459,C463,C464,C465,C466,C467,C468,C496,C497,C498,C499,C500,C501,C502,C503,C504,C507,C508,C509,C510,C537,C538,C539,C540,C541,C542,C543,C544,C545,C548,C549,C550,C551,C576,C577,C578,C579,C580,C581,C582,C583,C584,C587,C588,C589,C590,C591,C627,C628,C629,C630,C631,C632,C633,C634,C635,C637,C638,C639,C677,C678,C679,C680,C681,C682,C683,C684,C685,C688,C689,C690,C691,C720,C721,C722,C723,C724,C725,C726,C727,C730,C731,C732,C733,C734,C762,C763,C764,C767,C768,C769,C770,C771,C804,C805,C806,C807,C808,C809,C810,C811,C814,C815,C816,C817,C818,C851,C852,C853,C854,C855,C856,C857,C860,C861,C862,C863,C864,C900,C901,C902,C903,C904,C905,C906,C909,C910,C911,C912,C913,C1158,C1159,C1164,C1202,C1204,C1217,C1218,C1219,C1220,C1221,C1255,C1256,C1257,C1258,C1259,C1260,C1261,C1262,C1263,C1264,C1265,C1266,C1267,C1268,C1272,C1273,C1274,C1275,C1276,C1277,C1278,C1279,C1280,C1281,C1282,C1285,C1286,C1287,C1288,C1289,C1290,C1291,C1303,C1304,C1305,C1306,C1307,C1308,C1309,C1310,C1311,C1312,C1313,C1314,C1315,C1320,C1321,C1322,C1323,C1324,C1325,C1326,C1327,C1328,C1329,C1330,C1333,C1334,C1335,C1336,C1337,C1338,C1339,C1340,C1353,C1354,C1355,C1356,C1357,C1358,C1359,C1360,C1361,C1362,C1363,C1364,C1365,C1370,C1371,C1372,C1373,C1374,C1375,C1376,C1377,C1378,C1379,C1380,C1383,C1384,C1385,C1386,C1387,C1388,C1389,C1405,C1406,C1407,C1408,C1409,C1410,C1411,C1412,C1413,C1414,C1415,C1416,C1417,C1423,C1424,C1425,C1426,C1427,C1428,C1429,C1430,C1431,C1432,C1433,C1436,C1437,C1438,C1439,C1440,C1441,C1442,C1463,C1464,C1465,C1466,C1467,C1468,C1469,C1470,C1471,C1472,C1473,C1474,C1475,C1476,C1483,C1484,C1485,C1486,C1487,C1488,C1489,C1490,C1491,C1492,C1493,C1495,C1496,C1497,C1498,C1499,C1500,C1515,C1516,C1517,C1518,C1519,C1520,C1521,C1522,C1523,C1527,C1528,C1529,C1530,C1531,C1532,C1533,C1534,C1535,C1536,C1537,C1538,C1539,C1540,C1543,C1544,C1545,C1546,C1547,C1548,C1549,C1550,C1551,C1552,C1553,C1568,C1569,C1570,C1571,C1572,C1573,C1574,C1575,C1576,C1577,C1581,C1582,C1583,C1584,C1585,C1586,C1587,C1588,C1589,C1590,C1591,C1592,C1593,C1594,C1597,C1598,C1599,C1600,C1601,C1602,C1603,C1604,C1605,C1606,C1607,C1647,C1648,C1649,C1650,C1651,C1652,C1653,C1654,C1655,C1656,C1657,C1658,C1659,C1660,C1661,C1669,C1670,C1671,C1672,C1673,C1674,C1675,C1676,C1677,C1678,C1679,C1680,C1681,C1682,C1683,C1686,C1687,C1688,C1689,C1690,C1691,C1692,C1693,C1694,C1695,C1696,C1740,C1741,C1742,C1743,C1744,C1745,C1746,C1747,C1748,C1749,C1750,C1751,C1752,C1753,C1754,C1762,C1763,C1764,C1765,C1766,C1767,C1768,C1769,C1770,C1771,C1772,C1773,C1774,C1775,C1776,C1779,C1780,C1781,C1782,C1783,C1784,C1785,C1786,C1787,C1788,C1789,C1834,C1835,C1836,C1837,C1838,C1839,C1840,C1841,C1842,C1843,C1844,C1845,C1846,C1847,C1848,C1856,C1857,C1858,C1859,C1860,C1861,C1862,C1863,C1864,C1865,C1866,C1867,C1868,C1869,C1870,C1873,C1874,C1875,C1876,C1877,C1878,C1879,C1880,C1881,C1882,C1893,C1894,C1895,C1896,C1897,C1898,C1902,C1903,C1904,C1905,C1906,C1907,C1908,C1909,C1910,C1913,C1914,C1915,C1916,C1917,C1918,C1919,C1920,C1921,C1922,C1923,C1924",598
VASWANI,2026-08-17,47.96,53.04,69.99,50.5,-5.03,-31.48,-9.58,-8.02,"C21,C26,C29,C43,C44,C47,C50,C51,C63,C65,C67,C70,C72,C81,C83,C85,C88,C90,C121,C124,C127,C130,C133,C136,C139,C154,C157,C160,C163,C165,C168,C171,C174,C187,C190,C192,C195,C197,C200,C203,C205,C208,C210,C214,C217,C221,C223,C225,C228,C230,C240,C244,C248,C250,C251,C255,C283,C287,C291,C293,C298,C302,C327,C331,C335,C337,C341,C345,C373,C374,C380,C381,C383,C385,C389,C390,C394,C398,C423,C424,C428,C429,C433,C434,C435,C436,C438,C442,C443,C447,C472,C476,C480,C486,C490,C514,C518,C522,C528,C555,C556,C560,C561,C565,C567,C571,C595,C596,C600,C601,C605,C606,C608,C609,C611,C615,C616,C620,C643,C644,C647,C648,C652,C653,C656,C657,C659,C660,C664,C665,C669,C670,C695,C699,C703,C709,C713,C739,C743,C752,C756,C775,C776,C780,C781,C785,C788,C792,C793,C797,C801,C823,C824,C828,C829,C832,C834,C838,C839,C843,C847,C868,C869,C873,C874,C878,C879,C882,C883,C885,C889,C890,C894,C895,C917,C918,C922,C926,C929,C933,C934,C938,C942,C965,C966,C970,C974,C977,C981,C982,C986,C990,C1013,C1014,C1018,C1019,C1023,C1024,C1027,C1030,C1031,C1035,C1058,C1059,C1063,C1064,C1068,C1069,C1072,C1073,C1075,C1079,C1080,C1084,C1085,C1089,C1092,C1111,C1112,C1113,C1114,C1116,C1117,C1119,C1120,C1122,C1123,C1125,C1126,C1129,C1130,C1134,C1135,C1137,C1160,C1161,C1162,C1163,C1166,C1167,C1169,C1172,C1174,C1180,C1181,C1184,C1185,C1198,C1199,C1207,C1210,C1225,C1226,C1229,C1230,C1231,C1233,C1239,C1240,C1245,C1247,C1248,C1249,C1250,C1251,C1252,C1253,C1254,C1257,C1258,C1262,C1263,C1267,C1268,C1270,C1271,C1275,C1279,C1292,C1294,C1296,C1297,C1298,C1299,C1301,C1302,C1304,C1305,C1309,C1310,C1314,C1315,C1317,C1318,C1319,C1323,C1327,C1341,C1343,C1345,C1346,C1347,C1348,C1349,C1351,C1352,C1354,C1355,C1359,C1360,C1364,C1365,C1367,C1368,C1369,C1373,C1377,C1390,C1392,C1394,C1395,C1396,C1397,C1399,C1402,C1403,C1404,C1406,C1407,C1411,C1412,C1416,C1417,C1419,C1420,C1421,C1422,C1426,C1430,C1445,C1448,C1451,C1452,C1453,C1454,C1456,C1459,C1460,C1461,C1462,C1465,C1466,C1470,C1471,C1475,C1476,C1479,C1480,C1481,C1482,C1486,C1490,C1502,C1504,C1506,C1508,C1510,C1512,C1513,C1514,C1516,C1517,C1519,C1520,C1522,C1523,C1524,C1525,C1526,C1530,C1531,C1535,C1536,C1540,C1546,C1550,C1555,C1557,C1559,C1561,C1563,C1565,C1566,C1567,C1569,C1570,C1573,C1574,C1576,C1577,C1578,C1579,C1580,C1584,C1585,C1589,C1590,C1594,C1600,C1604,C1610,C1611,C1615,C1616,C1620,C1621,C1624,C1625,C1630,C1631,C1635,C1636,C1640,C1641,C1644,C1645,C1650,C1651,C1655,C1656,C1660,C1661,C1664,C1665,C1667,C1668,C1672,C1673,C1677,C1678,C1682,C1683,C1689,C1693,C1700,C1701,C1705,C1706,C1710,C1711,C1714,C1715,C1717,C1718,C1722,C1723,C1727,C1728,C1732,C1733,C1736,C1737,C1739,C1743,C1744,C1748,C1749,C1753,C1754,C1757,C1758,C1760,C1761,C1765,C1766,C1770,C1771,C1775,C1776,C1782,C1786,C1793,C1794,C1798,C1799,C1803,C1804,C1807,C1808,C1810,C1811,C1815,C1816,C1820,C1821,C1825,C1826,C1829,C1830,C1832,C1833,C1837,C1838,C1842,C1843,C1847,C1848,C1851,C1852,C1854,C1855,C1859,C1860,C1864,C1865,C1869,C1870,C1879,C1883,C1884,C1885,C1886,C1887,C1888,C1889,C1890,C1891,C1893,C1894,C1895,C1896,C1897,C1898,C1899,C1900,C1901,C1903,C1904,C1906,C1907,C1909,C1910,C1912,C1916,C1920,C1924",546
ASIANTILES,2026-08-17,47.97,53.16,79.06,52.53,-8.68,-39.32,-9.76,-12.96,"C3,C10,C20,C21,C23,C25,C26,C28,C29,C30,C33,C98,C120,C121,C123,C124,C126,C127,C129,C130,C131,C133,C135,C136,C138,C139,C141,C142,C144,C146,C148,C150,C151,C153,C154,C156,C157,C159,C160,C162,C163,C164,C165,C167,C168,C170,C171,C173,C174,C176,C177,C179,C180,C182,C184,C185,C225,C226,C227,C228,C230,C232,C239,C240,C243,C244,C247,C248,C249,C250,C251,C254,C255,C258,C260,C263,C266,C269,C271,C272,C282,C283,C286,C287,C290,C291,C292,C293,C294,C297,C298,C301,C302,C305,C307,C310,C313,C316,C317,C326,C327,C330,C331,C334,C335,C336,C337,C340,C341,C344,C345,C348,C350,C353,C356,C359,C361,C362,C471,C472,C475,C476,C479,C480,C482,C485,C486,C489,C490,C493,C495,C498,C501,C504,C505,C506,C513,C514,C517,C518,C521,C522,C524,C527,C528,C531,C534,C536,C539,C542,C545,C546,C547,C554,C555,C556,C559,C560,C561,C564,C565,C566,C567,C570,C571,C572,C573,C575,C578,C581,C584,C585,C586,C694,C695,C698,C699,C702,C703,C705,C708,C709,C712,C713,C716,C718,C719,C722,C725,C727,C728,C729,C738,C739,C742,C743,C746,C748,C751,C752,C755,C756,C759,C761,C764,C765,C766,C774,C775,C776,C779,C780,C781,C784,C785,C787,C788,C791,C792,C793,C796,C797,C800,C801,C803,C806,C809,C811,C812,C813,C916,C917,C918,C921,C922,C925,C926,C928,C929,C932,C933,C934,C937,C938,C941,C942,C944,C947,C950,C953,C954,C955,C958,C964,C965,C966,C969,C970,C973,C974,C976,C977,C980,C981,C982,C985,C986,C989,C990,C992,C995,C998,C1001,C1002,C1003,C1012,C1013,C1014,C1017,C1018,C1019,C1022,C1023,C1024,C1026,C1027,C1028,C1029,C1030,C1031,C1034,C1035,C1037,C1040,C1043,C1046,C1047,C1048,C1157,C1160,C1161,C1162,C1163,C1164,C1165,C1166,C1167,C1168,C1169,C1170,C1171,C1172,C1173,C1174,C1175,C1176,C1178,C1179,C1180,C1181,C1182,C1183,C1184,C1185,C1186,C1191,C1194,C1196,C1207,C1210,C1219,C1221,C1239,C1240,C1245,C1247,C1248,C1249,C1250,C1251,C1252,C1253,C1254,C1256,C1257,C1258,C1261,C1262,C1263,C1266,C1267,C1268,C1270,C1271,C1274,C1275,C1278,C1279,C1282,C1284,C1289,C1292,C1294,C1296,C1297,C1298,C1299,C1301,C1302,C1304,C1305,C1308,C1309,C1310,C1313,C1314,C1315,C1317,C1318,C1319,C1322,C1323,C1326,C1327,C1330,C1332,C1335,C1338,C1502,C1504,C1506,C1508,C1510,C1512,C1513,C1514,C1516,C1517,C1519,C1520,C1522,C1523,C1524,C1525,C1526,C1529,C1530,C1531,C1534,C1535,C1536,C1539,C1540,C1542,C1545,C1546,C1549,C1550,C1553,C1555,C1557,C1559,C1561,C1563,C1565,C1566,C1567,C1569,C1570,C1573,C1574,C1576,C1577,C1578,C1579,C1580,C1583,C1584,C1585,C1588,C1589,C1590,C1593,C1594,C1596,C1599,C1600,C1603,C1604,C1607,C1609,C1610,C1611,C1614,C1615,C1616,C1619,C1620,C1621,C1623,C1624,C1625,C1626,C1629,C1630,C1631,C1634,C1635,C1636,C1639,C1640,C1641,C1643,C1644,C1645,C1646,C1649,C1650,C1651,C1654,C1655,C1656,C1659,C1660,C1661,C1663,C1664,C1665,C1666,C1667,C1668,C1671,C1672,C1673,C1676,C1677,C1678,C1681,C1682,C1683,C1685,C1688,C1689,C1692,C1693,C1696,C1883,C1884,C1885,C1886,C1887,C1888,C1889,C1890,C1891,C1892,C1893,C1894,C1895,C1896,C1897,C1898,C1899,C1900,C1901,C1902,C1903,C1904,C1905,C1906,C1907,C1908,C1909,C1910,C1911,C1912,C1915,C1916,C1919,C1920,C1923,C1924",542
PARAGMILK,2026-08-17,207.29,218.12,376.95,214.5,-3.36,-45.01,-4.97,-7.14,"C14,C36,C56,C76,C94,C143,C144,C145,C146,C147,C148,C178,C179,C180,C181,C182,C211,C235,C261,C262,C263,C264,C265,C266,C267,C268,C269,C273,C274,C275,C276,C277,C278,C308,C309,C310,C311,C312,C313,C314,C315,C316,C318,C319,C320,C321,C322,C323,C351,C352,C353,C354,C355,C356,C357,C358,C359,C363,C364,C365,C366,C367,C368,C402,C403,C404,C405,C406,C407,C408,C409,C410,C414,C415,C416,C417,C418,C419,C454,C455,C456,C457,C458,C459,C463,C464,C465,C466,C467,C468,C496,C497,C498,C499,C500,C501,C502,C503,C504,C507,C508,C509,C510,C537,C538,C539,C540,C541,C542,C543,C544,C545,C548,C549,C550,C551,C576,C577,C578,C579,C580,C581,C582,C583,C584,C587,C588,C589,C590,C591,C627,C628,C629,C630,C631,C632,C633,C634,C635,C637,C638,C639,C677,C678,C679,C680,C681,C682,C683,C684,C685,C688,C689,C690,C691,C1158,C1159,C1164,C1202,C1204,C1255,C1256,C1257,C1258,C1259,C1260,C1261,C1262,C1263,C1264,C1265,C1266,C1267,C1268,C1272,C1273,C1274,C1275,C1276,C1277,C1278,C1279,C1280,C1281,C1282,C1285,C1286,C1287,C1288,C1289,C1290,C1291,C1303,C1304,C1305,C1306,C1307,C1308,C1309,C1310,C1311,C1312,C1313,C1314,C1315,C1320,C1321,C1322,C1323,C1324,C1325,C1326,C1327,C1328,C1329,C1330,C1333,C1334,C1335,C1336,C1337,C1338,C1339,C1340,C1353,C1354,C1355,C1356,C1357,C1358,C1359,C1360,C1361,C1362,C1363,C1364,C1365,C1370,C1371,C1372,C1373,C1374,C1375,C1376,C1377,C1378,C1379,C1380,C1383,C1384,C1385,C1386,C1387,C1388,C1389,C1405,C1406,C1407,C1408,C1409,C1410,C1411,C1412,C1413,C1414,C1415,C1416,C1417,C1423,C1424,C1425,C1426,C1427,C1428,C1429,C1430,C1431,C1432,C1433,C1436,C1437,C1438,C1439,C1440,C1441,C1442,C1463,C1464,C1465,C1466,C1467,C1468,C1469,C1470,C1471,C1472,C1473,C1474,C1475,C1476,C1483,C1484,C1485,C1486,C1487,C1488,C1489,C1490,C1491,C1492,C1493,C1495,C1496,C1497,C1498,C1499,C1500,C1515,C1516,C1517,C1518,C1519,C1520,C1521,C1522,C1523,C1527,C1528,C1529,C1530,C1531,C1532,C1533,C1534,C1535,C1536,C1537,C1538,C1539,C1540,C1543,C1544,C1545,C1546,C1547,C1548,C1549,C1550,C1551,C1552,C1553,C1568,C1569,C1570,C1571,C1572,C1573,C1574,C1575,C1576,C1577,C1581,C1582,C1583,C1584,C1585,C1586,C1587,C1588,C1589,C1590,C1591,C1592,C1593,C1594,C1597,C1598,C1599,C1600,C1601,C1602,C1603,C1604,C1605,C1606,C1607,C1647,C1648,C1649,C1650,C1651,C1652,C1653,C1654,C1655,C1656,C1657,C1658,C1659,C1660,C1661,C1669,C1670,C1671,C1672,C1673,C1674,C1675,C1676,C1677,C1678,C1679,C1680,C1681,C1682,C1683,C1686,C1687,C1688,C1689,C1690,C1691,C1692,C1693,C1694,C1695,C1696,C1740,C1741,C1742,C1743,C1744,C1745,C1746,C1747,C1748,C1749,C1750,C1751,C1752,C1753,C1754,C1762,C1763,C1764,C1765,C1766,C1767,C1768,C1769,C1770,C1771,C1772,C1773,C1774,C1775,C1776,C1779,C1780,C1781,C1782,C1783,C1784,C1785,C1786,C1787,C1788,C1789,C1834,C1835,C1836,C1837,C1838,C1839,C1840,C1841,C1842,C1843,C1844,C1845,C1846,C1847,C1848,C1856,C1857,C1858,C1859,C1860,C1861,C1862,C1863,C1864,C1865,C1866,C1867,C1868,C1869,C1870,C1873,C1874,C1875,C1876,C1877,C1878,C1879,C1880,C1881,C1882,C1893,C1894,C1895,C1896,C1897,C1898,C1902,C1903,C1904,C1905,C1906,C1907,C1908,C1909,C1910,C1913,C1914,C1915,C1916,C1917,C1918,C1919,C1920,C1921,C1922,C1923,C1924",535
EPACKPEB,2026-08-17,221.55,238.55,344.0,234.1,-5.36,-35.6,-7.13,-10.05,"C3,C10,C20,C21,C23,C25,C26,C28,C29,C30,C33,C42,C43,C44,C46,C47,C49,C50,C51,C54,C62,C63,C64,C65,C66,C67,C69,C70,C71,C72,C75,C80,C81,C82,C83,C84,C85,C87,C88,C89,C90,C93,C98,C120,C121,C123,C124,C126,C127,C129,C130,C131,C133,C135,C136,C138,C139,C141,C142,C144,C146,C148,C150,C151,C153,C154,C156,C157,C159,C160,C162,C163,C164,C165,C167,C168,C170,C171,C173,C174,C176,C177,C179,C180,C182,C184,C185,C187,C189,C190,C191,C192,C194,C195,C196,C197,C198,C200,C202,C203,C204,C205,C207,C208,C209,C210,C211,C212,C213,C214,C216,C217,C218,C220,C221,C222,C223,C224,C225,C226,C227,C228,C230,C232,C233,C235,C236,C1157,C1160,C1161,C1162,C1163,C1164,C1165,C1166,C1167,C1168,C1169,C1170,C1171,C1172,C1173,C1174,C1175,C1176,C1178,C1179,C1180,C1181,C1182,C1183,C1184,C1185,C1186,C1188,C1245,C1247,C1248,C1249,C1250,C1251,C1252,C1253,C1254,C1256,C1257,C1258,C1261,C1262,C1263,C1266,C1267,C1268,C1270,C1271,C1274,C1275,C1278,C1279,C1282,C1284,C1289,C1292,C1294,C1296,C1297,C1298,C1299,C1301,C1302,C1304,C1305,C1308,C1309,C1310,C1313,C1314,C1315,C1317,C1318,C1319,C1322,C1323,C1326,C1327,C1330,C1332,C1335,C1338,C1341,C1343,C1345,C1346,C1347,C1348,C1349,C1351,C1352,C1354,C1355,C1358,C1359,C1360,C1363,C1364,C1365,C1367,C1368,C1369,C1372,C1373,C1376,C1377,C1380,C1382,C1387,C1390,C1392,C1394,C1395,C1396,C1397,C1399,C1402,C1403,C1404,C1406,C1407,C1410,C1411,C1412,C1415,C1416,C1417,C1419,C1420,C1421,C1422,C1425,C1426,C1429,C1430,C1433,C1435,C1440,C1445,C1448,C1451,C1452,C1453,C1454,C1456,C1459,C1460,C1461,C1462,C1464,C1465,C1466,C1469,C1470,C1471,C1474,C1475,C1476,C1478,C1479,C1480,C1481,C1482,C1485,C1486,C1489,C1490,C1493,C1502,C1504,C1506,C1508,C1510,C1512,C1513,C1514,C1516,C1517,C1519,C1520,C1522,C1523,C1524,C1525,C1526,C1529,C1530,C1531,C1534,C1535,C1536,C1539,C1540,C1542,C1545,C1546,C1549,C1550,C1553,C1555,C1557,C1559,C1561,C1563,C1565,C1566,C1567,C1569,C1570,C1573,C1574,C1576,C1577,C1578,C1579,C1580,C1583,C1584,C1585,C1588,C1589,C1590,C1593,C1594,C1596,C1599,C1600,C1603,C1604,C1607,C1609,C1610,C1611,C1614,C1615,C1616,C1619,C1620,C1621,C1623,C1624,C1625,C1626,C1629,C1630,C1631,C1634,C1635,C1636,C1639,C1640,C1641,C1643,C1644,C1645,C1646,C1649,C1650,C1651,C1654,C1655,C1656,C1659,C1660,C1661,C1663,C1664,C1665,C1666,C1667,C1668,C1671,C1672,C1673,C1676,C1677,C1678,C1681,C1682,C1683,C1685,C1688,C1689,C1692,C1693,C1696,C1699,C1700,C1701,C1704,C1705,C1706,C1709,C1710,C1711,C1713,C1714,C1715,C1716,C1717,C1718,C1721,C1722,C1723,C1726,C1727,C1728,C1731,C1732,C1733,C1735,C1736,C1737,C1738,C1739,C1742,C1743,C1744,C1747,C1748,C1749,C1752,C1753,C1754,C1756,C1757,C1758,C1759,C1760,C1761,C1764,C1765,C1766,C1769,C1770,C1771,C1774,C1775,C1776,C1778,C1781,C1782,C1785,C1786,C1789,C1792,C1793,C1794,C1797,C1798,C1799,C1802,C1803,C1804,C1806,C1807,C1808,C1809,C1810,C1811,C1814,C1815,C1816,C1819,C1820,C1821,C1824,C1825,C1826,C1828,C1829,C1830,C1831,C1832,C1833,C1836,C1837,C1838,C1841,C1842,C1843,C1846,C1847,C1848,C1850,C1851,C1852,C1853,C1854,C1855,C1858,C1859,C1860,C1863,C1864,C1865,C1868,C1869,C1870,C1872,C1875,C1878,C1879,C1882",531
AGROPHOS,2026-08-17,26.39,28.24,47.6,27.8,-5.07,-44.56,-6.55,-7.08,"C2,C3,C4,C6,C7,C9,C10,C12,C19,C20,C21,C22,C23,C24,C25,C26,C27,C28,C29,C32,C33,C35,C41,C42,C43,C44,C45,C46,C47,C48,C49,C50,C53,C54,C61,C62,C63,C64,C65,C66,C67,C68,C69,C70,C74,C75,C80,C81,C82,C83,C84,C85,C86,C87,C88,C92,C93,C187,C188,C189,C190,C191,C192,C193,C194,C195,C199,C200,C201,C202,C203,C204,C205,C206,C207,C208,C211,C212,C214,C215,C216,C217,C218,C219,C220,C221,C225,C227,C228,C229,C230,C231,C234,C235,C236,C274,C276,C278,C279,C319,C321,C323,C364,C366,C368,C369,C415,C417,C419,C464,C466,C468,C508,C510,C549,C551,C588,C590,C591,C639,C689,C691,C731,C733,C734,C735,C768,C770,C771,C815,C817,C818,C819,C861,C863,C864,C910,C912,C913,C957,C958,C960,C961,C1005,C1007,C1008,C1009,C1050,C1052,C1053,C1054,C1104,C1106,C1107,C1108,C1151,C1153,C1154,C1155,C1156,C1157,C1159,C1160,C1161,C1162,C1163,C1164,C1165,C1167,C1168,C1169,C1170,C1171,C1172,C1175,C1176,C1177,C1178,C1180,C1182,C1183,C1184,C1187,C1188,C1189,C1190,C1197,C1201,C1203,C1204,C1205,C1206,C1213,C1215,C1216,C1222,C1228,C1235,C1236,C1245,C1247,C1248,C1249,C1250,C1251,C1252,C1253,C1254,C1255,C1256,C1257,C1258,C1260,C1261,C1262,C1263,C1265,C1266,C1267,C1268,C1269,C1270,C1271,C1273,C1274,C1275,C1277,C1278,C1279,C1281,C1282,C1283,C1284,C1286,C1288,C1289,C1291,C1292,C1294,C1296,C1297,C1298,C1299,C1301,C1302,C1303,C1304,C1305,C1307,C1308,C1309,C1310,C1312,C1313,C1314,C1315,C1316,C1317,C1318,C1321,C1322,C1323,C1325,C1326,C1327,C1329,C1330,C1331,C1332,C1334,C1335,C1337,C1338,C1340,C1341,C1343,C1345,C1346,C1348,C1349,C1351,C1352,C1353,C1354,C1355,C1357,C1358,C1359,C1360,C1362,C1363,C1364,C1365,C1366,C1367,C1368,C1371,C1372,C1373,C1375,C1376,C1377,C1379,C1380,C1381,C1382,C1384,C1386,C1387,C1389,C1390,C1392,C1394,C1395,C1397,C1399,C1401,C1402,C1403,C1405,C1406,C1407,C1409,C1410,C1411,C1412,C1414,C1415,C1416,C1417,C1418,C1419,C1420,C1424,C1425,C1426,C1428,C1429,C1430,C1432,C1433,C1434,C1435,C1437,C1439,C1440,C1442,C1444,C1445,C1447,C1448,C1450,C1451,C1452,C1454,C1456,C1458,C1459,C1460,C1461,C1463,C1464,C1465,C1466,C1468,C1469,C1470,C1471,C1473,C1474,C1475,C1476,C1477,C1478,C1479,C1480,C1484,C1485,C1486,C1488,C1489,C1490,C1492,C1493,C1494,C1496,C1498,C1500,C1528,C1529,C1530,C1531,C1533,C1534,C1535,C1536,C1538,C1539,C1540,C1541,C1542,C1544,C1545,C1546,C1548,C1549,C1550,C1552,C1553,C1582,C1583,C1584,C1585,C1587,C1588,C1589,C1590,C1592,C1593,C1594,C1595,C1596,C1598,C1599,C1600,C1602,C1603,C1604,C1606,C1607,C1670,C1671,C1672,C1673,C1675,C1676,C1677,C1678,C1680,C1681,C1682,C1683,C1684,C1685,C1687,C1688,C1689,C1691,C1692,C1693,C1695,C1696,C1763,C1764,C1765,C1766,C1768,C1769,C1770,C1771,C1773,C1774,C1775,C1776,C1777,C1778,C1780,C1781,C1782,C1784,C1785,C1786,C1788,C1789,C1857,C1858,C1859,C1860,C1862,C1863,C1864,C1865,C1867,C1868,C1869,C1870,C1871,C1872,C1874,C1875,C1877,C1878,C1879,C1881,C1882,C1902,C1903,C1904,C1905,C1906,C1907,C1908,C1909,C1910,C1911,C1912,C1914,C1915,C1916,C1918,C1919,C1920,C1922,C1923,C1924,C1925",516
RESPONIND,2026-08-17,159.01,168.71,271.5,166.0,-4.21,-41.43,-5.75,-6.16,"C9,C10,C12,C32,C33,C35,C53,C54,C74,C75,C92,C93,C98,C132,C133,C134,C135,C136,C137,C138,C139,C140,C141,C143,C144,C145,C146,C147,C148,C149,C150,C166,C167,C168,C169,C170,C171,C172,C173,C174,C175,C176,C178,C179,C180,C181,C182,C183,C184,C187,C188,C189,C190,C191,C192,C193,C194,C195,C200,C201,C202,C203,C204,C205,C206,C207,C208,C211,C212,C214,C215,C216,C217,C218,C219,C220,C221,C227,C228,C229,C230,C231,C234,C235,C236,C1157,C1160,C1161,C1162,C1163,C1164,C1165,C1175,C1176,C1177,C1178,C1182,C1183,C1184,C1189,C1250,C1251,C1252,C1253,C1254,C1255,C1256,C1257,C1258,C1260,C1261,C1262,C1263,C1265,C1266,C1267,C1268,C1269,C1270,C1271,C1273,C1274,C1275,C1277,C1278,C1279,C1281,C1282,C1283,C1284,C1286,C1288,C1289,C1291,C1298,C1299,C1301,C1302,C1303,C1304,C1305,C1307,C1308,C1309,C1310,C1312,C1313,C1314,C1315,C1316,C1317,C1318,C1321,C1322,C1323,C1325,C1326,C1327,C1329,C1330,C1331,C1332,C1334,C1335,C1337,C1338,C1340,C1348,C1349,C1351,C1352,C1353,C1354,C1355,C1357,C1358,C1359,C1360,C1362,C1363,C1364,C1365,C1366,C1367,C1368,C1371,C1372,C1373,C1375,C1376,C1377,C1379,C1380,C1381,C1382,C1384,C1386,C1387,C1389,C1397,C1399,C1401,C1402,C1403,C1405,C1406,C1407,C1409,C1410,C1411,C1412,C1414,C1415,C1416,C1417,C1418,C1419,C1420,C1424,C1425,C1426,C1428,C1429,C1430,C1432,C1433,C1434,C1435,C1437,C1439,C1440,C1442,C1454,C1456,C1458,C1459,C1460,C1461,C1463,C1464,C1465,C1466,C1468,C1469,C1470,C1471,C1473,C1474,C1475,C1476,C1477,C1478,C1479,C1480,C1484,C1485,C1486,C1488,C1489,C1490,C1492,C1493,C1494,C1496,C1498,C1500,C1508,C1510,C1512,C1513,C1514,C1516,C1517,C1519,C1520,C1522,C1523,C1524,C1525,C1528,C1529,C1530,C1531,C1533,C1534,C1535,C1536,C1538,C1539,C1540,C1541,C1542,C1544,C1545,C1546,C1548,C1549,C1550,C1552,C1553,C1561,C1563,C1565,C1566,C1567,C1569,C1570,C1572,C1573,C1574,C1576,C1577,C1578,C1579,C1582,C1583,C1584,C1585,C1587,C1588,C1589,C1590,C1592,C1593,C1594,C1595,C1596,C1598,C1599,C1600,C1602,C1603,C1604,C1606,C1607,C1628,C1629,C1630,C1631,C1633,C1634,C1635,C1636,C1638,C1639,C1640,C1641,C1642,C1643,C1644,C1645,C1648,C1649,C1650,C1651,C1653,C1654,C1655,C1656,C1658,C1659,C1660,C1661,C1662,C1663,C1664,C1665,C1670,C1671,C1672,C1673,C1675,C1676,C1677,C1678,C1680,C1681,C1682,C1683,C1684,C1685,C1687,C1688,C1689,C1691,C1692,C1693,C1695,C1696,C1720,C1721,C1722,C1723,C1725,C1726,C1727,C1728,C1730,C1731,C1732,C1733,C1734,C1735,C1736,C1737,C1741,C1742,C1743,C1744,C1746,C1747,C1748,C1749,C1751,C1752,C1753,C1754,C1755,C1756,C1757,C1758,C1763,C1764,C1765,C1766,C1768,C1769,C1770,C1771,C1773,C1774,C1775,C1776,C1777,C1778,C1780,C1781,C1782,C1784,C1785,C1786,C1788,C1789,C1813,C1814,C1815,C1816,C1818,C1819,C1820,C1821,C1823,C1824,C1825,C1826,C1827,C1828,C1829,C1830,C1835,C1836,C1837,C1838,C1840,C1841,C1842,C1843,C1845,C1846,C1847,C1848,C1849,C1850,C1851,C1852,C1857,C1858,C1859,C1860,C1862,C1863,C1864,C1865,C1867,C1868,C1869,C1870,C1871,C1872,C1874,C1875,C1877,C1878,C1879,C1881,C1882",496
TIRUMALCHM,2026-08-17,154.73,160.8,341.0,160.09,-3.35,-54.62,-3.77,-7.77,"C14,C36,C56,C76,C94,C143,C144,C145,C146,C178,C179,C180,C211,C235,C261,C262,C263,C264,C265,C266,C273,C274,C275,C276,C308,C309,C310,C311,C312,C313,C318,C319,C320,C321,C351,C352,C353,C354,C355,C356,C363,C364,C365,C366,C402,C403,C404,C405,C406,C407,C414,C415,C416,C417,C454,C455,C456,C463,C464,C465,C466,C496,C497,C498,C499,C500,C501,C507,C508,C509,C510,C537,C538,C539,C540,C541,C542,C548,C549,C550,C551,C576,C577,C578,C579,C580,C581,C587,C588,C589,C590,C627,C628,C629,C630,C631,C632,C637,C638,C639,C677,C678,C679,C680,C681,C682,C688,C689,C690,C691,C720,C721,C722,C723,C724,C725,C730,C731,C732,C733,C762,C763,C764,C767,C768,C769,C770,C804,C805,C806,C807,C808,C809,C814,C815,C816,C817,C851,C852,C853,C854,C855,C856,C860,C861,C862,C863,C900,C901,C902,C903,C904,C905,C909,C910,C911,C912,C945,C946,C947,C948,C949,C950,C956,C957,C958,C959,C960,C993,C994,C995,C996,C997,C998,C1004,C1005,C1006,C1007,C1038,C1039,C1040,C1041,C1042,C1043,C1049,C1050,C1051,C1052,C1094,C1095,C1096,C1097,C1098,C1099,C1103,C1104,C1105,C1106,C1139,C1140,C1141,C1142,C1143,C1144,C1151,C1152,C1153,C1154,C1158,C1159,C1164,C1202,C1217,C1218,C1219,C1255,C1256,C1257,C1258,C1259,C1260,C1261,C1262,C1263,C1272,C1273,C1274,C1275,C1276,C1277,C1278,C1279,C1285,C1286,C1287,C1288,C1289,C1303,C1304,C1305,C1306,C1307,C1308,C1309,C1310,C1320,C1321,C1322,C1323,C1324,C1325,C1326,C1327,C1333,C1334,C1335,C1336,C1337,C1338,C1353,C1354,C1355,C1356,C1357,C1358,C1359,C1360,C1370,C1371,C1372,C1373,C1374,C1375,C1376,C1377,C1383,C1384,C1385,C1386,C1387,C1405,C1406,C1407,C1408,C1409,C1410,C1411,C1412,C1423,C1424,C1425,C1426,C1427,C1428,C1429,C1430,C1436,C1437,C1438,C1439,C1440,C1463,C1464,C1465,C1466,C1467,C1468,C1469,C1470,C1471,C1483,C1484,C1485,C1486,C1487,C1488,C1489,C1490,C1495,C1496,C1497,C1498,C1515,C1516,C1517,C1518,C1519,C1520,C1527,C1528,C1529,C1530,C1531,C1532,C1533,C1534,C1535,C1536,C1543,C1544,C1545,C1546,C1547,C1548,C1549,C1550,C1568,C1569,C1570,C1571,C1572,C1573,C1574,C1581,C1582,C1583,C1584,C1585,C1586,C1587,C1588,C1589,C1590,C1597,C1598,C1599,C1600,C1601,C1602,C1603,C1604,C1647,C1648,C1649,C1650,C1651,C1652,C1653,C1654,C1655,C1656,C1669,C1670,C1671,C1672,C1673,C1674,C1675,C1676,C1677,C1678,C1686,C1687,C1688,C1689,C1690,C1691,C1692,C1693,C1740,C1741,C1742,C1743,C1744,C1745,C1746,C1747,C1748,C1749,C1762,C1763,C1764,C1765,C1766,C1767,C1768,C1769,C1770,C1771,C1779,C1780,C1781,C1782,C1783,C1784,C1785,C1786,C1834,C1835,C1836,C1837,C1838,C1839,C1840,C1841,C1842,C1843,C1856,C1857,C1858,C1859,C1860,C1861,C1862,C1863,C1864,C1865,C1873,C1874,C1875,C1876,C1877,C1878,C1879,C1893,C1894,C1895,C1896,C1902,C1903,C1904,C1905,C1906,C1907,C1913,C1914,C1915,C1916,C1917,C1918,C1919,C1920",472
WEWIN,2026-08-17,46.0,66.79,98.9,49.51,-7.09,-53.49,-31.13,-8.89,"C1,C2,C3,C4,C8,C9,C10,C11,C12,C14,C18,C19,C20,C21,C22,C23,C31,C32,C33,C34,C35,C36,C40,C41,C42,C43,C44,C52,C53,C54,C55,C56,C98,C119,C120,C121,C122,C123,C124,C132,C133,C134,C135,C136,C143,C144,C145,C146,C152,C153,C154,C155,C156,C157,C166,C167,C168,C169,C170,C171,C178,C179,C180,C186,C187,C188,C189,C190,C227,C228,C235,C237,C238,C239,C240,C241,C242,C243,C244,C251,C252,C253,C254,C255,C261,C262,C263,C264,C265,C266,C273,C274,C275,C276,C280,C281,C282,C283,C284,C285,C286,C287,C295,C296,C297,C298,C299,C300,C301,C302,C308,C309,C310,C311,C312,C313,C318,C319,C320,C321,C324,C325,C326,C327,C328,C329,C330,C331,C338,C339,C340,C341,C342,C343,C344,C345,C351,C352,C353,C354,C355,C356,C363,C364,C365,C366,C469,C470,C471,C472,C473,C474,C475,C476,C483,C484,C485,C486,C487,C488,C489,C490,C496,C497,C498,C499,C500,C501,C507,C508,C509,C510,C511,C512,C513,C514,C515,C516,C517,C518,C525,C526,C527,C528,C529,C530,C531,C537,C538,C539,C540,C541,C542,C548,C549,C550,C551,C552,C553,C554,C555,C556,C557,C558,C559,C560,C561,C568,C569,C570,C571,C572,C576,C577,C578,C579,C580,C581,C587,C588,C589,C590,C1160,C1161,C1163,C1164,C1167,C1168,C1169,C1175,C1180,C1187,C1188,C1192,C1193,C1194,C1207,C1208,C1209,C1210,C1245,C1246,C1247,C1250,C1251,C1255,C1256,C1257,C1258,C1259,C1260,C1261,C1262,C1263,C1272,C1273,C1274,C1275,C1276,C1277,C1278,C1279,C1285,C1286,C1287,C1288,C1289,C1292,C1293,C1294,C1298,C1299,C1303,C1304,C1305,C1306,C1307,C1308,C1309,C1310,C1320,C1321,C1322,C1323,C1324,C1325,C1326,C1327,C1333,C1334,C1335,C1336,C1337,C1338,C1341,C1342,C1343,C1348,C1349,C1353,C1354,C1355,C1356,C1357,C1358,C1359,C1360,C1370,C1371,C1372,C1373,C1374,C1375,C1376,C1377,C1383,C1384,C1385,C1386,C1387,C1501,C1502,C1503,C1504,C1507,C1508,C1509,C1510,C1515,C1516,C1517,C1518,C1519,C1520,C1527,C1528,C1529,C1530,C1531,C1532,C1533,C1534,C1535,C1536,C1543,C1544,C1545,C1546,C1547,C1548,C1549,C1550,C1554,C1555,C1556,C1557,C1560,C1561,C1562,C1563,C1568,C1569,C1570,C1571,C1572,C1573,C1574,C1581,C1582,C1583,C1584,C1585,C1586,C1587,C1588,C1589,C1590,C1597,C1598,C1599,C1600,C1601,C1602,C1603,C1604,C1608,C1609,C1610,C1611,C1612,C1613,C1614,C1615,C1616,C1627,C1628,C1629,C1630,C1631,C1632,C1633,C1634,C1635,C1636,C1647,C1648,C1649,C1650,C1651,C1652,C1653,C1654,C1655,C1656,C1669,C1670,C1671,C1672,C1673,C1674,C1675,C1676,C1677,C1678,C1686,C1687,C1688,C1689,C1690,C1691,C1692,C1693,C1883,C1884,C1886,C1887,C1893,C1894,C1895,C1896,C1902,C1903,C1904,C1905,C1906,C1907,C1913,C1914,C1915,C1916,C1917,C1918,C1919,C1920",454
MAXIND,2026-08-17,150.33,157.39,282.95,155.14,-3.1,-46.87,-4.49,-12.13,"C14,C36,C56,C76,C94,C143,C144,C145,C146,C147,C148,C178,C179,C180,C181,C182,C211,C235,C1164,C1255,C1256,C1257,C1258,C1259,C1260,C1261,C1262,C1263,C1264,C1265,C1266,C1267,C1268,C1272,C1273,C1274,C1275,C1276,C1277,C1278,C1279,C1280,C1281,C1282,C1285,C1286,C1287,C1288,C1289,C1290,C1291,C1303,C1304,C1305,C1306,C1307,C1308,C1309,C1310,C1311,C1312,C1313,C1314,C1315,C1320,C1321,C1322,C1323,C1324,C1325,C1326,C1327,C1328,C1329,C1330,C1333,C1334,C1335,C1336,C1337,C1338,C1339,C1340,C1353,C1354,C1355,C1356,C1357,C1358,C1359,C1360,C1361,C1362,C1363,C1364,C1365,C1370,C1371,C1372,C1373,C1374,C1375,C1376,C1377,C1378,C1379,C1380,C1383,C1384,C1385,C1386,C1387,C1388,C1389,C1405,C1406,C1407,C1408,C1409,C1410,C1411,C1412,C1413,C1414,C1415,C1416,C1417,C1423,C1424,C1425,C1426,C1427,C1428,C1429,C1430,C1431,C1432,C1433,C1436,C1437,C1438,C1439,C1440,C1441,C1442,C1463,C1464,C1465,C1466,C1467,C1468,C1469,C1470,C1471,C1472,C1473,C1474,C1475,C1476,C1483,C1484,C1485,C1486,C1487,C1488,C1489,C1490,C1491,C1492,C1493,C1495,C1496,C1497,C1498,C1499,C1500,C1515,C1516,C1517,C1518,C1519,C1520,C1521,C1522,C1523,C1527,C1528,C1529,C1530,C1531,C1532,C1533,C1534,C1535,C1536,C1537,C1538,C1539,C1540,C1543,C1544,C1545,C1546,C1547,C1548,C1549,C1550,C1551,C1552,C1553,C1568,C1569,C1570,C1571,C1572,C1573,C1574,C1575,C1576,C1577,C1581,C1582,C1583,C1584,C1585,C1586,C1587,C1588,C1589,C1590,C1591,C1592,C1593,C1594,C1597,C1598,C1599,C1600,C1601,C1602,C1603,C1604,C1605,C1606,C1607,C1647,C1648,C1649,C1650,C1651,C1652,C1653,C1654,C1655,C1656,C1657,C1658,C1659,C1660,C1661,C1669,C1670,C1671,C1672,C1673,C1674,C1675,C1676,C1677,C1678,C1679,C1680,C1681,C1682,C1683,C1686,C1687,C1688,C1689,C1690,C1691,C1692,C1693,C1694,C1695,C1696,C1740,C1741,C1742,C1743,C1744,C1745,C1746,C1747,C1748,C1749,C1750,C1751,C1752,C1753,C1754,C1762,C1763,C1764,C1765,C1766,C1767,C1768,C1769,C1770,C1771,C1772,C1773,C1774,C1775,C1776,C1779,C1780,C1781,C1782,C1783,C1784,C1785,C1786,C1787,C1788,C1789,C1834,C1835,C1836,C1837,C1838,C1839,C1840,C1841,C1842,C1843,C1844,C1845,C1846,C1847,C1848,C1856,C1857,C1858,C1859,C1860,C1861,C1862,C1863,C1864,C1865,C1866,C1867,C1868,C1869,C1870,C1873,C1874,C1875,C1876,C1877,C1878,C1879,C1880,C1881,C1882,C1913,C1914,C1915,C1916,C1917,C1918,C1919,C1920,C1921,C1922,C1923,C1924",379
KPEL,2026-08-17,243.75,256.2,583.7,255.05,-4.43,-58.24,-4.86,-19.42,"C8,C9,C10,C14,C31,C32,C33,C36,C52,C53,C54,C56,C73,C74,C75,C76,C91,C92,C93,C94,C98,C99,C116,C132,C133,C143,C144,C166,C167,C168,C178,C179,C187,C200,C211,C214,C235,C251,C261,C262,C263,C273,C274,C295,C296,C297,C298,C308,C309,C310,C318,C319,C338,C339,C340,C341,C351,C352,C353,C363,C364,C386,C387,C388,C389,C390,C402,C403,C404,C414,C415,C439,C440,C441,C442,C443,C454,C463,C464,C483,C484,C485,C486,C496,C497,C498,C507,C508,C525,C526,C527,C528,C537,C538,C539,C548,C549,C568,C569,C570,C571,C576,C577,C578,C587,C588,C612,C613,C614,C615,C616,C627,C628,C629,C637,C661,C662,C663,C664,C665,C677,C678,C679,C688,C689,C706,C707,C708,C709,C720,C721,C722,C730,C731,C749,C750,C751,C752,C762,C763,C764,C767,C768,C789,C790,C791,C792,C793,C804,C805,C806,C814,C815,C835,C836,C837,C838,C839,C851,C852,C853,C860,C861,C886,C887,C888,C889,C890,C900,C901,C902,C909,C910,C930,C931,C932,C933,C934,C945,C946,C947,C956,C957,C958,C978,C979,C980,C981,C982,C993,C994,C995,C1004,C1005,C1028,C1038,C1039,C1040,C1049,C1050,C1076,C1077,C1078,C1079,C1080,C1094,C1095,C1096,C1103,C1104,C1124,C1125,C1126,C1139,C1140,C1141,C1151,C1158,C1159,C1160,C1163,C1164,C1192,C1193,C1194,C1202,C1207,C1237,C1238,C1239,C1240,C1250,C1255,C1256,C1257,C1258,C1272,C1273,C1274,C1275,C1285,C1286,C1298,C1303,C1304,C1305,C1320,C1321,C1322,C1323,C1333,C1334,C1335,C1348,C1353,C1354,C1355,C1370,C1371,C1372,C1373,C1383,C1384,C1397,C1405,C1406,C1407,C1423,C1424,C1425,C1426,C1436,C1437,C1454,C1463,C1464,C1465,C1466,C1483,C1484,C1485,C1486,C1495,C1496,C1507,C1508,C1515,C1516,C1517,C1527,C1528,C1529,C1530,C1531,C1543,C1544,C1545,C1546,C1560,C1561,C1568,C1569,C1570,C1581,C1582,C1583,C1584,C1585,C1597,C1598,C1599,C1600,C1627,C1628,C1629,C1630,C1631,C1647,C1648,C1649,C1650,C1651,C1669,C1670,C1671,C1672,C1673,C1686,C1687,C1688,C1689,C1719,C1720,C1721,C1722,C1723,C1740,C1741,C1742,C1743,C1744,C1762,C1763,C1764,C1765,C1766,C1779,C1780,C1781,C1782,C1812,C1813,C1814,C1815,C1816,C1834,C1835,C1836,C1837,C1838,C1856,C1857,C1858,C1859,C1860,C1873,C1874,C1875,C1886,C1893,C1894,C1902,C1903,C1904,C1913,C1914,C1915,C1916",378
HARRMALAYA,2026-08-17,193.47,222.68,337.9,207.02,-6.55,-42.74,-13.12,-13.06,"C98,C119,C120,C121,C122,C123,C124,C125,C126,C127,C128,C129,C130,C132,C133,C134,C135,C136,C137,C138,C139,C140,C141,C143,C144,C145,C146,C147,C148,C149,C150,C152,C153,C154,C155,C156,C157,C158,C159,C160,C161,C162,C163,C166,C167,C168,C169,C170,C171,C172,C173,C174,C175,C176,C178,C179,C180,C181,C182,C183,C184,C186,C262,C263,C265,C266,C268,C269,C270,C271,C274,C276,C278,C279,C309,C310,C312,C313,C315,C316,C319,C321,C323,C352,C353,C355,C356,C358,C359,C360,C361,C364,C366,C368,C369,C403,C404,C406,C407,C409,C410,C411,C412,C415,C417,C419,C455,C456,C458,C459,C460,C461,C464,C466,C468,C1158,C1195,C1196,C1197,C1201,C1202,C1203,C1502,C1504,C1506,C1508,C1510,C1512,C1513,C1514,C1516,C1517,C1519,C1520,C1522,C1523,C1524,C1525,C1528,C1529,C1530,C1531,C1533,C1534,C1535,C1536,C1538,C1539,C1540,C1541,C1542,C1544,C1545,C1546,C1548,C1549,C1550,C1552,C1553,C1555,C1557,C1559,C1561,C1563,C1565,C1566,C1567,C1569,C1570,C1572,C1573,C1574,C1576,C1577,C1578,C1579,C1582,C1583,C1584,C1585,C1587,C1588,C1589,C1590,C1592,C1593,C1594,C1595,C1596,C1598,C1599,C1600,C1602,C1603,C1604,C1606,C1607,C1609,C1610,C1611,C1613,C1614,C1615,C1616,C1618,C1619,C1620,C1621,C1622,C1623,C1624,C1625,C1628,C1629,C1630,C1631,C1633,C1634,C1635,C1636,C1638,C1639,C1640,C1641,C1642,C1643,C1644,C1645,C1648,C1649,C1650,C1651,C1653,C1654,C1655,C1656,C1658,C1659,C1660,C1661,C1662,C1663,C1664,C1665,C1670,C1671,C1672,C1673,C1675,C1676,C1677,C1678,C1680,C1681,C1682,C1683,C1684,C1685,C1687,C1688,C1689,C1691,C1692,C1693,C1695,C1696,C1698,C1699,C1700,C1701,C1703,C1704,C1705,C1706,C1708,C1709,C1710,C1711,C1712,C1713,C1714,C1715,C1720,C1721,C1722,C1723,C1725,C1726,C1727,C1728,C1730,C1731,C1732,C1733,C1734,C1735,C1736,C1737,C1741,C1742,C1743,C1744,C1746,C1747,C1748,C1749,C1751,C1752,C1753,C1754,C1755,C1756,C1757,C1758,C1763,C1764,C1765,C1766,C1768,C1769,C1770,C1771,C1773,C1774,C1775,C1776,C1777,C1778,C1780,C1781,C1782,C1784,C1785,C1786,C1788,C1789,C1893,C1894,C1895,C1896,C1897,C1898,C1899,C1900,C1902,C1903,C1904,C1905,C1906,C1907,C1908,C1909,C1910,C1911,C1912,C1914,C1915,C1916,C1918,C1919,C1920,C1922,C1923,C1924,C1925",365
EXCELSOFT,2026-08-17,73.07,74.72,142.59,74.6,-2.05,-48.76,-2.21,-12.65,"C273,C274,C275,C276,C277,C278,C318,C319,C320,C321,C322,C323,C363,C364,C365,C366,C367,C368,C414,C415,C416,C417,C418,C419,C463,C464,C465,C466,C467,C468,C507,C508,C509,C510,C548,C549,C550,C551,C587,C588,C589,C590,C591,C637,C638,C639,C688,C689,C690,C691,C730,C731,C732,C733,C734,C767,C768,C769,C770,C771,C814,C815,C816,C817,C818,C860,C861,C862,C863,C864,C909,C910,C911,C912,C913,C956,C957,C958,C959,C960,C1004,C1005,C1006,C1007,C1008,C1049,C1050,C1051,C1052,C1053,C1103,C1104,C1105,C1106,C1107,C1151,C1152,C1153,C1154,C1155,C1159,C1204,C1236,C1272,C1273,C1274,C1275,C1276,C1277,C1278,C1279,C1280,C1281,C1282,C1285,C1286,C1287,C1288,C1289,C1290,C1291,C1320,C1321,C1322,C1323,C1324,C1325,C1326,C1327,C1328,C1329,C1330,C1333,C1334,C1335,C1336,C1337,C1338,C1339,C1340,C1370,C1371,C1372,C1373,C1374,C1375,C1376,C1377,C1378,C1379,C1380,C1383,C1384,C1385,C1386,C1387,C1388,C1389,C1423,C1424,C1425,C1426,C1427,C1428,C1429,C1430,C1431,C1432,C1433,C1436,C1437,C1438,C1439,C1440,C1441,C1442,C1483,C1484,C1485,C1486,C1487,C1488,C1489,C1490,C1491,C1492,C1493,C1495,C1496,C1497,C1498,C1499,C1500,C1527,C1528,C1529,C1530,C1531,C1532,C1533,C1534,C1535,C1536,C1537,C1538,C1539,C1540,C1543,C1544,C1545,C1546,C1547,C1548,C1549,C1550,C1551,C1552,C1553,C1581,C1582,C1583,C1584,C1585,C1586,C1587,C1588,C1589,C1590,C1591,C1592,C1593,C1594,C1597,C1598,C1599,C1600,C1601,C1602,C1603,C1604,C1605,C1606,C1607,C1669,C1670,C1671,C1672,C1673,C1674,C1675,C1676,C1677,C1678,C1679,C1680,C1681,C1682,C1683,C1686,C1687,C1688,C1689,C1690,C1691,C1692,C1693,C1694,C1695,C1696,C1762,C1763,C1764,C1765,C1766,C1767,C1768,C1769,C1770,C1771,C1772,C1773,C1774,C1775,C1776,C1779,C1780,C1781,C1782,C1783,C1784,C1785,C1786,C1787,C1788,C1789,C1856,C1857,C1858,C1859,C1860,C1861,C1862,C1863,C1864,C1865,C1866,C1867,C1868,C1869,C1870,C1873,C1874,C1875,C1876,C1877,C1878,C1879,C1880,C1881,C1882,C1902,C1903,C1904,C1905,C1906,C1907,C1908,C1909,C1910,C1913,C1914,C1915,C1916,C1917,C1918,C1919,C1920,C1921,C1922,C1923,C1924",341
GLOBALVECT,2026-08-17,149.0,153.16,280.5,152.12,-2.05,-46.88,-2.72,-6.3,"C273,C274,C275,C276,C277,C278,C318,C319,C320,C321,C322,C323,C363,C364,C365,C366,C367,C368,C414,C415,C416,C417,C418,C419,C463,C464,C465,C466,C467,C468,C507,C508,C509,C510,C548,C549,C550,C551,C587,C588,C589,C590,C591,C637,C638,C639,C688,C689,C690,C691,C730,C731,C732,C733,C734,C767,C768,C769,C770,C771,C814,C815,C816,C817,C818,C860,C861,C862,C863,C864,C909,C910,C911,C912,C913,C956,C957,C958,C959,C960,C1004,C1005,C1006,C1007,C1008,C1049,C1050,C1051,C1052,C1053,C1103,C1104,C1105,C1106,C1107,C1151,C1152,C1153,C1154,C1155,C1159,C1204,C1236,C1272,C1273,C1274,C1275,C1276,C1277,C1278,C1279,C1280,C1281,C1282,C1285,C1286,C1287,C1288,C1289,C1290,C1291,C1320,C1321,C1322,C1323,C1324,C1325,C1326,C1327,C1328,C1329,C1330,C1333,C1334,C1335,C1336,C1337,C1338,C1339,C1340,C1370,C1371,C1372,C1373,C1374,C1375,C1376,C1377,C1378,C1379,C1380,C1383,C1384,C1385,C1386,C1387,C1388,C1389,C1423,C1424,C1425,C1426,C1427,C1428,C1429,C1430,C1431,C1432,C1433,C1436,C1437,C1438,C1439,C1440,C1441,C1442,C1483,C1484,C1485,C1486,C1487,C1488,C1489,C1490,C1491,C1492,C1493,C1495,C1496,C1497,C1498,C1499,C1500,C1527,C1528,C1529,C1530,C1531,C1532,C1533,C1534,C1535,C1536,C1537,C1538,C1539,C1540,C1543,C1544,C1545,C1546,C1547,C1548,C1549,C1550,C1551,C1552,C1553,C1581,C1582,C1583,C1584,C1585,C1586,C1587,C1588,C1589,C1590,C1591,C1592,C1593,C1594,C1597,C1598,C1599,C1600,C1601,C1602,C1603,C1604,C1605,C1606,C1607,C1669,C1670,C1671,C1672,C1673,C1674,C1675,C1676,C1677,C1678,C1679,C1680,C1681,C1682,C1683,C1686,C1687,C1688,C1689,C1690,C1691,C1692,C1693,C1694,C1695,C1696,C1762,C1763,C1764,C1765,C1766,C1767,C1768,C1769,C1770,C1771,C1772,C1773,C1774,C1775,C1776,C1779,C1780,C1781,C1782,C1783,C1784,C1785,C1786,C1787,C1788,C1789,C1856,C1857,C1858,C1859,C1860,C1861,C1862,C1863,C1864,C1865,C1866,C1867,C1868,C1869,C1870,C1873,C1874,C1875,C1876,C1877,C1878,C1879,C1880,C1881,C1882,C1902,C1903,C1904,C1905,C1906,C1907,C1908,C1909,C1910,C1913,C1914,C1915,C1916,C1917,C1918,C1919,C1920,C1921,C1922,C1923,C1924",341
AMNPLST,2026-08-17,185.55,195.39,336.9,192.9,-3.81,-44.92,-5.04,-4.7,"C143,C144,C145,C146,C147,C148,C149,C150,C178,C179,C180,C181,C182,C183,C184,C211,C212,C235,C236,C1157,C1164,C1165,C1255,C1256,C1257,C1258,C1260,C1261,C1262,C1263,C1265,C1266,C1267,C1268,C1269,C1270,C1271,C1273,C1274,C1275,C1277,C1278,C1279,C1281,C1282,C1283,C1284,C1286,C1288,C1289,C1291,C1303,C1304,C1305,C1307,C1308,C1309,C1310,C1312,C1313,C1314,C1315,C1316,C1317,C1318,C1321,C1322,C1323,C1325,C1326,C1327,C1329,C1330,C1331,C1332,C1334,C1335,C1337,C1338,C1340,C1353,C1354,C1355,C1357,C1358,C1359,C1360,C1362,C1363,C1364,C1365,C1366,C1367,C1368,C1371,C1372,C1373,C1375,C1376,C1377,C1379,C1380,C1381,C1382,C1384,C1386,C1387,C1389,C1405,C1406,C1407,C1409,C1410,C1411,C1412,C1414,C1415,C1416,C1417,C1418,C1419,C1420,C1424,C1425,C1426,C1428,C1429,C1430,C1432,C1433,C1434,C1435,C1437,C1439,C1440,C1442,C1463,C1464,C1465,C1466,C1468,C1469,C1470,C1471,C1473,C1474,C1475,C1476,C1477,C1478,C1479,C1480,C1484,C1485,C1486,C1488,C1489,C1490,C1492,C1493,C1494,C1496,C1498,C1500,C1516,C1517,C1519,C1520,C1522,C1523,C1524,C1525,C1528,C1529,C1530,C1531,C1533,C1534,C1535,C1536,C1538,C1539,C1540,C1541,C1542,C1544,C1545,C1546,C1548,C1549,C1550,C1552,C1553,C1569,C1570,C1572,C1573,C1574,C1576,C1577,C1578,C1579,C1582,C1583,C1584,C1585,C1587,C1588,C1589,C1590,C1592,C1593,C1594,C1595,C1596,C1598,C1599,C1600,C1602,C1603,C1604,C1606,C1607,C1648,C1649,C1650,C1651,C1653,C1654,C1655,C1656,C1658,C1659,C1660,C1661,C1662,C1663,C1664,C1665,C1670,C1671,C1672,C1673,C1675,C1676,C1677,C1678,C1680,C1681,C1682,C1683,C1684,C1685,C1687,C1688,C1689,C1691,C1692,C1693,C1695,C1696,C1741,C1742,C1743,C1744,C1746,C1747,C1748,C1749,C1751,C1752,C1753,C1754,C1755,C1756,C1757,C1758,C1763,C1764,C1765,C1766,C1768,C1769,C1770,C1771,C1773,C1774,C1775,C1776,C1777,C1778,C1780,C1781,C1782,C1784,C1785,C1786,C1788,C1789,C1835,C1836,C1837,C1838,C1840,C1841,C1842,C1843,C1845,C1846,C1847,C1848,C1849,C1850,C1851,C1852,C1857,C1858,C1859,C1860,C1862,C1863,C1864,C1865,C1867,C1868,C1869,C1870,C1871,C1872,C1874,C1875,C1877,C1878,C1879,C1881,C1882",336
DCAL,2026-08-17,175.83,198.5,321.95,186.5,-5.72,-45.39,-11.42,-8.92,"C1,C2,C3,C4,C5,C6,C8,C9,C10,C11,C12,C13,C14,C18,C19,C20,C21,C22,C23,C24,C25,C26,C31,C32,C33,C34,C35,C36,C40,C41,C42,C43,C44,C45,C46,C47,C52,C53,C54,C55,C56,C60,C61,C62,C63,C64,C65,C66,C67,C73,C74,C75,C76,C80,C81,C82,C83,C84,C85,C91,C92,C93,C94,C187,C188,C189,C190,C191,C192,C199,C200,C201,C202,C203,C204,C205,C211,C214,C215,C216,C217,C218,C225,C227,C228,C229,C230,C234,C235,C1160,C1161,C1162,C1163,C1164,C1167,C1168,C1169,C1170,C1175,C1176,C1180,C1182,C1187,C1188,C1189,C1190,C1245,C1246,C1247,C1248,C1250,C1251,C1252,C1255,C1256,C1257,C1258,C1259,C1260,C1261,C1262,C1263,C1264,C1265,C1266,C1267,C1268,C1272,C1273,C1274,C1275,C1276,C1277,C1278,C1279,C1280,C1281,C1282,C1285,C1286,C1287,C1288,C1289,C1290,C1291,C1292,C1293,C1294,C1295,C1296,C1298,C1299,C1300,C1301,C1303,C1304,C1305,C1306,C1307,C1308,C1309,C1310,C1311,C1312,C1313,C1314,C1315,C1320,C1321,C1322,C1323,C1324,C1325,C1326,C1327,C1328,C1329,C1330,C1333,C1334,C1335,C1336,C1337,C1338,C1339,C1340,C1341,C1342,C1343,C1344,C1345,C1348,C1349,C1350,C1351,C1353,C1354,C1355,C1356,C1357,C1358,C1359,C1360,C1361,C1362,C1363,C1364,C1365,C1370,C1371,C1372,C1373,C1374,C1375,C1376,C1377,C1378,C1379,C1380,C1383,C1384,C1385,C1386,C1387,C1388,C1389,C1390,C1391,C1392,C1393,C1394,C1397,C1398,C1399,C1400,C1401,C1402,C1405,C1406,C1407,C1408,C1409,C1410,C1411,C1412,C1413,C1414,C1415,C1416,C1417,C1423,C1424,C1425,C1426,C1427,C1428,C1429,C1430,C1431,C1432,C1433,C1436,C1437,C1438,C1439,C1440,C1441,C1442,C1443,C1444,C1445,C1446,C1447,C1448,C1449,C1450,C1451,C1454,C1455,C1456,C1457,C1458,C1459,C1460,C1463,C1464,C1465,C1466,C1467,C1468,C1469,C1470,C1471,C1472,C1473,C1474,C1475,C1476,C1483,C1484,C1485,C1486,C1487,C1488,C1489,C1490,C1491,C1492,C1493,C1495,C1496,C1497,C1498,C1499,C1500",315
GKENERGY,2026-08-17,124.43,128.39,239.6,127.0,-2.02,-48.07,-3.08,-9.08,"C273,C274,C275,C276,C277,C278,C318,C319,C320,C321,C322,C323,C363,C364,C365,C366,C367,C368,C414,C415,C416,C417,C418,C419,C463,C464,C465,C466,C467,C468,C507,C508,C509,C510,C548,C549,C550,C551,C587,C588,C589,C590,C591,C637,C638,C639,C688,C689,C690,C691,C1159,C1204,C1272,C1273,C1274,C1275,C1276,C1277,C1278,C1279,C1280,C1281,C1282,C1285,C1286,C1287,C1288,C1289,C1290,C1291,C1320,C1321,C1322,C1323,C1324,C1325,C1326,C1327,C1328,C1329,C1330,C1333,C1334,C1335,C1336,C1337,C1338,C1339,C1340,C1370,C1371,C1372,C1373,C1374,C1375,C1376,C1377,C1378,C1379,C1380,C1383,C1384,C1385,C1386,C1387,C1388,C1389,C1423,C1424,C1425,C1426,C1427,C1428,C1429,C1430,C1431,C1432,C1433,C1436,C1437,C1438,C1439,C1440,C1441,C1442,C1483,C1484,C1485,C1486,C1487,C1488,C1489,C1490,C1491,C1492,C1493,C1495,C1496,C1497,C1498,C1499,C1500,C1527,C1528,C1529,C1530,C1531,C1532,C1533,C1534,C1535,C1536,C1537,C1538,C1539,C1540,C1543,C1544,C1545,C1546,C1547,C1548,C1549,C1550,C1551,C1552,C1553,C1581,C1582,C1583,C1584,C1585,C1586,C1587,C1588,C1589,C1590,C1591,C1592,C1593,C1594,C1597,C1598,C1599,C1600,C1601,C1602,C1603,C1604,C1605,C1606,C1607,C1669,C1670,C1671,C1672,C1673,C1674,C1675,C1676,C1677,C1678,C1679,C1680,C1681,C1682,C1683,C1686,C1687,C1688,C1689,C1690,C1691,C1692,C1693,C1694,C1695,C1696,C1762,C1763,C1764,C1765,C1766,C1767,C1768,C1769,C1770,C1771,C1772,C1773,C1774,C1775,C1776,C1779,C1780,C1781,C1782,C1783,C1784,C1785,C1786,C1787,C1788,C1789,C1856,C1857,C1858,C1859,C1860,C1861,C1862,C1863,C1864,C1865,C1866,C1867,C1868,C1869,C1870,C1873,C1874,C1875,C1876,C1877,C1878,C1879,C1880,C1881,C1882,C1902,C1903,C1904,C1905,C1906,C1907,C1908,C1909,C1910,C1913,C1914,C1915,C1916,C1917,C1918,C1919,C1920,C1921,C1922,C1923,C1924",290
ZOTA,2026-08-17,1111.4,1241.3,1740.0,1233.8,-9.92,-36.13,-10.46,-12.81,"C98,C120,C121,C123,C124,C126,C127,C129,C130,C131,C133,C135,C136,C138,C139,C141,C142,C144,C146,C148,C150,C151,C239,C240,C243,C244,C247,C248,C249,C250,C251,C254,C255,C258,C260,C263,C266,C269,C271,C272,C282,C283,C286,C287,C290,C291,C292,C293,C294,C297,C298,C301,C302,C305,C307,C310,C313,C316,C317,C326,C327,C330,C331,C334,C335,C336,C337,C340,C341,C344,C345,C348,C350,C353,C356,C359,C361,C362,C372,C373,C374,C377,C379,C380,C381,C382,C383,C384,C385,C388,C389,C390,C393,C394,C397,C398,C400,C401,C404,C407,C410,C412,C413,C471,C472,C475,C476,C479,C480,C482,C485,C486,C489,C490,C493,C495,C498,C501,C504,C505,C506,C513,C514,C517,C518,C521,C522,C524,C527,C528,C531,C534,C536,C539,C542,C545,C546,C547,C554,C555,C556,C559,C560,C561,C564,C565,C566,C567,C570,C571,C572,C573,C575,C578,C581,C584,C585,C586,C594,C595,C596,C599,C600,C601,C604,C605,C606,C607,C608,C609,C610,C611,C614,C615,C616,C619,C620,C623,C625,C626,C629,C632,C635,C636,C642,C643,C644,C646,C647,C648,C651,C652,C653,C655,C656,C657,C658,C659,C660,C663,C664,C665,C668,C669,C670,C673,C675,C676,C679,C682,C685,C686,C687,C1166,C1191,C1194,C1196,C1198,C1199,C1207,C1210,C1214,C1502,C1504,C1506,C1508,C1510,C1512,C1513,C1514,C1516,C1517,C1519,C1520,C1522,C1523,C1524,C1525,C1526,C1529,C1530,C1531,C1534,C1535,C1536,C1539,C1540,C1542,C1545,C1546,C1549,C1550,C1553,C1883,C1884,C1885,C1886,C1887,C1888,C1889,C1890,C1891,C1892,C1893,C1894,C1895,C1896,C1897,C1898,C1899,C1900,C1901,C1902,C1903,C1904,C1905,C1906,C1907,C1908,C1909,C1910,C1911,C1912,C1915,C1916,C1919,C1920,C1923,C1924",289
WEALTH,2026-08-17,876.75,912.7,1410.0,911.0,-3.76,-37.82,-3.94,-6.48,"C144,C146,C148,C150,C151,C179,C180,C182,C184,C185,C198,C211,C212,C213,C224,C235,C236,C1157,C1164,C1165,C1179,C1186,C1256,C1257,C1258,C1261,C1262,C1263,C1266,C1267,C1268,C1270,C1271,C1274,C1275,C1278,C1279,C1282,C1284,C1289,C1304,C1305,C1308,C1309,C1310,C1313,C1314,C1315,C1317,C1318,C1319,C1322,C1323,C1326,C1327,C1330,C1332,C1335,C1338,C1354,C1355,C1358,C1359,C1360,C1363,C1364,C1365,C1367,C1368,C1369,C1372,C1373,C1376,C1377,C1380,C1382,C1387,C1406,C1407,C1410,C1411,C1412,C1415,C1416,C1417,C1419,C1420,C1421,C1422,C1425,C1426,C1429,C1430,C1433,C1435,C1440,C1464,C1465,C1466,C1469,C1470,C1471,C1474,C1475,C1476,C1478,C1479,C1480,C1481,C1482,C1485,C1486,C1489,C1490,C1493,C1516,C1517,C1519,C1520,C1522,C1523,C1524,C1525,C1526,C1529,C1530,C1531,C1534,C1535,C1536,C1539,C1540,C1542,C1545,C1546,C1549,C1550,C1553,C1569,C1570,C1573,C1574,C1576,C1577,C1578,C1579,C1580,C1583,C1584,C1585,C1588,C1589,C1590,C1593,C1594,C1596,C1599,C1600,C1603,C1604,C1607,C1649,C1650,C1651,C1654,C1655,C1656,C1659,C1660,C1661,C1663,C1664,C1665,C1666,C1667,C1668,C1671,C1672,C1673,C1676,C1677,C1678,C1681,C1682,C1683,C1685,C1688,C1689,C1692,C1693,C1696,C1742,C1743,C1744,C1747,C1748,C1749,C1752,C1753,C1754,C1756,C1757,C1758,C1759,C1760,C1761,C1764,C1765,C1766,C1769,C1770,C1771,C1774,C1775,C1776,C1778,C1781,C1782,C1785,C1786,C1789,C1836,C1837,C1838,C1841,C1842,C1843,C1846,C1847,C1848,C1850,C1851,C1852,C1853,C1854,C1855,C1858,C1859,C1860,C1863,C1864,C1865,C1868,C1869,C1870,C1872,C1875,C1878,C1879,C1882,C1902,C1903,C1904,C1905,C1906,C1907,C1908,C1909,C1910,C1911,C1912,C1915,C1916,C1919,C1920,C1923,C1924",267
REMSONSIND,2026-08-17,81.89,88.29,157.0,87.96,-6.9,-47.84,-7.25,-9.25,"C1,C2,C3,C4,C5,C6,C8,C9,C10,C11,C12,C13,C14,C18,C19,C20,C21,C22,C23,C24,C25,C26,C31,C32,C33,C34,C35,C36,C40,C41,C42,C43,C44,C45,C46,C47,C52,C53,C54,C55,C56,C60,C61,C62,C63,C64,C65,C66,C67,C73,C74,C75,C76,C187,C188,C189,C190,C191,C192,C199,C200,C201,C202,C203,C204,C205,C211,C225,C227,C228,C229,C230,C234,C235,C1160,C1161,C1162,C1163,C1164,C1167,C1168,C1169,C1170,C1175,C1176,C1180,C1182,C1187,C1188,C1189,C1190,C1245,C1246,C1247,C1248,C1250,C1251,C1252,C1255,C1256,C1257,C1258,C1259,C1260,C1261,C1262,C1263,C1264,C1265,C1266,C1267,C1268,C1272,C1273,C1274,C1275,C1276,C1277,C1278,C1279,C1280,C1281,C1282,C1285,C1286,C1287,C1288,C1289,C1290,C1291,C1292,C1293,C1294,C1295,C1296,C1298,C1299,C1300,C1301,C1303,C1304,C1305,C1306,C1307,C1308,C1309,C1310,C1311,C1312,C1313,C1314,C1315,C1320,C1321,C1322,C1323,C1324,C1325,C1326,C1327,C1328,C1329,C1330,C1333,C1334,C1335,C1336,C1337,C1338,C1339,C1340,C1341,C1342,C1343,C1344,C1345,C1348,C1349,C1350,C1351,C1353,C1354,C1355,C1356,C1357,C1358,C1359,C1360,C1361,C1362,C1363,C1364,C1365,C1370,C1371,C1372,C1373,C1374,C1375,C1376,C1377,C1378,C1379,C1380,C1383,C1384,C1385,C1386,C1387,C1388,C1389,C1390,C1391,C1392,C1393,C1394,C1397,C1398,C1399,C1400,C1401,C1402,C1405,C1406,C1407,C1408,C1409,C1410,C1411,C1412,C1413,C1414,C1415,C1416,C1417,C1423,C1424,C1425,C1426,C1427,C1428,C1429,C1430,C1431,C1432,C1433,C1436,C1437,C1438,C1439,C1440,C1441,C1442",253
ALPA,2026-08-17,63.72,65.85,137.3,65.62,-2.9,-53.59,-3.23,-6.42,"C273,C274,C275,C276,C318,C319,C320,C321,C363,C364,C365,C366,C414,C415,C416,C417,C463,C464,C465,C466,C507,C508,C509,C510,C548,C549,C550,C551,C587,C588,C589,C590,C637,C638,C639,C688,C689,C690,C691,C730,C731,C732,C733,C767,C768,C769,C770,C814,C815,C816,C817,C860,C861,C862,C863,C909,C910,C911,C912,C956,C957,C958,C959,C960,C1004,C1005,C1006,C1007,C1049,C1050,C1051,C1052,C1103,C1104,C1105,C1106,C1151,C1152,C1153,C1154,C1159,C1272,C1273,C1274,C1275,C1276,C1277,C1278,C1279,C1285,C1286,C1287,C1288,C1289,C1320,C1321,C1322,C1323,C1324,C1325,C1326,C1327,C1333,C1334,C1335,C1336,C1337,C1338,C1370,C1371,C1372,C1373,C1374,C1375,C1376,C1377,C1383,C1384,C1385,C1386,C1387,C1423,C1424,C1425,C1426,C1427,C1428,C1429,C1430,C1436,C1437,C1438,C1439,C1440,C1483,C1484,C1485,C1486,C1487,C1488,C1489,C1490,C1495,C1496,C1497,C1498,C1527,C1528,C1529,C1530,C1531,C1532,C1533,C1534,C1535,C1536,C1543,C1544,C1545,C1546,C1547,C1548,C1549,C1550,C1581,C1582,C1583,C1584,C1585,C1586,C1587,C1588,C1589,C1590,C1597,C1598,C1599,C1600,C1601,C1602,C1603,C1604,C1669,C1670,C1671,C1672,C1673,C1674,C1675,C1676,C1677,C1678,C1686,C1687,C1688,C1689,C1690,C1691,C1692,C1693,C1762,C1763,C1764,C1765,C1766,C1767,C1768,C1769,C1770,C1771,C1779,C1780,C1781,C1782,C1783,C1784,C1785,C1786,C1856,C1857,C1858,C1859,C1860,C1861,C1862,C1863,C1864,C1865,C1873,C1874,C1875,C1876,C1877,C1878,C1879,C1902,C1903,C1904,C1905,C1906,C1907,C1913,C1914,C1915,C1916,C1917,C1918,C1919,C1920",249
GOACARBON,2026-08-17,355.95,367.5,763.7,366.0,-2.75,-53.39,-3.14,-7.18,"C273,C274,C275,C276,C318,C319,C320,C321,C363,C364,C365,C366,C414,C415,C416,C417,C463,C464,C465,C466,C507,C508,C509,C510,C548,C549,C550,C551,C587,C588,C589,C590,C637,C638,C639,C688,C689,C690,C691,C730,C731,C732,C733,C767,C768,C769,C770,C814,C815,C816,C817,C860,C861,C862,C863,C909,C910,C911,C912,C956,C957,C958,C959,C960,C1004,C1005,C1006,C1007,C1049,C1050,C1051,C1052,C1103,C1104,C1105,C1106,C1151,C1152,C1153,C1154,C1159,C1272,C1273,C1274,C1275,C1276,C1277,C1278,C1279,C1285,C1286,C1287,C1288,C1289,C1320,C1321,C1322,C1323,C1324,C1325,C1326,C1327,C1333,C1334,C1335,C1336,C1337,C1338,C1370,C1371,C1372,C1373,C1374,C1375,C1376,C1377,C1383,C1384,C1385,C1386,C1387,C1423,C1424,C1425,C1426,C1427,C1428,C1429,C1430,C1436,C1437,C1438,C1439,C1440,C1483,C1484,C1485,C1486,C1487,C1488,C1489,C1490,C1495,C1496,C1497,C1498,C1527,C1528,C1529,C1530,C1531,C1532,C1533,C1534,C1535,C1536,C1543,C1544,C1545,C1546,C1547,C1548,C1549,C1550,C1581,C1582,C1583,C1584,C1585,C1586,C1587,C1588,C1589,C1590,C1597,C1598,C1599,C1600,C1601,C1602,C1603,C1604,C1669,C1670,C1671,C1672,C1673,C1674,C1675,C1676,C1677,C1678,C1686,C1687,C1688,C1689,C1690,C1691,C1692,C1693,C1762,C1763,C1764,C1765,C1766,C1767,C1768,C1769,C1770,C1771,C1779,C1780,C1781,C1782,C1783,C1784,C1785,C1786,C1856,C1857,C1858,C1859,C1860,C1861,C1862,C1863,C1864,C1865,C1873,C1874,C1875,C1876,C1877,C1878,C1879,C1902,C1903,C1904,C1905,C1906,C1907,C1913,C1914,C1915,C1916,C1917,C1918,C1919,C1920",249
MARATHON,2026-08-17,358.8,369.25,769.45,366.5,-2.1,-53.37,-2.83,-7.07,"C273,C274,C275,C276,C318,C319,C320,C321,C363,C364,C365,C366,C414,C415,C416,C417,C463,C464,C465,C466,C507,C508,C509,C510,C548,C549,C550,C551,C587,C588,C589,C590,C637,C638,C639,C688,C689,C690,C691,C730,C731,C732,C733,C767,C768,C769,C770,C814,C815,C816,C817,C860,C861,C862,C863,C909,C910,C911,C912,C956,C957,C958,C959,C960,C1004,C1005,C1006,C1007,C1049,C1050,C1051,C1052,C1103,C1104,C1105,C1106,C1151,C1152,C1153,C1154,C1159,C1272,C1273,C1274,C1275,C1276,C1277,C1278,C1279,C1285,C1286,C1287,C1288,C1289,C1320,C1321,C1322,C1323,C1324,C1325,C1326,C1327,C1333,C1334,C1335,C1336,C1337,C1338,C1370,C1371,C1372,C1373,C1374,C1375,C1376,C1377,C1383,C1384,C1385,C1386,C1387,C1423,C1424,C1425,C1426,C1427,C1428,C1429,C1430,C1436,C1437,C1438,C1439,C1440,C1483,C1484,C1485,C1486,C1487,C1488,C1489,C1490,C1495,C1496,C1497,C1498,C1527,C1528,C1529,C1530,C1531,C1532,C1533,C1534,C1535,C1536,C1543,C1544,C1545,C1546,C1547,C1548,C1549,C1550,C1581,C1582,C1583,C1584,C1585,C1586,C1587,C1588,C1589,C1590,C1597,C1598,C1599,C1600,C1601,C1602,C1603,C1604,C1669,C1670,C1671,C1672,C1673,C1674,C1675,C1676,C1677,C1678,C1686,C1687,C1688,C1689,C1690,C1691,C1692,C1693,C1762,C1763,C1764,C1765,C1766,C1767,C1768,C1769,C1770,C1771,C1779,C1780,C1781,C1782,C1783,C1784,C1785,C1786,C1856,C1857,C1858,C1859,C1860,C1861,C1862,C1863,C1864,C1865,C1873,C1874,C1875,C1876,C1877,C1878,C1879,C1902,C1903,C1904,C1905,C1906,C1907,C1913,C1914,C1915,C1916,C1917,C1918,C1919,C1920",249
RELAXO,2026-08-17,391.2,419.45,639.4,412.55,-5.18,-38.82,-6.74,-7.62,"C3,C10,C20,C21,C23,C25,C26,C28,C29,C30,C33,C42,C43,C44,C46,C47,C49,C50,C51,C54,C62,C63,C64,C65,C66,C67,C69,C70,C71,C72,C75,C80,C81,C82,C83,C84,C85,C87,C88,C89,C90,C93,C187,C189,C190,C191,C192,C194,C195,C196,C197,C198,C200,C202,C203,C204,C205,C207,C208,C209,C210,C211,C212,C213,C214,C216,C217,C218,C220,C221,C222,C223,C224,C225,C226,C227,C228,C230,C232,C233,C235,C236,C1157,C1160,C1161,C1162,C1163,C1164,C1165,C1167,C1168,C1169,C1170,C1171,C1172,C1173,C1174,C1175,C1176,C1178,C1179,C1180,C1181,C1182,C1183,C1184,C1185,C1186,C1188,C1245,C1247,C1248,C1249,C1250,C1251,C1252,C1253,C1254,C1256,C1257,C1258,C1261,C1262,C1263,C1266,C1267,C1268,C1270,C1271,C1274,C1275,C1278,C1279,C1282,C1284,C1289,C1292,C1294,C1296,C1297,C1298,C1299,C1301,C1302,C1304,C1305,C1308,C1309,C1310,C1313,C1314,C1315,C1317,C1318,C1319,C1322,C1323,C1326,C1327,C1330,C1332,C1335,C1338,C1341,C1343,C1345,C1346,C1347,C1348,C1349,C1351,C1352,C1354,C1355,C1358,C1359,C1360,C1363,C1364,C1365,C1367,C1368,C1369,C1372,C1373,C1376,C1377,C1380,C1382,C1387,C1390,C1392,C1394,C1395,C1396,C1397,C1399,C1402,C1403,C1404,C1406,C1407,C1410,C1411,C1412,C1415,C1416,C1417,C1419,C1420,C1421,C1422,C1425,C1426,C1429,C1430,C1433,C1435,C1440,C1445,C1448,C1451,C1452,C1453,C1454,C1456,C1459,C1460,C1461,C1462,C1464,C1465,C1466,C1469,C1470,C1471,C1474,C1475,C1476,C1478,C1479,C1480,C1481,C1482,C1485,C1486,C1489,C1490,C1493",249
BELLACASA,2026-08-17,222.69,239.51,497.35,236.58,-5.87,-55.22,-7.02,-7.92,"C1,C2,C3,C8,C9,C10,C14,C18,C19,C20,C21,C31,C32,C33,C36,C40,C41,C42,C43,C52,C53,C54,C56,C60,C61,C62,C63,C73,C74,C75,C76,C80,C81,C91,C92,C93,C94,C98,C119,C120,C121,C132,C133,C143,C144,C152,C153,C154,C166,C167,C168,C178,C179,C186,C187,C200,C211,C214,C235,C1160,C1163,C1164,C1167,C1245,C1250,C1255,C1256,C1257,C1258,C1272,C1273,C1274,C1275,C1285,C1286,C1292,C1298,C1303,C1304,C1305,C1320,C1321,C1322,C1323,C1333,C1334,C1335,C1341,C1348,C1353,C1354,C1355,C1370,C1371,C1372,C1373,C1383,C1384,C1390,C1397,C1405,C1406,C1407,C1423,C1424,C1425,C1426,C1436,C1437,C1443,C1444,C1445,C1454,C1463,C1464,C1465,C1466,C1483,C1484,C1485,C1486,C1495,C1496,C1501,C1502,C1507,C1508,C1515,C1516,C1517,C1527,C1528,C1529,C1530,C1531,C1543,C1544,C1545,C1546,C1554,C1555,C1560,C1561,C1568,C1569,C1570,C1581,C1582,C1583,C1584,C1585,C1597,C1598,C1599,C1600,C1608,C1609,C1610,C1611,C1627,C1628,C1629,C1630,C1631,C1647,C1648,C1649,C1650,C1651,C1669,C1670,C1671,C1672,C1673,C1686,C1687,C1688,C1689,C1697,C1698,C1699,C1700,C1701,C1719,C1720,C1721,C1722,C1723,C1740,C1741,C1742,C1743,C1744,C1762,C1763,C1764,C1765,C1766,C1779,C1780,C1781,C1782,C1790,C1791,C1792,C1793,C1794,C1812,C1813,C1814,C1815,C1816,C1834,C1835,C1836,C1837,C1838,C1856,C1857,C1858,C1859,C1860,C1873,C1874,C1875,C1913,C1914,C1915,C1916",229
XCHANGING,2026-08-17,61.72,65.74,119.7,63.0,-2.03,-48.44,-6.11,-8.21,"C1272,C1273,C1274,C1275,C1276,C1277,C1278,C1279,C1280,C1281,C1282,C1285,C1286,C1287,C1288,C1289,C1290,C1291,C1320,C1321,C1322,C1323,C1324,C1325,C1326,C1327,C1328,C1329,C1330,C1333,C1334,C1335,C1336,C1337,C1338,C1339,C1340,C1370,C1371,C1372,C1373,C1374,C1375,C1376,C1377,C1378,C1379,C1380,C1383,C1384,C1385,C1386,C1387,C1388,C1389,C1423,C1424,C1425,C1426,C1427,C1428,C1429,C1430,C1431,C1432,C1433,C1436,C1437,C1438,C1439,C1440,C1441,C1442,C1483,C1484,C1485,C1486,C1487,C1488,C1489,C1490,C1491,C1492,C1493,C1495,C1496,C1497,C1498,C1499,C1500,C1527,C1528,C1529,C1530,C1531,C1532,C1533,C1534,C1535,C1536,C1537,C1538,C1539,C1540,C1543,C1544,C1545,C1546,C1547,C1548,C1549,C1550,C1551,C1552,C1553,C1581,C1582,C1583,C1584,C1585,C1586,C1587,C1588,C1589,C1590,C1591,C1592,C1593,C1594,C1597,C1598,C1599,C1600,C1601,C1602,C1603,C1604,C1605,C1606,C1607,C1669,C1670,C1671,C1672,C1673,C1674,C1675,C1676,C1677,C1678,C1679,C1680,C1681,C1682,C1683,C1686,C1687,C1688,C1689,C1690,C1691,C1692,C1693,C1694,C1695,C1696,C1762,C1763,C1764,C1765,C1766,C1767,C1768,C1769,C1770,C1771,C1772,C1773,C1774,C1775,C1776,C1779,C1780,C1781,C1782,C1783,C1784,C1785,C1786,C1787,C1788,C1789,C1856,C1857,C1858,C1859,C1860,C1861,C1862,C1863,C1864,C1865,C1866,C1867,C1868,C1869,C1870,C1873,C1874,C1875,C1876,C1877,C1878,C1879,C1880,C1881,C1882",217
INNOVANA,2026-08-17,307.15,329.2,649.5,318.0,-3.41,-52.71,-6.7,-6.92,"C14,C36,C56,C76,C94,C211,C235,C1164,C1255,C1256,C1257,C1258,C1259,C1260,C1261,C1262,C1263,C1272,C1273,C1274,C1275,C1276,C1277,C1278,C1279,C1285,C1286,C1287,C1288,C1289,C1303,C1304,C1305,C1306,C1307,C1308,C1309,C1310,C1320,C1321,C1322,C1323,C1324,C1325,C1326,C1327,C1333,C1334,C1335,C1336,C1337,C1338,C1353,C1354,C1355,C1356,C1357,C1358,C1359,C1360,C1370,C1371,C1372,C1373,C1374,C1375,C1376,C1377,C1383,C1384,C1385,C1386,C1387,C1405,C1406,C1407,C1408,C1409,C1410,C1411,C1412,C1423,C1424,C1425,C1426,C1427,C1428,C1429,C1430,C1436,C1437,C1438,C1439,C1440,C1463,C1464,C1465,C1466,C1467,C1468,C1469,C1470,C1471,C1483,C1484,C1485,C1486,C1487,C1488,C1489,C1490,C1495,C1496,C1497,C1498,C1527,C1528,C1529,C1530,C1531,C1532,C1533,C1534,C1535,C1536,C1543,C1544,C1545,C1546,C1547,C1548,C1549,C1550,C1581,C1582,C1583,C1584,C1585,C1586,C1587,C1588,C1589,C1590,C1597,C1598,C1599,C1600,C1601,C1602,C1603,C1604,C1669,C1670,C1671,C1672,C1673,C1674,C1675,C1676,C1677,C1678,C1686,C1687,C1688,C1689,C1690,C1691,C1692,C1693,C1762,C1763,C1764,C1765,C1766,C1767,C1768,C1769,C1770,C1771,C1779,C1780,C1781,C1782,C1783,C1784,C1785,C1786,C1856,C1857,C1858,C1859,C1860,C1861,C1862,C1863,C1864,C1865,C1873,C1874,C1875,C1876,C1877,C1878,C1879",204
FIBERWEB,2026-08-17,26.96,29.62,63.7,28.75,-6.23,-57.68,-8.98,-9.41,"C1,C2,C3,C8,C9,C10,C14,C18,C19,C20,C21,C31,C32,C33,C36,C40,C41,C42,C43,C52,C53,C54,C56,C60,C61,C62,C63,C73,C74,C75,C76,C98,C132,C133,C143,C144,C166,C167,C168,C178,C179,C187,C200,C211,C235,C1160,C1163,C1164,C1167,C1245,C1250,C1255,C1256,C1257,C1258,C1272,C1273,C1274,C1275,C1285,C1286,C1292,C1298,C1303,C1304,C1305,C1320,C1321,C1322,C1323,C1333,C1334,C1335,C1341,C1348,C1353,C1354,C1355,C1370,C1371,C1372,C1373,C1383,C1384,C1390,C1397,C1405,C1406,C1407,C1423,C1424,C1425,C1426,C1436,C1437,C1507,C1508,C1515,C1516,C1517,C1527,C1528,C1529,C1530,C1531,C1543,C1544,C1545,C1546,C1560,C1561,C1568,C1569,C1570,C1581,C1582,C1583,C1584,C1585,C1597,C1598,C1599,C1600,C1627,C1628,C1629,C1630,C1631,C1647,C1648,C1649,C1650,C1651,C1669,C1670,C1671,C1672,C1673,C1686,C1687,C1688,C1689,C1719,C1720,C1721,C1722,C1723,C1740,C1741,C1742,C1743,C1744,C1762,C1763,C1764,C1765,C1766,C1779,C1780,C1781,C1782,C1812,C1813,C1814,C1815,C1816,C1834,C1835,C1836,C1837,C1838,C1856,C1857,C1858,C1859,C1860,C1873,C1874,C1875",179
RUPA,2026-08-17,149.1,153.87,259.75,153.0,-2.55,-42.6,-3.1,-9.55,"C1273,C1274,C1275,C1277,C1278,C1279,C1281,C1282,C1283,C1284,C1286,C1288,C1289,C1291,C1321,C1322,C1323,C1325,C1326,C1327,C1329,C1330,C1331,C1332,C1334,C1335,C1337,C1338,C1340,C1371,C1372,C1373,C1375,C1376,C1377,C1379,C1380,C1381,C1382,C1384,C1386,C1387,C1389,C1424,C1425,C1426,C1428,C1429,C1430,C1432,C1433,C1434,C1435,C1437,C1439,C1440,C1442,C1484,C1485,C1486,C1488,C1489,C1490,C1492,C1493,C1494,C1496,C1498,C1500,C1528,C1529,C1530,C1531,C1533,C1534,C1535,C1536,C1538,C1539,C1540,C1541,C1542,C1544,C1545,C1546,C1548,C1549,C1550,C1552,C1553,C1582,C1583,C1584,C1585,C1587,C1588,C1589,C1590,C1592,C1593,C1594,C1595,C1596,C1598,C1599,C1600,C1602,C1603,C1604,C1606,C1607,C1670,C1671,C1672,C1673,C1675,C1676,C1677,C1678,C1680,C1681,C1682,C1683,C1684,C1685,C1687,C1688,C1689,C1691,C1692,C1693,C1695,C1696,C1763,C1764,C1765,C1766,C1768,C1769,C1770,C1771,C1773,C1774,C1775,C1776,C1777,C1778,C1780,C1781,C1782,C1784,C1785,C1786,C1788,C1789,C1857,C1858,C1859,C1860,C1862,C1863,C1864,C1865,C1867,C1868,C1869,C1870,C1871,C1872,C1874,C1875,C1877,C1878,C1879,C1881,C1882",176
ADVENTHTL,2026-08-17,134.9,143.3,263.3,140.46,-3.96,-48.77,-5.86,-8.65,"C14,C36,C56,C76,C94,C211,C235,C1164,C1255,C1256,C1257,C1258,C1259,C1260,C1261,C1262,C1263,C1264,C1265,C1266,C1267,C1268,C1272,C1273,C1274,C1275,C1276,C1277,C1278,C1279,C1280,C1281,C1282,C1285,C1286,C1287,C1288,C1289,C1290,C1291,C1303,C1304,C1305,C1306,C1307,C1308,C1309,C1310,C1311,C1312,C1313,C1314,C1315,C1320,C1321,C1322,C1323,C1324,C1325,C1326,C1327,C1328,C1329,C1330,C1333,C1334,C1335,C1336,C1337,C1338,C1339,C1340,C1353,C1354,C1355,C1356,C1357,C1358,C1359,C1360,C1361,C1362,C1363,C1364,C1365,C1370,C1371,C1372,C1373,C1374,C1375,C1376,C1377,C1378,C1379,C1380,C1383,C1384,C1385,C1386,C1387,C1388,C1389,C1405,C1406,C1407,C1408,C1409,C1410,C1411,C1412,C1413,C1414,C1415,C1416,C1417,C1423,C1424,C1425,C1426,C1427,C1428,C1429,C1430,C1431,C1432,C1433,C1436,C1437,C1438,C1439,C1440,C1441,C1442,C1463,C1464,C1465,C1466,C1467,C1468,C1469,C1470,C1471,C1472,C1473,C1474,C1475,C1476,C1483,C1484,C1485,C1486,C1487,C1488,C1489,C1490,C1491,C1492,C1493,C1495,C1496,C1497,C1498,C1499,C1500",165
DCW,2026-08-17,44.26,46.11,92.89,45.55,-2.83,-52.35,-4.01,-4.51,"C1272,C1273,C1274,C1275,C1276,C1277,C1278,C1279,C1285,C1286,C1287,C1288,C1289,C1320,C1321,C1322,C1323,C1324,C1325,C1326,C1327,C1333,C1334,C1335,C1336,C1337,C1338,C1370,C1371,C1372,C1373,C1374,C1375,C1376,C1377,C1383,C1384,C1385,C1386,C1387,C1423,C1424,C1425,C1426,C1427,C1428,C1429,C1430,C1436,C1437,C1438,C1439,C1440,C1483,C1484,C1485,C1486,C1487,C1488,C1489,C1490,C1495,C1496,C1497,C1498,C1527,C1528,C1529,C1530,C1531,C1532,C1533,C1534,C1535,C1536,C1543,C1544,C1545,C1546,C1547,C1548,C1549,C1550,C1581,C1582,C1583,C1584,C1585,C1586,C1587,C1588,C1589,C1590,C1597,C1598,C1599,C1600,C1601,C1602,C1603,C1604,C1669,C1670,C1671,C1672,C1673,C1674,C1675,C1676,C1677,C1678,C1686,C1687,C1688,C1689,C1690,C1691,C1692,C1693,C1762,C1763,C1764,C1765,C1766,C1767,C1768,C1769,C1770,C1771,C1779,C1780,C1781,C1782,C1783,C1784,C1785,C1786,C1856,C1857,C1858,C1859,C1860,C1861,C1862,C1863,C1864,C1865,C1873,C1874,C1875,C1876,C1877,C1878,C1879,C1913,C1914,C1915,C1916,C1917,C1918,C1919,C1920",162
KOTHARIPET,2026-08-17,133.91,149.65,204.79,142.0,-5.7,-34.61,-10.52,-10.44,"C21,C26,C29,C43,C44,C47,C50,C51,C63,C65,C67,C70,C72,C81,C83,C85,C88,C90,C187,C190,C192,C195,C197,C200,C203,C205,C208,C210,C214,C217,C221,C223,C225,C228,C230,C1160,C1161,C1162,C1163,C1167,C1169,C1172,C1174,C1180,C1181,C1184,C1185,C1245,C1247,C1248,C1249,C1250,C1251,C1252,C1253,C1254,C1257,C1258,C1262,C1263,C1267,C1268,C1270,C1271,C1275,C1279,C1292,C1294,C1296,C1297,C1298,C1299,C1301,C1302,C1304,C1305,C1309,C1310,C1314,C1315,C1317,C1318,C1319,C1323,C1327,C1341,C1343,C1345,C1346,C1347,C1348,C1349,C1351,C1352,C1354,C1355,C1359,C1360,C1364,C1365,C1367,C1368,C1369,C1373,C1377,C1390,C1392,C1394,C1395,C1396,C1397,C1399,C1402,C1403,C1404,C1406,C1407,C1411,C1412,C1416,C1417,C1419,C1420,C1421,C1422,C1426,C1430,C1445,C1448,C1451,C1452,C1453,C1454,C1456,C1459,C1460,C1461,C1462,C1465,C1466,C1470,C1471,C1475,C1476,C1479,C1480,C1481,C1482,C1486,C1490",150
SWELECTES,2026-08-17,629.7,681.25,1058.0,655.0,-3.86,-40.48,-7.57,-6.1,"C211,C212,C235,C236,C1157,C1164,C1165,C1255,C1256,C1257,C1258,C1260,C1261,C1262,C1263,C1265,C1266,C1267,C1268,C1269,C1270,C1271,C1273,C1274,C1275,C1277,C1278,C1279,C1281,C1282,C1283,C1284,C1286,C1288,C1289,C1291,C1303,C1304,C1305,C1307,C1308,C1309,C1310,C1312,C1313,C1314,C1315,C1316,C1317,C1318,C1321,C1322,C1323,C1325,C1326,C1327,C1329,C1330,C1331,C1332,C1334,C1335,C1337,C1338,C1340,C1353,C1354,C1355,C1357,C1358,C1359,C1360,C1362,C1363,C1364,C1365,C1366,C1367,C1368,C1371,C1372,C1373,C1375,C1376,C1377,C1379,C1380,C1381,C1382,C1384,C1386,C1387,C1389,C1405,C1406,C1407,C1409,C1410,C1411,C1412,C1414,C1415,C1416,C1417,C1418,C1419,C1420,C1424,C1425,C1426,C1428,C1429,C1430,C1432,C1433,C1434,C1435,C1437,C1439,C1440,C1442,C1463,C1464,C1465,C1466,C1468,C1469,C1470,C1471,C1473,C1474,C1475,C1476,C1477,C1478,C1479,C1480,C1484,C1485,C1486,C1488,C1489,C1490,C1492,C1493,C1494,C1496,C1498,C1500",149
XTGLOBAL,2026-08-17,29.68,31.68,52.37,30.6,-3.01,-43.33,-6.31,-6.25,"C211,C212,C235,C236,C1157,C1164,C1165,C1255,C1256,C1257,C1258,C1260,C1261,C1262,C1263,C1265,C1266,C1267,C1268,C1269,C1270,C1271,C1273,C1274,C1275,C1277,C1278,C1279,C1281,C1282,C1283,C1284,C1286,C1288,C1289,C1291,C1303,C1304,C1305,C1307,C1308,C1309,C1310,C1312,C1313,C1314,C1315,C1316,C1317,C1318,C1321,C1322,C1323,C1325,C1326,C1327,C1329,C1330,C1331,C1332,C1334,C1335,C1337,C1338,C1340,C1353,C1354,C1355,C1357,C1358,C1359,C1360,C1362,C1363,C1364,C1365,C1366,C1367,C1368,C1371,C1372,C1373,C1375,C1376,C1377,C1379,C1380,C1381,C1382,C1384,C1386,C1387,C1389,C1405,C1406,C1407,C1409,C1410,C1411,C1412,C1414,C1415,C1416,C1417,C1418,C1419,C1420,C1424,C1425,C1426,C1428,C1429,C1430,C1432,C1433,C1434,C1435,C1437,C1439,C1440,C1442,C1463,C1464,C1465,C1466,C1468,C1469,C1470,C1471,C1473,C1474,C1475,C1476,C1477,C1478,C1479,C1480,C1484,C1485,C1486,C1488,C1489,C1490,C1492,C1493,C1494,C1496,C1498,C1500",149
TIPSFILMS,2026-08-17,341.55,361.95,666.0,351.2,-2.75,-48.72,-5.64,-8.98,"C1272,C1273,C1274,C1275,C1276,C1277,C1278,C1279,C1280,C1281,C1282,C1285,C1286,C1287,C1288,C1289,C1290,C1291,C1320,C1321,C1322,C1323,C1324,C1325,C1326,C1327,C1328,C1329,C1330,C1333,C1334,C1335,C1336,C1337,C1338,C1339,C1340,C1370,C1371,C1372,C1373,C1374,C1375,C1376,C1377,C1378,C1379,C1380,C1383,C1384,C1385,C1386,C1387,C1388,C1389,C1423,C1424,C1425,C1426,C1427,C1428,C1429,C1430,C1431,C1432,C1433,C1436,C1437,C1438,C1439,C1440,C1441,C1442,C1483,C1484,C1485,C1486,C1487,C1488,C1489,C1490,C1491,C1492,C1493,C1495,C1496,C1497,C1498,C1499,C1500,C1543,C1544,C1545,C1546,C1547,C1548,C1549,C1550,C1551,C1552,C1553,C1597,C1598,C1599,C1600,C1601,C1602,C1603,C1604,C1605,C1606,C1607,C1686,C1687,C1688,C1689,C1690,C1691,C1692,C1693,C1694,C1695,C1696,C1779,C1780,C1781,C1782,C1783,C1784,C1785,C1786,C1787,C1788,C1789,C1873,C1874,C1875,C1876,C1877,C1878,C1879,C1880,C1881,C1882",144
HARIOMPIPE,2026-08-17,346.45,365.2,572.2,354.2,-2.19,-39.45,-5.13,-13.15,"C1274,C1275,C1278,C1279,C1282,C1284,C1289,C1322,C1323,C1326,C1327,C1330,C1332,C1335,C1338,C1372,C1373,C1376,C1377,C1380,C1382,C1387,C1425,C1426,C1429,C1430,C1433,C1435,C1440,C1485,C1486,C1489,C1490,C1493,C1529,C1530,C1531,C1534,C1535,C1536,C1539,C1540,C1542,C1545,C1546,C1549,C1550,C1553,C1583,C1584,C1585,C1588,C1589,C1590,C1593,C1594,C1596,C1599,C1600,C1603,C1604,C1607,C1671,C1672,C1673,C1676,C1677,C1678,C1681,C1682,C1683,C1685,C1688,C1689,C1692,C1693,C1696,C1764,C1765,C1766,C1769,C1770,C1771,C1774,C1775,C1776,C1778,C1781,C1782,C1785,C1786,C1789,C1858,C1859,C1860,C1863,C1864,C1865,C1868,C1869,C1870,C1872,C1875,C1878,C1879,C1882,C1902,C1903,C1904,C1905,C1906,C1907,C1908,C1909,C1910,C1911,C1912,C1915,C1916,C1919,C1920,C1923,C1924",123
BSE,2026-08-17,3332.0,3502.8,7588.0,3415.5,-2.44,-56.09,-4.88,-3.62,"C273,C274,C318,C319,C363,C364,C414,C415,C463,C464,C507,C508,C548,C549,C587,C588,C637,C688,C689,C730,C731,C767,C768,C814,C815,C860,C861,C909,C910,C956,C957,C958,C1004,C1005,C1049,C1050,C1103,C1104,C1151,C1159,C1272,C1273,C1274,C1275,C1285,C1286,C1320,C1321,C1322,C1323,C1333,C1334,C1335,C1370,C1371,C1372,C1373,C1383,C1384,C1423,C1424,C1425,C1426,C1436,C1437,C1483,C1484,C1485,C1486,C1495,C1496,C1527,C1528,C1529,C1530,C1531,C1543,C1544,C1545,C1546,C1581,C1582,C1583,C1584,C1585,C1597,C1598,C1599,C1600,C1669,C1670,C1671,C1672,C1673,C1686,C1687,C1688,C1689,C1762,C1763,C1764,C1765,C1766,C1779,C1780,C1781,C1782,C1856,C1857,C1858,C1859,C1860,C1873,C1874,C1875,C1902,C1903,C1904,C1913,C1914,C1915,C1916",122
KITEX,2026-08-17,128.81,138.89,314.0,132.01,-2.42,-58.98,-7.26,-11.07,"C273,C274,C318,C319,C363,C364,C414,C415,C463,C464,C507,C508,C548,C549,C587,C588,C637,C688,C689,C730,C731,C767,C768,C814,C815,C860,C861,C909,C910,C956,C957,C958,C1004,C1005,C1049,C1050,C1103,C1104,C1151,C1159,C1272,C1273,C1274,C1275,C1285,C1286,C1320,C1321,C1322,C1323,C1333,C1334,C1335,C1370,C1371,C1372,C1373,C1383,C1384,C1423,C1424,C1425,C1426,C1436,C1437,C1483,C1484,C1485,C1486,C1495,C1496,C1527,C1528,C1529,C1530,C1531,C1543,C1544,C1545,C1546,C1581,C1582,C1583,C1584,C1585,C1597,C1598,C1599,C1600,C1669,C1670,C1671,C1672,C1673,C1686,C1687,C1688,C1689,C1762,C1763,C1764,C1765,C1766,C1779,C1780,C1781,C1782,C1856,C1857,C1858,C1859,C1860,C1873,C1874,C1875,C1902,C1903,C1904,C1913,C1914,C1915,C1916",122
NCC,2026-08-17,139.4,144.72,280.95,143.01,-2.52,-50.38,-3.68,-4.25,"C1272,C1273,C1274,C1275,C1276,C1277,C1278,C1279,C1285,C1286,C1287,C1288,C1289,C1320,C1321,C1322,C1323,C1324,C1325,C1326,C1327,C1333,C1334,C1335,C1336,C1337,C1338,C1370,C1371,C1372,C1373,C1374,C1375,C1376,C1377,C1383,C1384,C1385,C1386,C1387,C1423,C1424,C1425,C1426,C1427,C1428,C1429,C1430,C1436,C1437,C1438,C1439,C1440,C1483,C1484,C1485,C1486,C1487,C1488,C1489,C1490,C1495,C1496,C1497,C1498,C1543,C1544,C1545,C1546,C1547,C1548,C1549,C1550,C1597,C1598,C1599,C1600,C1601,C1602,C1603,C1604,C1686,C1687,C1688,C1689,C1690,C1691,C1692,C1693,C1779,C1780,C1781,C1782,C1783,C1784,C1785,C1786,C1873,C1874,C1875,C1876,C1877,C1878,C1879,C1913,C1914,C1915,C1916,C1917,C1918,C1919,C1920",112
EUREKAFORB,2026-08-17,432.0,443.2,668.3,441.8,-2.22,-35.36,-2.53,-4.12,"C1274,C1275,C1278,C1279,C1282,C1284,C1289,C1322,C1323,C1326,C1327,C1330,C1332,C1335,C1338,C1372,C1373,C1376,C1377,C1380,C1382,C1387,C1425,C1426,C1429,C1430,C1433,C1435,C1440,C1485,C1486,C1489,C1490,C1493,C1529,C1530,C1531,C1534,C1535,C1536,C1539,C1540,C1542,C1545,C1546,C1549,C1550,C1553,C1583,C1584,C1585,C1588,C1589,C1590,C1593,C1594,C1596,C1599,C1600,C1603,C1604,C1607,C1671,C1672,C1673,C1676,C1677,C1678,C1681,C1682,C1683,C1685,C1688,C1689,C1692,C1693,C1696,C1764,C1765,C1766,C1769,C1770,C1771,C1774,C1775,C1776,C1778,C1781,C1782,C1785,C1786,C1789,C1858,C1859,C1860,C1863,C1864,C1865,C1868,C1869,C1870,C1872,C1875,C1878,C1879,C1882",106
SAMHI,2026-08-17,159.41,164.77,254.5,164.0,-2.8,-37.36,-3.25,-8.73,"C1274,C1275,C1278,C1279,C1282,C1284,C1289,C1322,C1323,C1326,C1327,C1330,C1332,C1335,C1338,C1372,C1373,C1376,C1377,C1380,C1382,C1387,C1425,C1426,C1429,C1430,C1433,C1435,C1440,C1485,C1486,C1489,C1490,C1493,C1529,C1530,C1531,C1534,C1535,C1536,C1539,C1540,C1542,C1545,C1546,C1549,C1550,C1553,C1583,C1584,C1585,C1588,C1589,C1590,C1593,C1594,C1596,C1599,C1600,C1603,C1604,C1607,C1671,C1672,C1673,C1676,C1677,C1678,C1681,C1682,C1683,C1685,C1688,C1689,C1692,C1693,C1696,C1764,C1765,C1766,C1769,C1770,C1771,C1774,C1775,C1776,C1778,C1781,C1782,C1785,C1786,C1789,C1858,C1859,C1860,C1863,C1864,C1865,C1868,C1869,C1870,C1872,C1875,C1878,C1879,C1882",106
TAJGVK,2026-08-17,337.5,350.9,528.1,350.0,-3.57,-36.09,-3.82,-6.37,"C198,C211,C212,C213,C224,C235,C236,C1157,C1164,C1165,C1179,C1186,C1256,C1257,C1258,C1261,C1262,C1263,C1266,C1267,C1268,C1270,C1271,C1274,C1275,C1278,C1279,C1282,C1284,C1289,C1304,C1305,C1308,C1309,C1310,C1313,C1314,C1315,C1317,C1318,C1319,C1322,C1323,C1326,C1327,C1330,C1332,C1335,C1338,C1354,C1355,C1358,C1359,C1360,C1363,C1364,C1365,C1367,C1368,C1369,C1372,C1373,C1376,C1377,C1380,C1382,C1387,C1406,C1407,C1410,C1411,C1412,C1415,C1416,C1417,C1419,C1420,C1421,C1422,C1425,C1426,C1429,C1430,C1433,C1435,C1440,C1464,C1465,C1466,C1469,C1470,C1471,C1474,C1475,C1476,C1478,C1479,C1480,C1481,C1482,C1485,C1486,C1489,C1490,C1493",105
ICEMAKE,2026-08-17,722.45,811.45,1088.75,749.0,-3.54,-33.64,-10.97,-11.92,"C1516,C1517,C1519,C1520,C1522,C1523,C1524,C1525,C1526,C1530,C1531,C1535,C1536,C1540,C1546,C1550,C1569,C1570,C1573,C1574,C1576,C1577,C1578,C1579,C1580,C1584,C1585,C1589,C1590,C1594,C1600,C1604,C1650,C1651,C1655,C1656,C1660,C1661,C1664,C1665,C1667,C1668,C1672,C1673,C1677,C1678,C1682,C1683,C1689,C1693,C1743,C1744,C1748,C1749,C1753,C1754,C1757,C1758,C1760,C1761,C1765,C1766,C1770,C1771,C1775,C1776,C1782,C1786,C1837,C1838,C1842,C1843,C1847,C1848,C1851,C1852,C1854,C1855,C1859,C1860,C1864,C1865,C1869,C1870,C1879,C1903,C1904,C1906,C1907,C1909,C1910,C1912,C1916,C1920,C1924",95
RBZJEWEL,2026-08-17,136.19,140.04,251.68,139.2,-2.16,-45.89,-2.75,-9.75,"C1272,C1273,C1274,C1275,C1276,C1277,C1278,C1279,C1280,C1281,C1282,C1285,C1286,C1287,C1288,C1289,C1290,C1291,C1320,C1321,C1322,C1323,C1324,C1325,C1326,C1327,C1328,C1329,C1330,C1333,C1334,C1335,C1336,C1337,C1338,C1339,C1340,C1370,C1371,C1372,C1373,C1374,C1375,C1376,C1377,C1378,C1379,C1380,C1383,C1384,C1385,C1386,C1387,C1388,C1389,C1423,C1424,C1425,C1426,C1427,C1428,C1429,C1430,C1431,C1432,C1433,C1436,C1437,C1438,C1439,C1440,C1441,C1442,C1483,C1484,C1485,C1486,C1487,C1488,C1489,C1490,C1491,C1492,C1493,C1495,C1496,C1497,C1498,C1499,C1500",90
SHREYANIND,2026-08-17,130.22,133.26,247.22,132.21,-1.51,-47.33,-2.28,-8.51,"C1285,C1286,C1287,C1288,C1289,C1290,C1291,C1333,C1334,C1335,C1336,C1337,C1338,C1339,C1340,C1383,C1384,C1385,C1386,C1387,C1388,C1389,C1436,C1437,C1438,C1439,C1440,C1441,C1442,C1495,C1496,C1497,C1498,C1499,C1500,C1543,C1544,C1545,C1546,C1547,C1548,C1549,C1550,C1551,C1552,C1553,C1597,C1598,C1599,C1600,C1601,C1602,C1603,C1604,C1605,C1606,C1607,C1686,C1687,C1688,C1689,C1690,C1691,C1692,C1693,C1694,C1695,C1696,C1779,C1780,C1781,C1782,C1783,C1784,C1785,C1786,C1787,C1788,C1789,C1873,C1874,C1875,C1876,C1877,C1878,C1879,C1880,C1881,C1882",89
JITFINFRA,2026-08-17,306.2,332.9,734.95,326.55,-6.23,-58.34,-8.02,-8.17,"C1,C2,C3,C8,C9,C10,C14,C18,C19,C20,C21,C31,C32,C33,C36,C40,C41,C42,C43,C52,C53,C54,C56,C60,C61,C62,C63,C73,C74,C75,C76,C187,C200,C211,C235,C1160,C1163,C1164,C1167,C1245,C1250,C1255,C1256,C1257,C1258,C1272,C1273,C1274,C1275,C1285,C1286,C1292,C1298,C1303,C1304,C1305,C1320,C1321,C1322,C1323,C1333,C1334,C1335,C1341,C1348,C1353,C1354,C1355,C1370,C1371,C1372,C1373,C1383,C1384,C1390,C1397,C1405,C1406,C1407,C1423,C1424,C1425,C1426,C1436,C1437",85
FINOPB,2026-08-17,146.95,163.7,345.0,153.15,-4.05,-57.41,-10.23,-5.17,"C8,C9,C10,C14,C31,C32,C33,C36,C52,C53,C54,C56,C73,C74,C75,C76,C91,C92,C93,C94,C187,C200,C211,C214,C235,C1160,C1163,C1164,C1250,C1255,C1256,C1257,C1258,C1272,C1273,C1274,C1275,C1285,C1286,C1298,C1303,C1304,C1305,C1320,C1321,C1322,C1323,C1333,C1334,C1335,C1348,C1353,C1354,C1355,C1370,C1371,C1372,C1373,C1383,C1384,C1397,C1405,C1406,C1407,C1423,C1424,C1425,C1426,C1436,C1437,C1454,C1463,C1464,C1465,C1466,C1483,C1484,C1485,C1486,C1495,C1496",81
ALOKINDS,2026-08-17,11.53,11.71,23.5,11.7,-1.45,-50.94,-1.54,-3.68,"C1285,C1286,C1287,C1288,C1289,C1333,C1334,C1335,C1336,C1337,C1338,C1383,C1384,C1385,C1386,C1387,C1436,C1437,C1438,C1439,C1440,C1495,C1496,C1497,C1498,C1543,C1544,C1545,C1546,C1547,C1548,C1549,C1550,C1597,C1598,C1599,C1600,C1601,C1602,C1603,C1604,C1686,C1687,C1688,C1689,C1690,C1691,C1692,C1693,C1779,C1780,C1781,C1782,C1783,C1784,C1785,C1786,C1873,C1874,C1875,C1876,C1877,C1878,C1879,C1913,C1914,C1915,C1916,C1917,C1918,C1919,C1920",72
ASTEC,2026-08-17,580.8,602.05,1263.85,589.6,-1.49,-54.05,-3.53,-6.4,"C1285,C1286,C1287,C1288,C1289,C1333,C1334,C1335,C1336,C1337,C1338,C1383,C1384,C1385,C1386,C1387,C1436,C1437,C1438,C1439,C1440,C1495,C1496,C1497,C1498,C1543,C1544,C1545,C1546,C1547,C1548,C1549,C1550,C1597,C1598,C1599,C1600,C1601,C1602,C1603,C1604,C1686,C1687,C1688,C1689,C1690,C1691,C1692,C1693,C1779,C1780,C1781,C1782,C1783,C1784,C1785,C1786,C1873,C1874,C1875,C1876,C1877,C1878,C1879,C1913,C1914,C1915,C1916,C1917,C1918,C1919,C1920",72
BSHSL,2026-08-17,88.65,96.82,179.99,90.37,-1.9,-50.75,-8.44,-9.93,"C1285,C1286,C1287,C1288,C1289,C1333,C1334,C1335,C1336,C1337,C1338,C1383,C1384,C1385,C1386,C1387,C1436,C1437,C1438,C1439,C1440,C1495,C1496,C1497,C1498,C1543,C1544,C1545,C1546,C1547,C1548,C1549,C1550,C1597,C1598,C1599,C1600,C1601,C1602,C1603,C1604,C1686,C1687,C1688,C1689,C1690,C1691,C1692,C1693,C1779,C1780,C1781,C1782,C1783,C1784,C1785,C1786,C1873,C1874,C1875,C1876,C1877,C1878,C1879,C1913,C1914,C1915,C1916,C1917,C1918,C1919,C1920",72
CRIZAC,2026-08-17,176.19,180.31,387.95,179.1,-1.62,-54.58,-2.28,-6.27,"C1285,C1286,C1287,C1288,C1289,C1333,C1334,C1335,C1336,C1337,C1338,C1383,C1384,C1385,C1386,C1387,C1436,C1437,C1438,C1439,C1440,C1495,C1496,C1497,C1498,C1543,C1544,C1545,C1546,C1547,C1548,C1549,C1550,C1597,C1598,C1599,C1600,C1601,C1602,C1603,C1604,C1686,C1687,C1688,C1689,C1690,C1691,C1692,C1693,C1779,C1780,C1781,C1782,C1783,C1784,C1785,C1786,C1873,C1874,C1875,C1876,C1877,C1878,C1879,C1913,C1914,C1915,C1916,C1917,C1918,C1919,C1920",72
DIAMINESQ,2026-08-17,235.85,240.04,514.25,239.5,-1.52,-54.14,-1.75,-9.56,"C1285,C1286,C1287,C1288,C1289,C1333,C1334,C1335,C1336,C1337,C1338,C1383,C1384,C1385,C1386,C1387,C1436,C1437,C1438,C1439,C1440,C1495,C1496,C1497,C1498,C1543,C1544,C1545,C1546,C1547,C1548,C1549,C1550,C1597,C1598,C1599,C1600,C1601,C1602,C1603,C1604,C1686,C1687,C1688,C1689,C1690,C1691,C1692,C1693,C1779,C1780,C1781,C1782,C1783,C1784,C1785,C1786,C1873,C1874,C1875,C1876,C1877,C1878,C1879,C1913,C1914,C1915,C1916,C1917,C1918,C1919,C1920",72
DIGISPICE,2026-08-17,16.62,17.59,35.5,16.88,-1.54,-53.18,-5.51,-21.6,"C1285,C1286,C1287,C1288,C1289,C1333,C1334,C1335,C1336,C1337,C1338,C1383,C1384,C1385,C1386,C1387,C1436,C1437,C1438,C1439,C1440,C1495,C1496,C1497,C1498,C1543,C1544,C1545,C1546,C1547,C1548,C1549,C1550,C1597,C1598,C1599,C1600,C1601,C1602,C1603,C1604,C1686,C1687,C1688,C1689,C1690,C1691,C1692,C1693,C1779,C1780,C1781,C1782,C1783,C1784,C1785,C1786,C1873,C1874,C1875,C1876,C1877,C1878,C1879,C1913,C1914,C1915,C1916,C1917,C1918,C1919,C1920",72
HLEGLAS,2026-08-17,314.6,332.25,661.95,321.0,-1.99,-52.47,-5.31,-32.64,"C1285,C1286,C1287,C1288,C1289,C1333,C1334,C1335,C1336,C1337,C1338,C1383,C1384,C1385,C1386,C1387,C1436,C1437,C1438,C1439,C1440,C1495,C1496,C1497,C1498,C1543,C1544,C1545,C1546,C1547,C1548,C1549,C1550,C1597,C1598,C1599,C1600,C1601,C1602,C1603,C1604,C1686,C1687,C1688,C1689,C1690,C1691,C1692,C1693,C1779,C1780,C1781,C1782,C1783,C1784,C1785,C1786,C1873,C1874,C1875,C1876,C1877,C1878,C1879,C1913,C1914,C1915,C1916,C1917,C1918,C1919,C1920",72
HPL,2026-08-17,312.35,318.4,639.9,317.05,-1.48,-51.19,-1.9,-8.7,"C1285,C1286,C1287,C1288,C1289,C1333,C1334,C1335,C1336,C1337,C1338,C1383,C1384,C1385,C1386,C1387,C1436,C1437,C1438,C1439,C1440,C1495,C1496,C1497,C1498,C1543,C1544,C1545,C1546,C1547,C1548,C1549,C1550,C1597,C1598,C1599,C1600,C1601,C1602,C1603,C1604,C1686,C1687,C1688,C1689,C1690,C1691,C1692,C1693,C1779,C1780,C1781,C1782,C1783,C1784,C1785,C1786,C1873,C1874,C1875,C1876,C1877,C1878,C1879,C1913,C1914,C1915,C1916,C1917,C1918,C1919,C1920",72
JWL,2026-08-17,252.65,257.6,524.35,256.65,-1.56,-51.82,-1.92,-2.83,"C1285,C1286,C1287,C1288,C1289,C1333,C1334,C1335,C1336,C1337,C1338,C1383,C1384,C1385,C1386,C1387,C1436,C1437,C1438,C1439,C1440,C1495,C1496,C1497,C1498,C1543,C1544,C1545,C1546,C1547,C1548,C1549,C1550,C1597,C1598,C1599,C1600,C1601,C1602,C1603,C1604,C1686,C1687,C1688,C1689,C1690,C1691,C1692,C1693,C1779,C1780,C1781,C1782,C1783,C1784,C1785,C1786,C1873,C1874,C1875,C1876,C1877,C1878,C1879,C1913,C1914,C1915,C1916,C1917,C1918,C1919,C1920",72
NILAINFRA,2026-08-17,7.02,7.22,15.49,7.15,-1.82,-54.68,-2.77,-6.02,"C1285,C1286,C1287,C1288,C1289,C1333,C1334,C1335,C1336,C1337,C1338,C1383,C1384,C1385,C1386,C1387,C1436,C1437,C1438,C1439,C1440,C1495,C1496,C1497,C1498,C1543,C1544,C1545,C1546,C1547,C1548,C1549,C1550,C1597,C1598,C1599,C1600,C1601,C1602,C1603,C1604,C1686,C1687,C1688,C1689,C1690,C1691,C1692,C1693,C1779,C1780,C1781,C1782,C1783,C1784,C1785,C1786,C1873,C1874,C1875,C1876,C1877,C1878,C1879,C1913,C1914,C1915,C1916,C1917,C1918,C1919,C1920",72
BOMDYEING,2026-08-17,113.89,115.58,198.95,115.16,-1.1,-42.75,-1.46,-5.27,"C1286,C1288,C1289,C1291,C1334,C1335,C1337,C1338,C1340,C1384,C1386,C1387,C1389,C1437,C1439,C1440,C1442,C1496,C1498,C1500,C1544,C1545,C1546,C1548,C1549,C1550,C1552,C1553,C1598,C1599,C1600,C1602,C1603,C1604,C1606,C1607,C1687,C1688,C1689,C1691,C1692,C1693,C1695,C1696,C1780,C1781,C1782,C1784,C1785,C1786,C1788,C1789,C1874,C1875,C1877,C1878,C1879,C1881,C1882,C1914,C1915,C1916,C1918,C1919,C1920,C1922,C1923,C1924,C1925",69
ISHANCH,2026-08-17,47.33,50.16,83.37,48.21,-1.83,-43.23,-5.64,-4.46,"C1286,C1288,C1289,C1291,C1334,C1335,C1337,C1338,C1340,C1384,C1386,C1387,C1389,C1437,C1439,C1440,C1442,C1496,C1498,C1500,C1544,C1545,C1546,C1548,C1549,C1550,C1552,C1553,C1598,C1599,C1600,C1602,C1603,C1604,C1606,C1607,C1687,C1688,C1689,C1691,C1692,C1693,C1695,C1696,C1780,C1781,C1782,C1784,C1785,C1786,C1788,C1789,C1874,C1875,C1877,C1878,C1879,C1881,C1882,C1914,C1915,C1916,C1918,C1919,C1920,C1922,C1923,C1924,C1925",69
RAILTEL,2026-08-17,279.95,285.2,478.95,284.0,-1.43,-41.55,-1.84,-2.98,"C1286,C1288,C1289,C1291,C1334,C1335,C1337,C1338,C1340,C1384,C1386,C1387,C1389,C1437,C1439,C1440,C1442,C1496,C1498,C1500,C1544,C1545,C1546,C1548,C1549,C1550,C1552,C1553,C1598,C1599,C1600,C1602,C1603,C1604,C1606,C1607,C1687,C1688,C1689,C1691,C1692,C1693,C1695,C1696,C1780,C1781,C1782,C1784,C1785,C1786,C1788,C1789,C1874,C1875,C1877,C1878,C1879,C1881,C1882,C1914,C1915,C1916,C1918,C1919,C1920,C1922,C1923,C1924,C1925",69
SEMAC,2026-08-17,310.95,390.65,558.95,320.55,-2.99,-44.37,-20.4,-8.3,"C1273,C1274,C1275,C1277,C1278,C1279,C1281,C1282,C1283,C1284,C1286,C1288,C1289,C1291,C1321,C1322,C1323,C1325,C1326,C1327,C1329,C1330,C1331,C1332,C1334,C1335,C1337,C1338,C1340,C1371,C1372,C1373,C1375,C1376,C1377,C1379,C1380,C1381,C1382,C1384,C1386,C1387,C1389,C1424,C1425,C1426,C1428,C1429,C1430,C1432,C1433,C1434,C1435,C1437,C1439,C1440,C1442,C1484,C1485,C1486,C1488,C1489,C1490,C1492,C1493,C1494,C1496,C1498,C1500",69
SHALBY,2026-08-17,153.16,156.15,274.7,155.0,-1.19,-44.24,-1.91,-4.33,"C1286,C1288,C1289,C1291,C1334,C1335,C1337,C1338,C1340,C1384,C1386,C1387,C1389,C1437,C1439,C1440,C1442,C1496,C1498,C1500,C1544,C1545,C1546,C1548,C1549,C1550,C1552,C1553,C1598,C1599,C1600,C1602,C1603,C1604,C1606,C1607,C1687,C1688,C1689,C1691,C1692,C1693,C1695,C1696,C1780,C1781,C1782,C1784,C1785,C1786,C1788,C1789,C1874,C1875,C1877,C1878,C1879,C1881,C1882,C1914,C1915,C1916,C1918,C1919,C1920,C1922,C1923,C1924,C1925",69
TECHNOE,2026-08-17,959.15,983.6,1720.0,975.0,-1.63,-44.24,-2.49,-10.04,"C1286,C1288,C1289,C1291,C1334,C1335,C1337,C1338,C1340,C1384,C1386,C1387,C1389,C1437,C1439,C1440,C1442,C1496,C1498,C1500,C1544,C1545,C1546,C1548,C1549,C1550,C1552,C1553,C1598,C1599,C1600,C1602,C1603,C1604,C1606,C1607,C1687,C1688,C1689,C1691,C1692,C1693,C1695,C1696,C1780,C1781,C1782,C1784,C1785,C1786,C1788,C1789,C1874,C1875,C1877,C1878,C1879,C1881,C1882,C1914,C1915,C1916,C1918,C1919,C1920,C1922,C1923,C1924,C1925",69
SAATVIKGL,2026-08-17,402.65,441.7,567.0,416.1,-3.23,-28.99,-8.84,-4.96,"C1258,C1263,C1268,C1271,C1305,C1310,C1315,C1318,C1355,C1360,C1365,C1368,C1407,C1412,C1417,C1420,C1422,C1466,C1471,C1476,C1480,C1482,C1517,C1520,C1523,C1525,C1531,C1536,C1570,C1574,C1577,C1579,C1585,C1590,C1651,C1656,C1661,C1665,C1668,C1673,C1678,C1683,C1744,C1749,C1754,C1758,C1761,C1766,C1771,C1776,C1838,C1843,C1848,C1852,C1855,C1860,C1865,C1870,C1894,C1896,C1898,C1900,C1904,C1907,C1910",65
SUPRIYA,2026-08-17,784.0,813.5,1085.0,808.5,-3.03,-27.74,-3.63,-15.1,"C1258,C1263,C1268,C1271,C1305,C1310,C1315,C1318,C1355,C1360,C1365,C1368,C1407,C1412,C1417,C1420,C1422,C1466,C1471,C1476,C1480,C1482,C1517,C1520,C1523,C1525,C1531,C1536,C1570,C1574,C1577,C1579,C1585,C1590,C1651,C1656,C1661,C1665,C1668,C1673,C1678,C1683,C1744,C1749,C1754,C1758,C1761,C1766,C1771,C1776,C1838,C1843,C1848,C1852,C1855,C1860,C1865,C1870,C1894,C1896,C1898,C1900,C1904,C1907,C1910",65
SANOFI,2026-08-17,3197.4,3248.6,6717.0,3232.0,-1.07,-52.4,-1.58,-4.54,"C1285,C1286,C1287,C1288,C1289,C1333,C1334,C1335,C1336,C1337,C1338,C1383,C1384,C1385,C1386,C1387,C1436,C1437,C1438,C1439,C1440,C1495,C1496,C1497,C1498,C1543,C1544,C1545,C1546,C1547,C1548,C1549,C1550,C1597,C1598,C1599,C1600,C1601,C1602,C1603,C1604,C1686,C1687,C1688,C1689,C1690,C1691,C1692,C1693,C1779,C1780,C1781,C1782,C1783,C1784,C1785,C1786,C1873,C1874,C1875,C1876,C1877,C1878,C1879",64
DENTA,2026-08-17,287.05,316.9,479.6,315.5,-9.02,-40.15,-9.42,-14.02,"C2,C3,C4,C6,C7,C9,C10,C12,C225,C1157,C1160,C1161,C1162,C1167,C1168,C1169,C1170,C1171,C1172,C1175,C1176,C1177,C1178,C1189,C1245,C1247,C1248,C1249,C1250,C1251,C1252,C1253,C1254,C1255,C1256,C1257,C1258,C1260,C1261,C1262,C1263,C1265,C1266,C1267,C1268,C1269,C1270,C1271,C1273,C1274,C1275,C1277,C1278,C1279,C1281,C1282,C1283,C1284,C1286,C1288,C1289,C1291",62
BAIDFIN,2026-08-17,9.6,9.99,17.0,9.77,-1.74,-43.53,-3.9,-4.29,"C1286,C1288,C1289,C1291,C1334,C1335,C1337,C1338,C1340,C1384,C1386,C1387,C1389,C1437,C1439,C1440,C1442,C1496,C1498,C1500,C1544,C1545,C1546,C1548,C1549,C1550,C1552,C1553,C1598,C1599,C1600,C1602,C1603,C1604,C1606,C1607,C1687,C1688,C1689,C1691,C1692,C1693,C1695,C1696,C1780,C1781,C1782,C1784,C1785,C1786,C1788,C1789,C1874,C1875,C1877,C1878,C1879,C1881,C1882",59
BNAGROCHEM,2026-08-17,232.75,246.0,312.0,242.0,-3.82,-25.4,-5.39,-19.62,"C1258,C1263,C1268,C1271,C1305,C1310,C1315,C1318,C1355,C1360,C1365,C1368,C1407,C1412,C1417,C1420,C1422,C1466,C1471,C1476,C1480,C1482,C1517,C1520,C1523,C1525,C1531,C1536,C1570,C1574,C1577,C1579,C1585,C1590,C1651,C1656,C1661,C1665,C1668,C1673,C1678,C1683,C1744,C1749,C1754,C1758,C1761,C1766,C1771,C1776,C1838,C1843,C1848,C1852,C1855,C1860,C1865,C1870",58
HINDPETRO,2026-08-17,371.0,392.9,508.45,385.65,-3.8,-27.03,-5.57,-5.61,"C1258,C1263,C1268,C1271,C1305,C1310,C1315,C1318,C1355,C1360,C1365,C1368,C1407,C1412,C1417,C1420,C1422,C1466,C1471,C1476,C1480,C1482,C1517,C1520,C1523,C1525,C1531,C1536,C1570,C1574,C1577,C1579,C1585,C1590,C1651,C1656,C1661,C1665,C1668,C1673,C1678,C1683,C1744,C1749,C1754,C1758,C1761,C1766,C1771,C1776,C1838,C1843,C1848,C1852,C1855,C1860,C1865,C1870",58
KERNEX,2026-08-17,1751.7,2242.7,2580.0,1876.2,-6.64,-32.1,-21.89,-28.55,"C240,C244,C248,C250,C251,C255,C283,C287,C291,C293,C298,C302,C327,C331,C335,C337,C341,C345,C373,C374,C380,C381,C383,C385,C389,C390,C394,C398,C1198,C1199,C1883,C1884,C1885,C1886,C1887,C1888,C1889,C1890,C1891,C1893,C1894,C1895,C1896,C1897,C1898,C1899,C1900,C1901,C1903,C1904,C1906,C1907,C1909,C1910,C1912,C1916,C1920,C1924",58
SRM,2026-08-17,471.5,501.1,649.95,488.5,-3.48,-27.46,-5.91,-9.45,"C1258,C1263,C1268,C1271,C1305,C1310,C1315,C1318,C1355,C1360,C1365,C1368,C1407,C1412,C1417,C1420,C1422,C1466,C1471,C1476,C1480,C1482,C1517,C1520,C1523,C1525,C1531,C1536,C1570,C1574,C1577,C1579,C1585,C1590,C1651,C1656,C1661,C1665,C1668,C1673,C1678,C1683,C1744,C1749,C1754,C1758,C1761,C1766,C1771,C1776,C1838,C1843,C1848,C1852,C1855,C1860,C1865,C1870",58
BANSWRAS,2026-08-17,115.47,120.22,165.49,119.03,-2.99,-30.23,-3.95,-6.79,"C1275,C1279,C1323,C1327,C1373,C1377,C1426,C1430,C1486,C1490,C1530,C1531,C1535,C1536,C1540,C1546,C1550,C1584,C1585,C1589,C1590,C1594,C1600,C1604,C1672,C1673,C1677,C1678,C1682,C1683,C1689,C1693,C1765,C1766,C1770,C1771,C1775,C1776,C1782,C1786,C1859,C1860,C1864,C1865,C1869,C1870,C1879,C1903,C1904,C1906,C1907,C1909,C1910,C1912,C1916,C1920,C1924",57
PTC,2026-08-17,160.62,164.8,229.51,164.35,-2.27,-30.02,-2.54,-20.99,"C1275,C1279,C1323,C1327,C1373,C1377,C1426,C1430,C1486,C1490,C1530,C1531,C1535,C1536,C1540,C1546,C1550,C1584,C1585,C1589,C1590,C1594,C1600,C1604,C1672,C1673,C1677,C1678,C1682,C1683,C1689,C1693,C1765,C1766,C1770,C1771,C1775,C1776,C1782,C1786,C1859,C1860,C1864,C1865,C1869,C1870,C1879,C1903,C1904,C1906,C1907,C1909,C1910,C1912,C1916,C1920,C1924",57
PARASPETRO,2026-08-17,2.3,2.44,3.44,2.38,-3.36,-33.14,-5.74,-11.2,"C1257,C1258,C1262,C1263,C1267,C1268,C1270,C1271,C1275,C1279,C1304,C1305,C1309,C1310,C1314,C1315,C1317,C1318,C1319,C1323,C1327,C1354,C1355,C1359,C1360,C1364,C1365,C1367,C1368,C1369,C1373,C1377,C1406,C1407,C1411,C1412,C1416,C1417,C1419,C1420,C1421,C1422,C1426,C1430,C1465,C1466,C1470,C1471,C1475,C1476,C1479,C1480,C1481,C1482,C1486,C1490",56
THOMASCOTT,2026-08-17,301.1,326.3,459.8,310.65,-3.07,-34.52,-7.72,-4.46,"C1257,C1258,C1262,C1263,C1267,C1268,C1270,C1271,C1275,C1279,C1304,C1305,C1309,C1310,C1314,C1315,C1317,C1318,C1319,C1323,C1327,C1354,C1355,C1359,C1360,C1364,C1365,C1367,C1368,C1369,C1373,C1377,C1406,C1407,C1411,C1412,C1416,C1417,C1419,C1420,C1421,C1422,C1426,C1430,C1465,C1466,C1470,C1471,C1475,C1476,C1479,C1480,C1481,C1482,C1486,C1490",56
VIPCLOTHNG,2026-08-17,20.59,27.25,49.2,21.41,-3.83,-58.15,-24.44,-6.24,"C14,C36,C56,C76,C94,C211,C235,C1164,C1255,C1256,C1257,C1258,C1272,C1273,C1274,C1275,C1285,C1286,C1303,C1304,C1305,C1320,C1321,C1322,C1323,C1333,C1334,C1335,C1353,C1354,C1355,C1370,C1371,C1372,C1373,C1383,C1384,C1405,C1406,C1407,C1423,C1424,C1425,C1426,C1436,C1437,C1463,C1464,C1465,C1466,C1483,C1484,C1485,C1486,C1495,C1496",56
AKASH,2026-08-17,25.43,26.23,36.45,26.0,-2.19,-30.23,-3.05,-3.38,"C1275,C1279,C1323,C1327,C1373,C1377,C1426,C1430,C1486,C1490,C1530,C1531,C1535,C1536,C1540,C1546,C1550,C1584,C1585,C1589,C1590,C1594,C1600,C1604,C1672,C1673,C1677,C1678,C1682,C1683,C1689,C1693,C1765,C1766,C1770,C1771,C1775,C1776,C1782,C1786,C1859,C1860,C1864,C1865,C1869,C1870,C1879,C1916,C1920,C1924",50
HECPROJECT,2026-08-17,119.89,137.91,163.56,130.01,-7.78,-26.7,-13.07,-9.69,"C1245,C1247,C1248,C1249,C1250,C1251,C1252,C1254,C1258,C1263,C1268,C1271,C1292,C1294,C1296,C1297,C1298,C1299,C1301,C1302,C1305,C1310,C1315,C1318,C1341,C1343,C1345,C1346,C1347,C1348,C1349,C1351,C1352,C1355,C1360,C1365,C1368",37
BEDMUTHA,2026-08-17,109.11,115.62,216.0,110.5,-1.26,-49.49,-5.63,-3.45,"C1285,C1286,C1287,C1288,C1289,C1290,C1291,C1333,C1334,C1335,C1336,C1337,C1338,C1339,C1340,C1383,C1384,C1385,C1386,C1387,C1388,C1389,C1436,C1437,C1438,C1439,C1440,C1441,C1442,C1495,C1496,C1497,C1498,C1499,C1500",35
BFUTILITIE,2026-08-17,545.65,560.3,898.7,553.05,-1.34,-39.28,-2.61,-2.32,"C1289,C1335,C1338,C1387,C1440,C1545,C1546,C1549,C1550,C1553,C1599,C1600,C1603,C1604,C1607,C1688,C1689,C1692,C1693,C1696,C1781,C1782,C1785,C1786,C1789,C1875,C1878,C1879,C1882,C1915,C1916,C1919,C1920,C1923,C1924",35
DYNPRO,2026-08-17,232.05,237.3,424.4,235.35,-1.4,-45.32,-2.21,-10.99,"C1285,C1286,C1287,C1288,C1289,C1290,C1291,C1333,C1334,C1335,C1336,C1337,C1338,C1339,C1340,C1383,C1384,C1385,C1386,C1387,C1388,C1389,C1436,C1437,C1438,C1439,C1440,C1441,C1442,C1495,C1496,C1497,C1498,C1499,C1500",35
EXXARO,2026-08-17,6.0,6.19,10.95,6.1,-1.64,-45.21,-3.07,-2.6,"C1285,C1286,C1287,C1288,C1289,C1290,C1291,C1333,C1334,C1335,C1336,C1337,C1338,C1339,C1340,C1383,C1384,C1385,C1386,C1387,C1388,C1389,C1436,C1437,C1438,C1439,C1440,C1441,C1442,C1495,C1496,C1497,C1498,C1499,C1500",35
FINPIPE,2026-08-17,159.36,161.91,255.1,161.0,-1.02,-37.53,-1.57,-3.08,"C1289,C1335,C1338,C1387,C1440,C1545,C1546,C1549,C1550,C1553,C1599,C1600,C1603,C1604,C1607,C1688,C1689,C1692,C1693,C1696,C1781,C1782,C1785,C1786,C1789,C1875,C1878,C1879,C1882,C1915,C1916,C1919,C1920,C1923,C1924",35
HBLENGINE,2026-08-17,674.6,693.05,1122.0,688.0,-1.95,-39.88,-2.66,-7.22,"C1289,C1335,C1338,C1387,C1440,C1545,C1546,C1549,C1550,C1553,C1599,C1600,C1603,C1604,C1607,C1688,C1689,C1692,C1693,C1696,C1781,C1782,C1785,C1786,C1789,C1875,C1878,C1879,C1882,C1915,C1916,C1919,C1920,C1923,C1924",35
KLBRENG-B,2026-08-17,346.9,358.9,544.85,353.0,-1.73,-36.33,-3.34,-10.8,"C1289,C1335,C1338,C1387,C1440,C1545,C1546,C1549,C1550,C1553,C1599,C1600,C1603,C1604,C1607,C1688,C1689,C1692,C1693,C1696,C1781,C1782,C1785,C1786,C1789,C1875,C1878,C1879,C1882,C1915,C1916,C1919,C1920,C1923,C1924",35
LALPATHLAB,2026-08-17,1877.3,1968.4,3540.0,1907.1,-1.56,-46.97,-4.63,-2.81,"C1285,C1286,C1287,C1288,C1289,C1290,C1291,C1333,C1334,C1335,C1336,C1337,C1338,C1339,C1340,C1383,C1384,C1385,C1386,C1387,C1388,C1389,C1436,C1437,C1438,C1439,C1440,C1441,C1442,C1495,C1496,C1497,C1498,C1499,C1500",35
LANDSMILL,2026-08-17,0.75,0.76,1.17,0.76,-1.32,-35.9,-1.32,-6.25,"C1289,C1335,C1338,C1387,C1440,C1545,C1546,C1549,C1550,C1553,C1599,C1600,C1603,C1604,C1607,C1688,C1689,C1692,C1693,C1696,C1781,C1782,C1785,C1786,C1789,C1875,C1878,C1879,C1882,C1915,C1916,C1919,C1920,C1923,C1924",35
SAKUMA,2026-08-17,1.6,1.67,3.1,1.62,-1.23,-48.39,-4.19,-1.84,"C1285,C1286,C1287,C1288,C1289,C1290,C1291,C1333,C1334,C1335,C1336,C1337,C1338,C1339,C1340,C1383,C1384,C1385,C1386,C1387,C1388,C1389,C1436,C1437,C1438,C1439,C1440,C1441,C1442,C1495,C1496,C1497,C1498,C1499,C1500",35
SINCLAIR,2026-08-17,74.64,76.11,139.4,75.5,-1.14,-46.46,-1.93,-3.1,"C1285,C1286,C1287,C1288,C1289,C1290,C1291,C1333,C1334,C1335,C1336,C1337,C1338,C1339,C1340,C1383,C1384,C1385,C1386,C1387,C1388,C1389,C1436,C1437,C1438,C1439,C1440,C1441,C1442,C1495,C1496,C1497,C1498,C1499,C1500",35
VSTIND,2026-08-17,214.5,217.27,346.9,217.0,-1.15,-38.17,-1.27,-2.4,"C1289,C1335,C1338,C1387,C1440,C1545,C1546,C1549,C1550,C1553,C1599,C1600,C1603,C1604,C1607,C1688,C1689,C1692,C1693,C1696,C1781,C1782,C1785,C1786,C1789,C1875,C1878,C1879,C1882,C1915,C1916,C1919,C1920,C1923,C1924",35
KAMOPAINTS,2026-08-17,4.43,4.54,10.76,4.5,-1.56,-58.83,-2.42,-3.49,"C1285,C1286,C1333,C1334,C1335,C1383,C1384,C1436,C1437,C1495,C1496,C1543,C1544,C1545,C1546,C1597,C1598,C1599,C1600,C1686,C1687,C1688,C1689,C1779,C1780,C1781,C1782,C1873,C1874,C1875,C1913,C1914,C1915,C1916",34
BHANDARI,2026-08-17,3.03,3.73,7.3,3.1,-2.26,-58.49,-18.77,-10.36,"C1272,C1273,C1274,C1275,C1285,C1286,C1320,C1321,C1322,C1323,C1333,C1334,C1335,C1370,C1371,C1372,C1373,C1383,C1384,C1423,C1424,C1425,C1426,C1436,C1437,C1483,C1484,C1485,C1486,C1495,C1496",31
BIGBLOC,2026-08-17,44.33,45.37,106.55,45.25,-2.03,-58.4,-2.29,-5.38,"C1272,C1273,C1274,C1275,C1285,C1286,C1320,C1321,C1322,C1323,C1333,C1334,C1335,C1370,C1371,C1372,C1373,C1383,C1384,C1423,C1424,C1425,C1426,C1436,C1437,C1483,C1484,C1485,C1486,C1495,C1496",31
DBREALTY,2026-08-17,108.51,112.89,252.67,110.0,-1.35,-57.05,-3.88,-7.82,"C1285,C1286,C1333,C1334,C1335,C1383,C1384,C1436,C1437,C1495,C1496,C1543,C1544,C1545,C1546,C1597,C1598,C1599,C1600,C1686,C1687,C1688,C1689,C1779,C1780,C1781,C1782,C1873,C1874,C1875",30
ESSENTIA,2026-08-17,1.32,1.45,3.2,1.34,-1.49,-58.75,-8.97,-22.35,"C1285,C1286,C1333,C1334,C1335,C1383,C1384,C1436,C1437,C1495,C1496,C1543,C1544,C1545,C1546,C1597,C1598,C1599,C1600,C1686,C1687,C1688,C1689,C1779,C1780,C1781,C1782,C1873,C1874,C1875",30
MALLCOM,2026-08-17,956.0,978.9,1564.0,969.1,-1.35,-38.87,-2.34,-3.87,"C1289,C1335,C1338,C1387,C1440,C1545,C1546,C1549,C1550,C1553,C1599,C1600,C1603,C1604,C1607,C1688,C1689,C1692,C1693,C1696,C1781,C1782,C1785,C1786,C1789,C1875,C1878,C1879,C1882",29
HEADSUP,2026-08-17,6.69,7.06,14.48,6.77,-1.18,-53.8,-5.24,-4.29,"C1285,C1286,C1287,C1288,C1289,C1333,C1334,C1335,C1336,C1337,C1338,C1383,C1384,C1385,C1386,C1387,C1436,C1437,C1438,C1439,C1440,C1495,C1496,C1497,C1498",25
INDOFARM,2026-08-17,144.1,146.87,293.2,145.76,-1.14,-50.85,-1.89,-9.35,"C1285,C1286,C1287,C1288,C1289,C1333,C1334,C1335,C1336,C1337,C1338,C1383,C1384,C1385,C1386,C1387,C1436,C1437,C1438,C1439,C1440,C1495,C1496,C1497,C1498",25
MVGJL,2026-08-17,152.64,155.54,315.5,154.22,-1.02,-51.62,-1.86,-10.19,"C1285,C1286,C1287,C1288,C1289,C1333,C1334,C1335,C1336,C1337,C1338,C1383,C1384,C1385,C1386,C1387,C1436,C1437,C1438,C1439,C1440,C1495,C1496,C1497,C1498",25
DDEVPLSTIK,2026-08-17,269.3,285.3,360.0,280.1,-3.86,-25.19,-5.61,-6.56,"C1258,C1263,C1268,C1271,C1305,C1310,C1315,C1318,C1355,C1360,C1365,C1368,C1407,C1412,C1417,C1420,C1422,C1466,C1471,C1476,C1480,C1482",22
JPOLYINVST,2026-08-17,1006.6,1063.1,1487.7,1031.2,-2.39,-32.34,-5.31,-5.59,"C1275,C1279,C1323,C1327,C1373,C1377,C1426,C1430,C1486,C1490,C1546,C1550,C1600,C1604,C1689,C1693,C1782,C1786,C1879,C1916,C1920,C1924",22
COCHINSHIP,2026-08-17,1457.8,1507.0,2545.0,1482.6,-1.67,-42.72,-3.26,-4.07,"C1286,C1288,C1289,C1291,C1334,C1335,C1337,C1338,C1340,C1384,C1386,C1387,C1389,C1437,C1439,C1440,C1442,C1496,C1498,C1500",20
INFY,2026-08-17,1139.9,1175.0,1982.8,1155.6,-1.36,-42.51,-2.99,-3.0,"C1286,C1288,C1289,C1291,C1334,C1335,C1337,C1338,C1340,C1384,C1386,C1387,C1389,C1437,C1439,C1440,C1442,C1496,C1498,C1500",20
MEDICO,2026-08-17,44.27,47.86,79.83,45.02,-1.67,-44.54,-7.5,-5.77,"C1286,C1288,C1289,C1291,C1334,C1335,C1337,C1338,C1340,C1384,C1386,C1387,C1389,C1437,C1439,C1440,C1442,C1496,C1498,C1500",20
MOHITIND,2026-08-17,23.22,24.53,40.19,23.51,-1.23,-42.22,-5.34,-14.95,"C1286,C1288,C1289,C1291,C1334,C1335,C1337,C1338,C1340,C1384,C1386,C1387,C1389,C1437,C1439,C1440,C1442,C1496,C1498,C1500",20
NAVA,2026-08-17,559.65,581.15,1014.9,568.1,-1.49,-44.86,-3.7,-3.82,"C1286,C1288,C1289,C1291,C1334,C1335,C1337,C1338,C1340,C1384,C1386,C1387,C1389,C1437,C1439,C1440,C1442,C1496,C1498,C1500",20
NESTLEIND,2026-08-17,1470.0,1506.9,2515.0,1491.3,-1.43,-41.55,-2.45,-4.55,"C1286,C1288,C1289,C1291,C1334,C1335,C1337,C1338,C1340,C1384,C1386,C1387,C1389,C1437,C1439,C1440,C1442,C1496,C1498,C1500",20
SAGCEM,2026-08-17,169.01,173.85,299.4,171.45,-1.42,-43.55,-2.78,-2.31,"C1286,C1288,C1289,C1291,C1334,C1335,C1337,C1338,C1340,C1384,C1386,C1387,C1389,C1437,C1439,C1440,C1442,C1496,C1498,C1500",20
TIGERLOGS,2026-08-17,27.08,38.06,56.69,27.75,-2.41,-52.23,-28.85,-30.88,"C507,C508,C509,C510,C548,C549,C550,C551,C587,C588,C589,C590,C637,C638,C639,C688,C689,C690,C691,C1159",20
FACT,2026-08-17,793.25,818.95,1112.0,816.0,-2.79,-28.66,-3.14,-5.5,"C1531,C1536,C1585,C1590,C1673,C1678,C1683,C1766,C1771,C1776,C1860,C1865,C1870,C1904,C1907,C1910",16
GLOSTERLTD,2026-08-17,619.75,649.05,830.0,638.2,-2.89,-25.33,-4.51,-11.14,"C1531,C1536,C1585,C1590,C1673,C1678,C1683,C1766,C1771,C1776,C1860,C1865,C1870,C1904,C1907,C1910",16
SURYALA,2026-08-17,371.35,385.65,508.0,380.0,-2.28,-26.9,-3.71,-6.91,"C1531,C1536,C1585,C1590,C1673,C1678,C1683,C1766,C1771,C1776,C1860,C1865,C1870,C1904,C1907,C1910",16
VAIBHAVGBL,2026-08-17,226.45,233.4,304.7,231.25,-2.08,-25.68,-2.98,-6.79,"C1531,C1536,C1585,C1590,C1673,C1678,C1683,C1766,C1771,C1776,C1860,C1865,C1870",13
BANCOINDIA,2026-08-17,611.15,626.8,879.8,622.5,-1.82,-30.54,-2.5,-11.03,"C1546,C1550,C1600,C1604,C1689,C1693,C1782,C1786,C1879,C1916,C1920,C1924",12
MOIL,2026-08-17,272.8,279.6,405.6,276.9,-1.48,-32.74,-2.43,-1.92,"C1546,C1550,C1600,C1604,C1689,C1693,C1782,C1786,C1879,C1916,C1920,C1924",12
NBCC,2026-08-17,89.75,92.07,130.7,90.9,-1.27,-31.33,-2.52,-5.85,"C1546,C1550,C1600,C1604,C1689,C1693,C1782,C1786,C1879,C1916,C1920,C1924",12
SHRIRAMPPS,2026-08-17,76.27,78.01,113.19,77.33,-1.37,-32.62,-2.23,-9.71,"C1546,C1550,C1600,C1604,C1689,C1693,C1782,C1786,C1879,C1916,C1920,C1924",12
BANG,2026-08-17,28.8,30.2,64.01,29.1,-1.03,-55.01,-4.64,-4.03,"C1285,C1286,C1333,C1334,C1335,C1383,C1384,C1436,C1437,C1495,C1496",11
DGCONTENT,2026-08-17,24.33,24.85,59.28,24.81,-1.93,-58.96,-2.09,-5.77,"C1285,C1286,C1333,C1334,C1335,C1383,C1384,C1436,C1437,C1495,C1496",11
BALPHARMA,2026-08-17,85.0,88.24,128.74,86.04,-1.21,-33.98,-3.67,-4.74,"C1546,C1550,C1600,C1604,C1689,C1693,C1782,C1786,C1879",9
TVSSCS,2026-08-17,121.48,127.54,180.72,123.45,-1.6,-32.78,-4.75,-9.2,"C1546,C1550,C1600,C1604,C1689,C1693,C1782,C1786,C1879",9
VINYLINDIA,2026-08-17,236.57,240.46,361.2,239.61,-1.27,-34.5,-1.62,-2.53,"C1546,C1550,C1600,C1604,C1689,C1693,C1782,C1786,C1879",9
EUROBOND,2026-08-17,155.0,165.25,254.5,157.05,-1.31,-39.1,-6.2,-6.05,"C1289,C1335,C1338,C1387,C1440",5
FSL,2026-08-17,267.75,272.2,422.3,271.0,-1.2,-36.6,-1.63,-4.32,"C1289,C1335,C1338,C1387,C1440",5
GAYAHWS,2026-08-17,1.89,1.97,3.02,1.91,-1.05,-37.42,-4.06,-4.55,"C1289,C1335,C1338,C1387,C1440",5
NATCOPHARM,2026-08-17,889.8,951.7,1420.0,903.25,-1.49,-37.34,-6.5,-2.93,"C1289,C1335,C1338,C1387,C1440",5
PFS,2026-08-17,28.14,28.62,44.45,28.5,-1.26,-36.69,-1.68,-3.03,"C1289,C1335,C1338,C1387,C1440",5
SATIA,2026-08-17,59.24,60.88,97.5,60.0,-1.27,-39.24,-2.69,-6.68,"C1289,C1335,C1338,C1387,C1440",5
