SYMBOL,SIGNAL_DATE,SIGNAL_CLOSE,PREV_CLOSE,ATH_PRICE,MIN_5D_LOW,PCT_FROM_LOW,PCT_FROM_ATH,PCT_1D_CHANGE,CHG_5D,CONFIGS_MATCHED,CONFIG_COUNT
PVSL,2026-10-01,89.86,95.5,163.0,95.0,-5.41,-44.87,-5.91,-8.97,"C2,C3,C4,C6,C7,C9,C10,C12,C19,C20,C21,C22,C23,C24,C25,C26,C27,C28,C29,C32,C33,C35,C41,C42,C43,C44,C45,C46,C47,C48,C49,C50,C53,C54,C61,C62,C63,C64,C65,C66,C67,C68,C69,C70,C74,C75,C80,C81,C82,C83,C84,C85,C86,C87,C88,C92,C93,C98,C99,C100,C101,C102,C103,C104,C105,C106,C107,C108,C109,C111,C112,C113,C114,C115,C117,C118,C119,C120,C121,C122,C123,C124,C125,C126,C127,C128,C129,C130,C132,C133,C134,C135,C136,C137,C138,C139,C140,C141,C143,C144,C145,C146,C147,C148,C149,C150,C152,C153,C154,C155,C156,C157,C158,C159,C160,C161,C162,C163,C166,C167,C168,C169,C170,C171,C172,C173,C174,C175,C176,C178,C179,C180,C181,C182,C183,C184,C186,C187,C188,C189,C190,C191,C192,C193,C194,C195,C199,C200,C201,C202,C203,C204,C205,C206,C207,C208,C211,C212,C214,C215,C216,C217,C218,C219,C220,C221,C225,C227,C228,C229,C230,C231,C234,C235,C236,C238,C239,C240,C242,C243,C244,C246,C247,C248,C249,C250,C251,C253,C254,C255,C257,C258,C259,C260,C262,C263,C265,C266,C268,C269,C270,C271,C274,C276,C278,C279,C281,C282,C283,C285,C286,C287,C289,C290,C291,C292,C293,C296,C297,C298,C300,C301,C302,C304,C305,C306,C307,C309,C310,C312,C313,C315,C316,C319,C321,C323,C325,C326,C327,C329,C330,C331,C333,C334,C335,C336,C337,C339,C340,C341,C343,C344,C345,C347,C348,C349,C350,C352,C353,C355,C356,C358,C359,C360,C361,C364,C366,C368,C369,C371,C372,C373,C374,C376,C377,C378,C379,C380,C381,C382,C383,C387,C388,C389,C390,C392,C393,C394,C396,C397,C398,C399,C400,C403,C404,C406,C407,C409,C410,C411,C412,C415,C417,C419,C421,C422,C423,C424,C426,C427,C428,C429,C431,C432,C433,C434,C435,C436,C440,C441,C442,C443,C445,C446,C447,C449,C450,C451,C452,C455,C456,C458,C459,C460,C461,C464,C466,C468,C470,C471,C472,C474,C475,C476,C478,C479,C480,C481,C482,C484,C485,C486,C488,C489,C490,C492,C493,C494,C495,C497,C498,C500,C501,C503,C504,C505,C508,C510,C512,C513,C514,C516,C517,C518,C520,C521,C522,C523,C524,C526,C527,C528,C530,C531,C533,C534,C535,C536,C538,C539,C541,C542,C544,C545,C546,C549,C551,C553,C554,C555,C556,C558,C559,C560,C561,C563,C564,C565,C566,C567,C569,C570,C571,C572,C573,C574,C575,C577,C578,C580,C581,C583,C584,C585,C588,C590,C591,C593,C594,C595,C596,C598,C599,C600,C601,C603,C604,C605,C606,C607,C608,C609,C613,C614,C615,C616,C618,C619,C620,C622,C623,C624,C625,C628,C629,C631,C632,C634,C635,C636,C639,C641,C642,C643,C644,C646,C647,C648,C650,C651,C652,C653,C654,C655,C656,C657,C662,C663,C664,C665,C667,C668,C669,C670,C672,C673,C674,C675,C678,C679,C681,C682,C684,C685,C686,C689,C691,C693,C694,C695,C697,C698,C699,C701,C702,C703,C704,C705,C707,C708,C709,C711,C712,C713,C715,C716,C717,C718,C721,C722,C724,C725,C727,C728,C731,C733,C734,C735,C737,C738,C739,C741,C742,C743,C745,C746,C747,C748,C750,C751,C752,C754,C755,C756,C758,C759,C760,C761,C763,C764,C765,C768,C770,C771,C773,C774,C775,C776,C778,C779,C780,C781,C783,C784,C785,C786,C787,C788,C790,C791,C792,C793,C795,C796,C797,C799,C800,C801,C802,C803,C805,C806,C808,C809,C811,C812,C815,C817,C818,C819,C820,C821,C822,C823,C824,C826,C827,C828,C829,C830,C831,C832,C836,C837,C838,C839,C841,C842,C843,C845,C846,C847,C848,C849,C852,C853,C855,C856,C857,C858,C861,C863,C864,C866,C867,C868,C869,C871,C872,C873,C874,C876,C877,C878,C879,C880,C881,C882,C883,C887,C888,C889,C890,C892,C893,C894,C895,C897,C898,C899,C901,C902,C904,C905,C906,C907,C910,C912,C913,C915,C916,C917,C918,C920,C921,C922,C924,C925,C926,C927,C928,C929,C931,C932,C933,C934,C936,C937,C938,C940,C941,C942,C943,C944,C946,C947,C949,C950,C952,C953,C954,C957,C958,C960,C961,C963,C964,C965,C966,C968,C969,C970,C972,C973,C974,C975,C976,C977,C979,C980,C981,C982,C984,C985,C986,C988,C989,C990,C991,C992,C994,C995,C997,C998,C1000,C1001,C1002,C1005,C1007,C1008,C1009,C1011,C1012,C1013,C1014,C1016,C1017,C1018,C1019,C1021,C1022,C1023,C1024,C1025,C1026,C1027,C1028,C1029,C1030,C1031,C1033,C1034,C1035,C1036,C1037,C1039,C1040,C1042,C1043,C1045,C1046,C1047,C1050,C1052,C1053,C1054,C1056,C1057,C1058,C1059,C1061,C1062,C1063,C1064,C1066,C1067,C1068,C1069,C1070,C1071,C1072,C1073,C1077,C1078,C1079,C1080,C1082,C1083,C1084,C1085,C1087,C1088,C1089,C1090,C1091,C1092,C1095,C1096,C1098,C1099,C1101,C1102,C1104,C1106,C1107,C1108,C1110,C1111,C1112,C1113,C1114,C1116,C1117,C1118,C1119,C1120,C1124,C1125,C1126,C1128,C1129,C1130,C1132,C1133,C1134,C1135,C1136,C1137,C1140,C1141,C1143,C1144,C1146,C1147,C1148,C1149,C1151,C1153,C1154,C1155,C1156,C1157,C1158,C1159,C1160,C1161,C1162,C1163,C1164,C1165,C1167,C1168,C1169,C1170,C1171,C1172,C1175,C1176,C1177,C1178,C1180,C1182,C1183,C1184,C1187,C1188,C1189,C1190,C1193,C1194,C1195,C1196,C1197,C1198,C1199,C1201,C1202,C1203,C1204,C1205,C1206,C1207,C1209,C1210,C1212,C1213,C1215,C1216,C1218,C1219,C1221,C1222,C1224,C1225,C1226,C1228,C1230,C1231,C1232,C1233,C1235,C1236,C1238,C1239,C1240,C1242,C1243,C1245,C1247,C1248,C1249,C1250,C1251,C1252,C1253,C1254,C1255,C1256,C1257,C1258,C1260,C1261,C1262,C1263,C1265,C1266,C1267,C1268,C1269,C1270,C1271,C1273,C1274,C1275,C1277,C1278,C1279,C1281,C1282,C1283,C1284,C1286,C1288,C1289,C1291,C1292,C1294,C1296,C1297,C1298,C1299,C1301,C1302,C1303,C1304,C1305,C1307,C1308,C1309,C1310,C1312,C1313,C1314,C1315,C1316,C1317,C1318,C1321,C1322,C1323,C1325,C1326,C1327,C1329,C1330,C1331,C1332,C1334,C1335,C1337,C1338,C1340,C1341,C1343,C1345,C1346,C1348,C1349,C1351,C1352,C1353,C1354,C1355,C1357,C1358,C1359,C1360,C1362,C1363,C1364,C1365,C1366,C1367,C1368,C1371,C1372,C1373,C1375,C1376,C1377,C1379,C1380,C1381,C1382,C1384,C1386,C1387,C1389,C1390,C1392,C1394,C1395,C1397,C1399,C1401,C1402,C1403,C1405,C1406,C1407,C1409,C1410,C1411,C1412,C1414,C1415,C1416,C1417,C1418,C1419,C1420,C1424,C1425,C1426,C1428,C1429,C1430,C1432,C1433,C1434,C1435,C1437,C1439,C1440,C1442,C1444,C1445,C1447,C1448,C1450,C1451,C1452,C1454,C1456,C1458,C1459,C1460,C1461,C1463,C1464,C1465,C1466,C1468,C1469,C1470,C1471,C1473,C1474,C1475,C1476,C1477,C1478,C1479,C1480,C1484,C1485,C1486,C1488,C1489,C1490,C1492,C1493,C1494,C1496,C1498,C1500,C1502,C1504,C1506,C1508,C1510,C1512,C1513,C1514,C1516,C1517,C1519,C1520,C1522,C1523,C1524,C1525,C1528,C1529,C1530,C1531,C1533,C1534,C1535,C1536,C1538,C1539,C1540,C1541,C1542,C1544,C1545,C1546,C1548,C1549,C1550,C1552,C1553,C1555,C1557,C1559,C1561,C1563,C1565,C1566,C1567,C1569,C1570,C1572,C1573,C1574,C1576,C1577,C1578,C1579,C1582,C1583,C1584,C1585,C1587,C1588,C1589,C1590,C1592,C1593,C1594,C1595,C1596,C1598,C1599,C1600,C1602,C1603,C1604,C1606,C1607,C1609,C1610,C1611,C1613,C1614,C1615,C1616,C1618,C1619,C1620,C1621,C1622,C1623,C1624,C1625,C1628,C1629,C1630,C1631,C1633,C1634,C1635,C1636,C1638,C1639,C1640,C1641,C1642,C1643,C1644,C1645,C1648,C1649,C1650,C1651,C1653,C1654,C1655,C1656,C1658,C1659,C1660,C1661,C1662,C1663,C1664,C1665,C1670,C1671,C1672,C1673,C1675,C1676,C1677,C1678,C1680,C1681,C1682,C1683,C1684,C1685,C1687,C1688,C1689,C1691,C1692,C1693,C1695,C1696,C1698,C1699,C1700,C1701,C1703,C1704,C1705,C1706,C1708,C1709,C1710,C1711,C1712,C1713,C1714,C1715,C1720,C1721,C1722,C1723,C1725,C1726,C1727,C1728,C1730,C1731,C1732,C1733,C1734,C1735,C1736,C1737,C1741,C1742,C1743,C1744,C1746,C1747,C1748,C1749,C1751,C1752,C1753,C1754,C1755,C1756,C1757,C1758,C1763,C1764,C1765,C1766,C1768,C1769,C1770,C1771,C1773,C1774,C1775,C1776,C1777,C1778,C1780,C1781,C1782,C1784,C1785,C1786,C1788,C1789,C1791,C1792,C1793,C1794,C1796,C1797,C1798,C1799,C1801,C1802,C1803,C1804,C1805,C1806,C1807,C1808,C1813,C1814,C1815,C1816,C1818,C1819,C1820,C1821,C1823,C1824,C1825,C1826,C1827,C1828,C1829,C1830,C1835,C1836,C1837,C1838,C1840,C1841,C1842,C1843,C1845,C1846,C1847,C1848,C1849,C1850,C1851,C1852,C1857,C1858,C1859,C1860,C1862,C1863,C1864,C1865,C1867,C1868,C1869,C1870,C1871,C1872,C1874,C1875,C1877,C1878,C1879,C1881,C1882,C1883,C1884,C1885,C1886,C1887,C1888,C1889,C1890,C1891,C1893,C1894,C1895,C1896,C1897,C1898,C1899,C1900,C1902,C1903,C1904,C1905,C1906,C1907,C1908,C1909,C1910,C1911,C1912,C1914,C1915,C1916,C1918,C1919,C1920,C1922,C1923,C1924,C1925",1417
PRSMJOHNSN,2026-10-01,103.61,108.74,176.0,108.2,-4.24,-41.13,-4.72,-11.01,"C9,C10,C12,C32,C33,C35,C53,C54,C74,C75,C92,C93,C98,C132,C133,C134,C135,C136,C137,C138,C139,C140,C141,C143,C144,C145,C146,C147,C148,C149,C150,C166,C167,C168,C169,C170,C171,C172,C173,C174,C175,C176,C178,C179,C180,C181,C182,C183,C184,C187,C188,C189,C190,C191,C192,C193,C194,C195,C200,C201,C202,C203,C204,C205,C206,C207,C208,C211,C212,C214,C215,C216,C217,C218,C219,C220,C221,C227,C228,C229,C230,C231,C234,C235,C236,C251,C253,C254,C255,C257,C258,C259,C260,C262,C263,C265,C266,C268,C269,C270,C271,C274,C276,C278,C279,C296,C297,C298,C300,C301,C302,C304,C305,C306,C307,C309,C310,C312,C313,C315,C316,C319,C321,C323,C339,C340,C341,C343,C344,C345,C347,C348,C349,C350,C352,C353,C355,C356,C358,C359,C360,C361,C364,C366,C368,C369,C387,C388,C389,C390,C392,C393,C394,C396,C397,C398,C399,C400,C403,C404,C406,C407,C409,C410,C411,C412,C415,C417,C419,C440,C441,C442,C443,C445,C446,C447,C449,C450,C451,C452,C455,C456,C458,C459,C460,C461,C464,C466,C468,C484,C485,C486,C488,C489,C490,C492,C493,C494,C495,C497,C498,C500,C501,C503,C504,C505,C508,C510,C526,C527,C528,C530,C531,C533,C534,C535,C536,C538,C539,C541,C542,C544,C545,C546,C549,C551,C569,C570,C571,C572,C573,C574,C575,C577,C578,C580,C581,C583,C584,C585,C588,C590,C591,C613,C614,C615,C616,C618,C619,C620,C622,C623,C624,C625,C628,C629,C631,C632,C634,C635,C636,C639,C662,C663,C664,C665,C667,C668,C669,C670,C672,C673,C674,C675,C678,C679,C681,C682,C684,C685,C686,C689,C691,C731,C733,C734,C735,C768,C770,C771,C815,C817,C818,C819,C861,C863,C864,C910,C912,C913,C1157,C1158,C1159,C1160,C1161,C1162,C1163,C1164,C1165,C1175,C1176,C1177,C1178,C1182,C1183,C1184,C1189,C1193,C1194,C1195,C1196,C1197,C1201,C1202,C1203,C1204,C1205,C1206,C1207,C1209,C1210,C1212,C1213,C1215,C1216,C1222,C1228,C1235,C1250,C1251,C1252,C1253,C1254,C1255,C1256,C1257,C1258,C1260,C1261,C1262,C1263,C1265,C1266,C1267,C1268,C1269,C1270,C1271,C1273,C1274,C1275,C1277,C1278,C1279,C1281,C1282,C1283,C1284,C1286,C1288,C1289,C1291,C1298,C1299,C1301,C1302,C1303,C1304,C1305,C1307,C1308,C1309,C1310,C1312,C1313,C1314,C1315,C1316,C1317,C1318,C1321,C1322,C1323,C1325,C1326,C1327,C1329,C1330,C1331,C1332,C1334,C1335,C1337,C1338,C1340,C1348,C1349,C1351,C1352,C1353,C1354,C1355,C1357,C1358,C1359,C1360,C1362,C1363,C1364,C1365,C1366,C1367,C1368,C1371,C1372,C1373,C1375,C1376,C1377,C1379,C1380,C1381,C1382,C1384,C1386,C1387,C1389,C1397,C1399,C1401,C1402,C1403,C1405,C1406,C1407,C1409,C1410,C1411,C1412,C1414,C1415,C1416,C1417,C1418,C1419,C1420,C1424,C1425,C1426,C1428,C1429,C1430,C1432,C1433,C1434,C1435,C1437,C1439,C1440,C1442,C1454,C1456,C1458,C1459,C1460,C1461,C1463,C1464,C1465,C1466,C1468,C1469,C1470,C1471,C1473,C1474,C1475,C1476,C1477,C1478,C1479,C1480,C1484,C1485,C1486,C1488,C1489,C1490,C1492,C1493,C1494,C1496,C1498,C1500,C1508,C1510,C1512,C1513,C1514,C1516,C1517,C1519,C1520,C1522,C1523,C1524,C1525,C1528,C1529,C1530,C1531,C1533,C1534,C1535,C1536,C1538,C1539,C1540,C1541,C1542,C1544,C1545,C1546,C1548,C1549,C1550,C1552,C1553,C1561,C1563,C1565,C1566,C1567,C1569,C1570,C1572,C1573,C1574,C1576,C1577,C1578,C1579,C1582,C1583,C1584,C1585,C1587,C1588,C1589,C1590,C1592,C1593,C1594,C1595,C1596,C1598,C1599,C1600,C1602,C1603,C1604,C1606,C1607,C1628,C1629,C1630,C1631,C1633,C1634,C1635,C1636,C1638,C1639,C1640,C1641,C1642,C1643,C1644,C1645,C1648,C1649,C1650,C1651,C1653,C1654,C1655,C1656,C1658,C1659,C1660,C1661,C1662,C1663,C1664,C1665,C1670,C1671,C1672,C1673,C1675,C1676,C1677,C1678,C1680,C1681,C1682,C1683,C1684,C1685,C1687,C1688,C1689,C1691,C1692,C1693,C1695,C1696,C1720,C1721,C1722,C1723,C1725,C1726,C1727,C1728,C1730,C1731,C1732,C1733,C1734,C1735,C1736,C1737,C1741,C1742,C1743,C1744,C1746,C1747,C1748,C1749,C1751,C1752,C1753,C1754,C1755,C1756,C1757,C1758,C1763,C1764,C1765,C1766,C1768,C1769,C1770,C1771,C1773,C1774,C1775,C1776,C1777,C1778,C1780,C1781,C1782,C1784,C1785,C1786,C1788,C1789,C1813,C1814,C1815,C1816,C1818,C1819,C1820,C1821,C1823,C1824,C1825,C1826,C1827,C1828,C1829,C1830,C1835,C1836,C1837,C1838,C1840,C1841,C1842,C1843,C1845,C1846,C1847,C1848,C1849,C1850,C1851,C1852,C1857,C1858,C1859,C1860,C1862,C1863,C1864,C1865,C1867,C1868,C1869,C1870,C1871,C1872,C1874,C1875,C1877,C1878,C1879,C1881,C1882,C1886,C1887,C1888,C1889,C1890,C1891,C1893,C1894,C1895,C1896,C1897,C1898,C1899,C1900,C1902,C1903,C1904,C1905,C1906,C1907,C1908,C1909,C1910,C1911,C1912,C1914,C1915,C1916,C1918,C1919,C1920,C1922,C1923,C1924,C1925",769
EMPOWER,2026-10-01,1.54,1.62,2.56,1.62,-4.94,-39.84,-4.94,-25.24,"C10,C33,C54,C75,C93,C98,C133,C135,C136,C138,C139,C141,C142,C144,C146,C148,C150,C151,C167,C168,C170,C171,C173,C174,C176,C177,C179,C180,C182,C184,C185,C187,C189,C190,C191,C192,C194,C195,C196,C197,C198,C200,C202,C203,C204,C205,C207,C208,C209,C210,C211,C212,C213,C214,C216,C217,C218,C220,C221,C222,C223,C224,C226,C227,C228,C230,C232,C235,C236,C251,C254,C255,C258,C260,C263,C266,C269,C271,C272,C297,C298,C301,C302,C305,C307,C310,C313,C316,C317,C340,C341,C344,C345,C348,C350,C353,C356,C359,C361,C362,C388,C389,C390,C393,C394,C397,C398,C400,C401,C404,C407,C410,C412,C413,C441,C442,C443,C446,C447,C450,C452,C453,C456,C459,C461,C462,C485,C486,C489,C490,C493,C495,C498,C501,C504,C505,C506,C527,C528,C531,C534,C536,C539,C542,C545,C546,C547,C570,C571,C572,C573,C575,C578,C581,C584,C585,C586,C614,C615,C616,C619,C620,C623,C625,C626,C629,C632,C635,C636,C663,C664,C665,C668,C669,C670,C673,C675,C676,C679,C682,C685,C686,C687,C708,C709,C712,C713,C716,C718,C719,C722,C725,C727,C728,C729,C751,C752,C755,C756,C759,C761,C764,C765,C766,C791,C792,C793,C796,C797,C800,C801,C803,C806,C809,C811,C812,C813,C837,C838,C839,C842,C843,C846,C847,C849,C850,C853,C856,C857,C858,C859,C888,C889,C890,C893,C894,C895,C898,C899,C902,C905,C906,C907,C908,C932,C933,C934,C937,C938,C941,C942,C944,C947,C950,C953,C954,C955,C958,C980,C981,C982,C985,C986,C989,C990,C992,C995,C998,C1001,C1002,C1003,C1028,C1029,C1030,C1031,C1034,C1035,C1037,C1040,C1043,C1046,C1047,C1048,C1078,C1079,C1080,C1083,C1084,C1085,C1088,C1089,C1091,C1092,C1093,C1096,C1099,C1102,C1124,C1125,C1126,C1128,C1129,C1130,C1133,C1134,C1135,C1136,C1137,C1138,C1141,C1144,C1147,C1149,C1150,C1154,C1157,C1158,C1160,C1161,C1162,C1163,C1164,C1165,C1175,C1176,C1178,C1179,C1182,C1183,C1184,C1185,C1186,C1194,C1196,C1207,C1210,C1214,C1219,C1221,C1230,C1231,C1233,C1234,C1239,C1240,C1243,C1244,C1250,C1251,C1252,C1253,C1254,C1256,C1257,C1258,C1261,C1262,C1263,C1266,C1267,C1268,C1270,C1271,C1274,C1275,C1278,C1279,C1282,C1284,C1289,C1298,C1299,C1301,C1302,C1304,C1305,C1308,C1309,C1310,C1313,C1314,C1315,C1317,C1318,C1319,C1322,C1323,C1326,C1327,C1330,C1332,C1335,C1338,C1348,C1349,C1351,C1352,C1354,C1355,C1358,C1359,C1360,C1363,C1364,C1365,C1367,C1368,C1369,C1372,C1373,C1376,C1377,C1380,C1382,C1387,C1397,C1399,C1402,C1403,C1404,C1406,C1407,C1410,C1411,C1412,C1415,C1416,C1417,C1419,C1420,C1421,C1422,C1425,C1426,C1429,C1430,C1433,C1435,C1440,C1454,C1456,C1459,C1460,C1461,C1462,C1464,C1465,C1466,C1469,C1470,C1471,C1474,C1475,C1476,C1478,C1479,C1480,C1481,C1482,C1485,C1486,C1489,C1490,C1493,C1508,C1510,C1512,C1513,C1514,C1516,C1517,C1519,C1520,C1522,C1523,C1524,C1525,C1526,C1529,C1530,C1531,C1534,C1535,C1536,C1539,C1540,C1542,C1545,C1546,C1549,C1550,C1553,C1561,C1563,C1565,C1566,C1567,C1569,C1570,C1573,C1574,C1576,C1577,C1578,C1579,C1580,C1583,C1584,C1585,C1588,C1589,C1590,C1593,C1594,C1596,C1599,C1600,C1603,C1604,C1607,C1629,C1630,C1631,C1634,C1635,C1636,C1639,C1640,C1641,C1643,C1644,C1645,C1646,C1649,C1650,C1651,C1654,C1655,C1656,C1659,C1660,C1661,C1663,C1664,C1665,C1666,C1667,C1668,C1671,C1672,C1673,C1676,C1677,C1678,C1681,C1682,C1683,C1685,C1688,C1689,C1692,C1693,C1696,C1721,C1722,C1723,C1726,C1727,C1728,C1731,C1732,C1733,C1735,C1736,C1737,C1738,C1739,C1742,C1743,C1744,C1747,C1748,C1749,C1752,C1753,C1754,C1756,C1757,C1758,C1759,C1760,C1761,C1764,C1765,C1766,C1769,C1770,C1771,C1774,C1775,C1776,C1778,C1781,C1782,C1785,C1786,C1789,C1814,C1815,C1816,C1819,C1820,C1821,C1824,C1825,C1826,C1828,C1829,C1830,C1831,C1832,C1833,C1836,C1837,C1838,C1841,C1842,C1843,C1846,C1847,C1848,C1850,C1851,C1852,C1853,C1854,C1855,C1858,C1859,C1860,C1863,C1864,C1865,C1868,C1869,C1870,C1872,C1875,C1878,C1879,C1882,C1886,C1887,C1888,C1889,C1890,C1891,C1892,C1893,C1894,C1895,C1896,C1897,C1898,C1899,C1900,C1901,C1902,C1903,C1904,C1905,C1906,C1907,C1908,C1909,C1910,C1911,C1912,C1915,C1916,C1919,C1920,C1923,C1924",684
IFCI,2026-10-01,65.14,68.77,107.5,68.45,-4.84,-39.4,-5.28,-18.05,"C10,C33,C54,C75,C93,C98,C133,C135,C136,C138,C139,C141,C142,C144,C146,C148,C150,C151,C167,C168,C170,C171,C173,C174,C176,C177,C179,C180,C182,C184,C185,C187,C189,C190,C191,C192,C194,C195,C196,C197,C198,C200,C202,C203,C204,C205,C207,C208,C209,C210,C211,C212,C213,C214,C216,C217,C218,C220,C221,C222,C223,C224,C226,C227,C228,C230,C232,C235,C236,C251,C254,C255,C258,C260,C263,C266,C269,C271,C272,C297,C298,C301,C302,C305,C307,C310,C313,C316,C317,C340,C341,C344,C345,C348,C350,C353,C356,C359,C361,C362,C388,C389,C390,C393,C394,C397,C398,C400,C401,C404,C407,C410,C412,C413,C441,C442,C443,C446,C447,C450,C452,C453,C456,C459,C461,C462,C485,C486,C489,C490,C493,C495,C498,C501,C504,C505,C506,C527,C528,C531,C534,C536,C539,C542,C545,C546,C547,C570,C571,C572,C573,C575,C578,C581,C584,C585,C586,C614,C615,C616,C619,C620,C623,C625,C626,C629,C632,C635,C636,C663,C664,C665,C668,C669,C670,C673,C675,C676,C679,C682,C685,C686,C687,C708,C709,C712,C713,C716,C718,C719,C722,C725,C727,C728,C729,C751,C752,C755,C756,C759,C761,C764,C765,C766,C791,C792,C793,C796,C797,C800,C801,C803,C806,C809,C811,C812,C813,C837,C838,C839,C842,C843,C846,C847,C849,C850,C853,C856,C857,C858,C859,C888,C889,C890,C893,C894,C895,C898,C899,C902,C905,C906,C907,C908,C932,C933,C934,C937,C938,C941,C942,C944,C947,C950,C953,C954,C955,C958,C980,C981,C982,C985,C986,C989,C990,C992,C995,C998,C1001,C1002,C1003,C1028,C1029,C1030,C1031,C1034,C1035,C1037,C1040,C1043,C1046,C1047,C1048,C1078,C1079,C1080,C1083,C1084,C1085,C1088,C1089,C1091,C1092,C1093,C1096,C1099,C1102,C1124,C1125,C1126,C1128,C1129,C1130,C1133,C1134,C1135,C1136,C1137,C1138,C1141,C1144,C1147,C1149,C1150,C1154,C1157,C1158,C1160,C1161,C1162,C1163,C1164,C1165,C1175,C1176,C1178,C1179,C1182,C1183,C1184,C1185,C1186,C1194,C1196,C1207,C1210,C1214,C1219,C1221,C1230,C1231,C1233,C1234,C1239,C1240,C1243,C1244,C1250,C1251,C1252,C1253,C1254,C1256,C1257,C1258,C1261,C1262,C1263,C1266,C1267,C1268,C1270,C1271,C1274,C1275,C1278,C1279,C1282,C1284,C1289,C1298,C1299,C1301,C1302,C1304,C1305,C1308,C1309,C1310,C1313,C1314,C1315,C1317,C1318,C1319,C1322,C1323,C1326,C1327,C1330,C1332,C1335,C1338,C1348,C1349,C1351,C1352,C1354,C1355,C1358,C1359,C1360,C1363,C1364,C1365,C1367,C1368,C1369,C1372,C1373,C1376,C1377,C1380,C1382,C1387,C1397,C1399,C1402,C1403,C1404,C1406,C1407,C1410,C1411,C1412,C1415,C1416,C1417,C1419,C1420,C1421,C1422,C1425,C1426,C1429,C1430,C1433,C1435,C1440,C1454,C1456,C1459,C1460,C1461,C1462,C1464,C1465,C1466,C1469,C1470,C1471,C1474,C1475,C1476,C1478,C1479,C1480,C1481,C1482,C1485,C1486,C1489,C1490,C1493,C1508,C1510,C1512,C1513,C1514,C1516,C1517,C1519,C1520,C1522,C1523,C1524,C1525,C1526,C1529,C1530,C1531,C1534,C1535,C1536,C1539,C1540,C1542,C1545,C1546,C1549,C1550,C1553,C1561,C1563,C1565,C1566,C1567,C1569,C1570,C1573,C1574,C1576,C1577,C1578,C1579,C1580,C1583,C1584,C1585,C1588,C1589,C1590,C1593,C1594,C1596,C1599,C1600,C1603,C1604,C1607,C1629,C1630,C1631,C1634,C1635,C1636,C1639,C1640,C1641,C1643,C1644,C1645,C1646,C1649,C1650,C1651,C1654,C1655,C1656,C1659,C1660,C1661,C1663,C1664,C1665,C1666,C1667,C1668,C1671,C1672,C1673,C1676,C1677,C1678,C1681,C1682,C1683,C1685,C1688,C1689,C1692,C1693,C1696,C1721,C1722,C1723,C1726,C1727,C1728,C1731,C1732,C1733,C1735,C1736,C1737,C1738,C1739,C1742,C1743,C1744,C1747,C1748,C1749,C1752,C1753,C1754,C1756,C1757,C1758,C1759,C1760,C1761,C1764,C1765,C1766,C1769,C1770,C1771,C1774,C1775,C1776,C1778,C1781,C1782,C1785,C1786,C1789,C1814,C1815,C1816,C1819,C1820,C1821,C1824,C1825,C1826,C1828,C1829,C1830,C1831,C1832,C1833,C1836,C1837,C1838,C1841,C1842,C1843,C1846,C1847,C1848,C1850,C1851,C1852,C1853,C1854,C1855,C1858,C1859,C1860,C1863,C1864,C1865,C1868,C1869,C1870,C1872,C1875,C1878,C1879,C1882,C1886,C1887,C1888,C1889,C1890,C1891,C1892,C1893,C1894,C1895,C1896,C1897,C1898,C1899,C1900,C1901,C1902,C1903,C1904,C1905,C1906,C1907,C1908,C1909,C1910,C1911,C1912,C1915,C1916,C1919,C1920,C1923,C1924",684
PALREDTEC,2026-10-01,41.77,43.86,83.5,43.7,-4.42,-49.98,-4.77,-10.61,"C8,C9,C10,C11,C12,C13,C14,C31,C32,C33,C34,C35,C36,C52,C53,C54,C55,C56,C73,C74,C75,C76,C91,C92,C93,C94,C98,C132,C133,C134,C135,C136,C137,C138,C139,C143,C144,C145,C146,C147,C148,C166,C167,C168,C169,C170,C171,C172,C173,C174,C178,C179,C180,C181,C182,C187,C188,C189,C190,C191,C192,C200,C201,C202,C203,C204,C205,C211,C214,C215,C216,C217,C218,C227,C228,C229,C230,C234,C235,C251,C252,C253,C254,C255,C256,C257,C258,C261,C262,C263,C264,C265,C266,C267,C268,C269,C273,C274,C275,C276,C277,C278,C295,C296,C297,C298,C299,C300,C301,C302,C303,C304,C305,C308,C309,C310,C311,C312,C313,C314,C315,C316,C318,C319,C320,C321,C322,C323,C338,C339,C340,C341,C342,C343,C344,C345,C346,C347,C348,C351,C352,C353,C354,C355,C356,C357,C358,C359,C363,C364,C365,C366,C367,C368,C386,C387,C388,C389,C390,C391,C392,C393,C394,C395,C396,C397,C398,C402,C403,C404,C405,C406,C407,C408,C409,C410,C414,C415,C416,C417,C418,C419,C439,C440,C441,C442,C443,C444,C445,C446,C447,C448,C449,C450,C454,C455,C456,C457,C458,C459,C463,C464,C465,C466,C467,C468,C1158,C1160,C1161,C1162,C1163,C1164,C1175,C1176,C1182,C1189,C1192,C1193,C1194,C1202,C1250,C1251,C1252,C1255,C1256,C1257,C1258,C1259,C1260,C1261,C1262,C1263,C1264,C1265,C1266,C1267,C1268,C1272,C1273,C1274,C1275,C1276,C1277,C1278,C1279,C1280,C1281,C1282,C1285,C1286,C1287,C1288,C1289,C1290,C1291,C1298,C1299,C1300,C1301,C1303,C1304,C1305,C1306,C1307,C1308,C1309,C1310,C1311,C1312,C1313,C1314,C1315,C1320,C1321,C1322,C1323,C1324,C1325,C1326,C1327,C1328,C1329,C1330,C1333,C1334,C1335,C1336,C1337,C1338,C1339,C1340,C1348,C1349,C1350,C1351,C1353,C1354,C1355,C1356,C1357,C1358,C1359,C1360,C1361,C1362,C1363,C1364,C1365,C1370,C1371,C1372,C1373,C1374,C1375,C1376,C1377,C1378,C1379,C1380,C1383,C1384,C1385,C1386,C1387,C1388,C1389,C1397,C1398,C1399,C1400,C1401,C1402,C1405,C1406,C1407,C1408,C1409,C1410,C1411,C1412,C1413,C1414,C1415,C1416,C1417,C1423,C1424,C1425,C1426,C1427,C1428,C1429,C1430,C1431,C1432,C1433,C1436,C1437,C1438,C1439,C1440,C1441,C1442,C1454,C1455,C1456,C1457,C1458,C1459,C1460,C1463,C1464,C1465,C1466,C1467,C1468,C1469,C1470,C1471,C1472,C1473,C1474,C1475,C1476,C1483,C1484,C1485,C1486,C1487,C1488,C1489,C1490,C1491,C1492,C1493,C1495,C1496,C1497,C1498,C1499,C1500,C1507,C1508,C1509,C1510,C1511,C1512,C1515,C1516,C1517,C1518,C1519,C1520,C1521,C1522,C1523,C1527,C1528,C1529,C1530,C1531,C1532,C1533,C1534,C1535,C1536,C1537,C1538,C1539,C1540,C1543,C1544,C1545,C1546,C1547,C1548,C1549,C1550,C1551,C1552,C1553,C1560,C1561,C1562,C1563,C1564,C1565,C1568,C1569,C1570,C1571,C1572,C1573,C1574,C1575,C1576,C1577,C1581,C1582,C1583,C1584,C1585,C1586,C1587,C1588,C1589,C1590,C1591,C1592,C1593,C1594,C1597,C1598,C1599,C1600,C1601,C1602,C1603,C1604,C1605,C1606,C1607,C1627,C1628,C1629,C1630,C1631,C1632,C1633,C1634,C1635,C1636,C1637,C1638,C1639,C1640,C1641,C1647,C1648,C1649,C1650,C1651,C1652,C1653,C1654,C1655,C1656,C1657,C1658,C1659,C1660,C1661,C1669,C1670,C1671,C1672,C1673,C1674,C1675,C1676,C1677,C1678,C1679,C1680,C1681,C1682,C1683,C1686,C1687,C1688,C1689,C1690,C1691,C1692,C1693,C1694,C1695,C1696,C1719,C1720,C1721,C1722,C1723,C1724,C1725,C1726,C1727,C1728,C1729,C1730,C1731,C1732,C1733,C1740,C1741,C1742,C1743,C1744,C1745,C1746,C1747,C1748,C1749,C1750,C1751,C1752,C1753,C1754,C1762,C1763,C1764,C1765,C1766,C1767,C1768,C1769,C1770,C1771,C1772,C1773,C1774,C1775,C1776,C1779,C1780,C1781,C1782,C1783,C1784,C1785,C1786,C1787,C1788,C1789,C1812,C1813,C1814,C1815,C1816,C1817,C1818,C1819,C1820,C1821,C1822,C1823,C1824,C1825,C1826,C1834,C1835,C1836,C1837,C1838,C1839,C1840,C1841,C1842,C1843,C1844,C1845,C1846,C1847,C1848,C1856,C1857,C1858,C1859,C1860,C1861,C1862,C1863,C1864,C1865,C1866,C1867,C1868,C1869,C1870,C1873,C1874,C1875,C1876,C1877,C1878,C1879,C1880,C1881,C1882,C1886,C1887,C1888,C1889,C1893,C1894,C1895,C1896,C1897,C1898,C1902,C1903,C1904,C1905,C1906,C1907,C1908,C1909,C1910,C1913,C1914,C1915,C1916,C1917,C1918,C1919,C1920,C1921,C1922,C1923,C1924",680
TAKE,2026-10-01,12.65,13.31,24.39,13.31,-4.96,-48.13,-4.96,-20.24,"C8,C9,C10,C11,C12,C13,C14,C31,C32,C33,C34,C35,C36,C52,C53,C54,C55,C56,C73,C74,C75,C76,C91,C92,C93,C94,C98,C132,C133,C134,C135,C136,C137,C138,C139,C143,C144,C145,C146,C147,C148,C166,C167,C168,C169,C170,C171,C172,C173,C174,C178,C179,C180,C181,C182,C187,C188,C189,C190,C191,C192,C200,C201,C202,C203,C204,C205,C211,C214,C215,C216,C217,C218,C227,C228,C229,C230,C234,C235,C251,C252,C253,C254,C255,C256,C257,C258,C261,C262,C263,C264,C265,C266,C267,C268,C269,C273,C274,C275,C276,C277,C278,C295,C296,C297,C298,C299,C300,C301,C302,C303,C304,C305,C308,C309,C310,C311,C312,C313,C314,C315,C316,C318,C319,C320,C321,C322,C323,C338,C339,C340,C341,C342,C343,C344,C345,C346,C347,C348,C351,C352,C353,C354,C355,C356,C357,C358,C359,C363,C364,C365,C366,C367,C368,C386,C387,C388,C389,C390,C391,C392,C393,C394,C395,C396,C397,C398,C402,C403,C404,C405,C406,C407,C408,C409,C410,C414,C415,C416,C417,C418,C419,C439,C440,C441,C442,C443,C444,C445,C446,C447,C448,C449,C450,C454,C455,C456,C457,C458,C459,C463,C464,C465,C466,C467,C468,C1158,C1160,C1161,C1162,C1163,C1164,C1175,C1176,C1182,C1189,C1192,C1193,C1194,C1202,C1250,C1251,C1252,C1255,C1256,C1257,C1258,C1259,C1260,C1261,C1262,C1263,C1264,C1265,C1266,C1267,C1268,C1272,C1273,C1274,C1275,C1276,C1277,C1278,C1279,C1280,C1281,C1282,C1285,C1286,C1287,C1288,C1289,C1290,C1291,C1298,C1299,C1300,C1301,C1303,C1304,C1305,C1306,C1307,C1308,C1309,C1310,C1311,C1312,C1313,C1314,C1315,C1320,C1321,C1322,C1323,C1324,C1325,C1326,C1327,C1328,C1329,C1330,C1333,C1334,C1335,C1336,C1337,C1338,C1339,C1340,C1348,C1349,C1350,C1351,C1353,C1354,C1355,C1356,C1357,C1358,C1359,C1360,C1361,C1362,C1363,C1364,C1365,C1370,C1371,C1372,C1373,C1374,C1375,C1376,C1377,C1378,C1379,C1380,C1383,C1384,C1385,C1386,C1387,C1388,C1389,C1397,C1398,C1399,C1400,C1401,C1402,C1405,C1406,C1407,C1408,C1409,C1410,C1411,C1412,C1413,C1414,C1415,C1416,C1417,C1423,C1424,C1425,C1426,C1427,C1428,C1429,C1430,C1431,C1432,C1433,C1436,C1437,C1438,C1439,C1440,C1441,C1442,C1454,C1455,C1456,C1457,C1458,C1459,C1460,C1463,C1464,C1465,C1466,C1467,C1468,C1469,C1470,C1471,C1472,C1473,C1474,C1475,C1476,C1483,C1484,C1485,C1486,C1487,C1488,C1489,C1490,C1491,C1492,C1493,C1495,C1496,C1497,C1498,C1499,C1500,C1507,C1508,C1509,C1510,C1511,C1512,C1515,C1516,C1517,C1518,C1519,C1520,C1521,C1522,C1523,C1527,C1528,C1529,C1530,C1531,C1532,C1533,C1534,C1535,C1536,C1537,C1538,C1539,C1540,C1543,C1544,C1545,C1546,C1547,C1548,C1549,C1550,C1551,C1552,C1553,C1560,C1561,C1562,C1563,C1564,C1565,C1568,C1569,C1570,C1571,C1572,C1573,C1574,C1575,C1576,C1577,C1581,C1582,C1583,C1584,C1585,C1586,C1587,C1588,C1589,C1590,C1591,C1592,C1593,C1594,C1597,C1598,C1599,C1600,C1601,C1602,C1603,C1604,C1605,C1606,C1607,C1627,C1628,C1629,C1630,C1631,C1632,C1633,C1634,C1635,C1636,C1637,C1638,C1639,C1640,C1641,C1647,C1648,C1649,C1650,C1651,C1652,C1653,C1654,C1655,C1656,C1657,C1658,C1659,C1660,C1661,C1669,C1670,C1671,C1672,C1673,C1674,C1675,C1676,C1677,C1678,C1679,C1680,C1681,C1682,C1683,C1686,C1687,C1688,C1689,C1690,C1691,C1692,C1693,C1694,C1695,C1696,C1719,C1720,C1721,C1722,C1723,C1724,C1725,C1726,C1727,C1728,C1729,C1730,C1731,C1732,C1733,C1740,C1741,C1742,C1743,C1744,C1745,C1746,C1747,C1748,C1749,C1750,C1751,C1752,C1753,C1754,C1762,C1763,C1764,C1765,C1766,C1767,C1768,C1769,C1770,C1771,C1772,C1773,C1774,C1775,C1776,C1779,C1780,C1781,C1782,C1783,C1784,C1785,C1786,C1787,C1788,C1789,C1812,C1813,C1814,C1815,C1816,C1817,C1818,C1819,C1820,C1821,C1822,C1823,C1824,C1825,C1826,C1834,C1835,C1836,C1837,C1838,C1839,C1840,C1841,C1842,C1843,C1844,C1845,C1846,C1847,C1848,C1856,C1857,C1858,C1859,C1860,C1861,C1862,C1863,C1864,C1865,C1866,C1867,C1868,C1869,C1870,C1873,C1874,C1875,C1876,C1877,C1878,C1879,C1880,C1881,C1882,C1886,C1887,C1888,C1889,C1893,C1894,C1895,C1896,C1897,C1898,C1902,C1903,C1904,C1905,C1906,C1907,C1908,C1909,C1910,C1913,C1914,C1915,C1916,C1917,C1918,C1919,C1920,C1921,C1922,C1923,C1924",680
ELECTHERM,2026-10-01,743.6,774.25,1280.4,768.7,-3.27,-41.92,-3.96,-17.8,"C143,C144,C145,C146,C147,C148,C149,C150,C178,C179,C180,C181,C182,C183,C184,C211,C212,C235,C236,C262,C263,C265,C266,C268,C269,C270,C271,C274,C276,C278,C279,C309,C310,C312,C313,C315,C316,C319,C321,C323,C352,C353,C355,C356,C358,C359,C360,C361,C364,C366,C368,C369,C403,C404,C406,C407,C409,C410,C411,C412,C415,C417,C419,C455,C456,C458,C459,C460,C461,C464,C466,C468,C497,C498,C500,C501,C503,C504,C505,C508,C510,C538,C539,C541,C542,C544,C545,C546,C549,C551,C577,C578,C580,C581,C583,C584,C585,C588,C590,C591,C628,C629,C631,C632,C634,C635,C636,C639,C678,C679,C681,C682,C684,C685,C686,C689,C691,C721,C722,C724,C725,C727,C728,C731,C733,C734,C735,C763,C764,C765,C768,C770,C771,C805,C806,C808,C809,C811,C812,C815,C817,C818,C819,C852,C853,C855,C856,C857,C858,C861,C863,C864,C901,C902,C904,C905,C906,C907,C910,C912,C913,C946,C947,C949,C950,C952,C953,C954,C957,C958,C960,C961,C994,C995,C997,C998,C1000,C1001,C1002,C1005,C1007,C1008,C1009,C1039,C1040,C1042,C1043,C1045,C1046,C1047,C1050,C1052,C1053,C1054,C1095,C1096,C1098,C1099,C1101,C1102,C1104,C1106,C1107,C1108,C1140,C1141,C1143,C1144,C1146,C1147,C1148,C1149,C1151,C1153,C1154,C1155,C1156,C1157,C1158,C1159,C1164,C1165,C1195,C1196,C1197,C1201,C1202,C1203,C1204,C1205,C1206,C1213,C1215,C1216,C1218,C1219,C1221,C1222,C1228,C1235,C1236,C1243,C1255,C1256,C1257,C1258,C1260,C1261,C1262,C1263,C1265,C1266,C1267,C1268,C1269,C1270,C1271,C1273,C1274,C1275,C1277,C1278,C1279,C1281,C1282,C1283,C1284,C1286,C1288,C1289,C1291,C1303,C1304,C1305,C1307,C1308,C1309,C1310,C1312,C1313,C1314,C1315,C1316,C1317,C1318,C1321,C1322,C1323,C1325,C1326,C1327,C1329,C1330,C1331,C1332,C1334,C1335,C1337,C1338,C1340,C1353,C1354,C1355,C1357,C1358,C1359,C1360,C1362,C1363,C1364,C1365,C1366,C1367,C1368,C1371,C1372,C1373,C1375,C1376,C1377,C1379,C1380,C1381,C1382,C1384,C1386,C1387,C1389,C1405,C1406,C1407,C1409,C1410,C1411,C1412,C1414,C1415,C1416,C1417,C1418,C1419,C1420,C1424,C1425,C1426,C1428,C1429,C1430,C1432,C1433,C1434,C1435,C1437,C1439,C1440,C1442,C1463,C1464,C1465,C1466,C1468,C1469,C1470,C1471,C1473,C1474,C1475,C1476,C1477,C1478,C1479,C1480,C1484,C1485,C1486,C1488,C1489,C1490,C1492,C1493,C1494,C1496,C1498,C1500,C1516,C1517,C1519,C1520,C1522,C1523,C1524,C1525,C1528,C1529,C1530,C1531,C1533,C1534,C1535,C1536,C1538,C1539,C1540,C1541,C1542,C1544,C1545,C1546,C1548,C1549,C1550,C1552,C1553,C1569,C1570,C1572,C1573,C1574,C1576,C1577,C1578,C1579,C1582,C1583,C1584,C1585,C1587,C1588,C1589,C1590,C1592,C1593,C1594,C1595,C1596,C1598,C1599,C1600,C1602,C1603,C1604,C1606,C1607,C1648,C1649,C1650,C1651,C1653,C1654,C1655,C1656,C1658,C1659,C1660,C1661,C1662,C1663,C1664,C1665,C1670,C1671,C1672,C1673,C1675,C1676,C1677,C1678,C1680,C1681,C1682,C1683,C1684,C1685,C1687,C1688,C1689,C1691,C1692,C1693,C1695,C1696,C1741,C1742,C1743,C1744,C1746,C1747,C1748,C1749,C1751,C1752,C1753,C1754,C1755,C1756,C1757,C1758,C1763,C1764,C1765,C1766,C1768,C1769,C1770,C1771,C1773,C1774,C1775,C1776,C1777,C1778,C1780,C1781,C1782,C1784,C1785,C1786,C1788,C1789,C1835,C1836,C1837,C1838,C1840,C1841,C1842,C1843,C1845,C1846,C1847,C1848,C1849,C1850,C1851,C1852,C1857,C1858,C1859,C1860,C1862,C1863,C1864,C1865,C1867,C1868,C1869,C1870,C1871,C1872,C1874,C1875,C1877,C1878,C1879,C1881,C1882,C1893,C1894,C1895,C1896,C1897,C1898,C1899,C1900,C1902,C1903,C1904,C1905,C1906,C1907,C1908,C1909,C1910,C1911,C1912,C1914,C1915,C1916,C1918,C1919,C1920,C1922,C1923,C1924,C1925",585
DCAL,2026-10-01,150.35,157.47,321.95,156.35,-3.84,-53.3,-4.52,-13.26,"C14,C36,C56,C76,C94,C143,C144,C145,C146,C178,C179,C180,C211,C235,C261,C262,C263,C264,C265,C266,C273,C274,C275,C276,C308,C309,C310,C311,C312,C313,C318,C319,C320,C321,C351,C352,C353,C354,C355,C356,C363,C364,C365,C366,C402,C403,C404,C405,C406,C407,C414,C415,C416,C417,C454,C455,C456,C463,C464,C465,C466,C496,C497,C498,C499,C500,C501,C507,C508,C509,C510,C537,C538,C539,C540,C541,C542,C548,C549,C550,C551,C576,C577,C578,C579,C580,C581,C587,C588,C589,C590,C627,C628,C629,C630,C631,C632,C637,C638,C639,C677,C678,C679,C680,C681,C682,C688,C689,C690,C691,C720,C721,C722,C723,C724,C725,C730,C731,C732,C733,C762,C763,C764,C767,C768,C769,C770,C804,C805,C806,C807,C808,C809,C814,C815,C816,C817,C851,C852,C853,C854,C855,C856,C860,C861,C862,C863,C900,C901,C902,C903,C904,C905,C909,C910,C911,C912,C945,C946,C947,C948,C949,C950,C956,C957,C958,C959,C960,C993,C994,C995,C996,C997,C998,C1004,C1005,C1006,C1007,C1038,C1039,C1040,C1041,C1042,C1043,C1049,C1050,C1051,C1052,C1094,C1095,C1096,C1097,C1098,C1099,C1103,C1104,C1105,C1106,C1139,C1140,C1141,C1142,C1143,C1144,C1151,C1152,C1153,C1154,C1158,C1159,C1164,C1202,C1217,C1218,C1219,C1255,C1256,C1257,C1258,C1259,C1260,C1261,C1262,C1263,C1272,C1273,C1274,C1275,C1276,C1277,C1278,C1279,C1285,C1286,C1287,C1288,C1289,C1303,C1304,C1305,C1306,C1307,C1308,C1309,C1310,C1320,C1321,C1322,C1323,C1324,C1325,C1326,C1327,C1333,C1334,C1335,C1336,C1337,C1338,C1353,C1354,C1355,C1356,C1357,C1358,C1359,C1360,C1370,C1371,C1372,C1373,C1374,C1375,C1376,C1377,C1383,C1384,C1385,C1386,C1387,C1405,C1406,C1407,C1408,C1409,C1410,C1411,C1412,C1423,C1424,C1425,C1426,C1427,C1428,C1429,C1430,C1436,C1437,C1438,C1439,C1440,C1463,C1464,C1465,C1466,C1467,C1468,C1469,C1470,C1471,C1483,C1484,C1485,C1486,C1487,C1488,C1489,C1490,C1495,C1496,C1497,C1498,C1515,C1516,C1517,C1518,C1519,C1520,C1527,C1528,C1529,C1530,C1531,C1532,C1533,C1534,C1535,C1536,C1543,C1544,C1545,C1546,C1547,C1548,C1549,C1550,C1568,C1569,C1570,C1571,C1572,C1573,C1574,C1581,C1582,C1583,C1584,C1585,C1586,C1587,C1588,C1589,C1590,C1597,C1598,C1599,C1600,C1601,C1602,C1603,C1604,C1647,C1648,C1649,C1650,C1651,C1652,C1653,C1654,C1655,C1656,C1669,C1670,C1671,C1672,C1673,C1674,C1675,C1676,C1677,C1678,C1686,C1687,C1688,C1689,C1690,C1691,C1692,C1693,C1740,C1741,C1742,C1743,C1744,C1745,C1746,C1747,C1748,C1749,C1762,C1763,C1764,C1765,C1766,C1767,C1768,C1769,C1770,C1771,C1779,C1780,C1781,C1782,C1783,C1784,C1785,C1786,C1834,C1835,C1836,C1837,C1838,C1839,C1840,C1841,C1842,C1843,C1856,C1857,C1858,C1859,C1860,C1861,C1862,C1863,C1864,C1865,C1873,C1874,C1875,C1876,C1877,C1878,C1879,C1893,C1894,C1895,C1896,C1902,C1903,C1904,C1905,C1906,C1907,C1913,C1914,C1915,C1916,C1917,C1918,C1919,C1920",472
DSSL,2026-10-01,948.75,983.2,1924.8,981.1,-3.3,-50.71,-3.5,-7.92,"C14,C36,C56,C76,C94,C143,C144,C145,C146,C178,C179,C180,C211,C235,C261,C262,C263,C264,C265,C266,C273,C274,C275,C276,C308,C309,C310,C311,C312,C313,C318,C319,C320,C321,C351,C352,C353,C354,C355,C356,C363,C364,C365,C366,C402,C403,C404,C405,C406,C407,C414,C415,C416,C417,C454,C455,C456,C463,C464,C465,C466,C496,C497,C498,C499,C500,C501,C507,C508,C509,C510,C537,C538,C539,C540,C541,C542,C548,C549,C550,C551,C576,C577,C578,C579,C580,C581,C587,C588,C589,C590,C627,C628,C629,C630,C631,C632,C637,C638,C639,C677,C678,C679,C680,C681,C682,C688,C689,C690,C691,C720,C721,C722,C723,C724,C725,C730,C731,C732,C733,C762,C763,C764,C767,C768,C769,C770,C804,C805,C806,C807,C808,C809,C814,C815,C816,C817,C851,C852,C853,C854,C855,C856,C860,C861,C862,C863,C900,C901,C902,C903,C904,C905,C909,C910,C911,C912,C945,C946,C947,C948,C949,C950,C956,C957,C958,C959,C960,C993,C994,C995,C996,C997,C998,C1004,C1005,C1006,C1007,C1038,C1039,C1040,C1041,C1042,C1043,C1049,C1050,C1051,C1052,C1094,C1095,C1096,C1097,C1098,C1099,C1103,C1104,C1105,C1106,C1139,C1140,C1141,C1142,C1143,C1144,C1151,C1152,C1153,C1154,C1158,C1159,C1164,C1202,C1217,C1218,C1219,C1255,C1256,C1257,C1258,C1259,C1260,C1261,C1262,C1263,C1272,C1273,C1274,C1275,C1276,C1277,C1278,C1279,C1285,C1286,C1287,C1288,C1289,C1303,C1304,C1305,C1306,C1307,C1308,C1309,C1310,C1320,C1321,C1322,C1323,C1324,C1325,C1326,C1327,C1333,C1334,C1335,C1336,C1337,C1338,C1353,C1354,C1355,C1356,C1357,C1358,C1359,C1360,C1370,C1371,C1372,C1373,C1374,C1375,C1376,C1377,C1383,C1384,C1385,C1386,C1387,C1405,C1406,C1407,C1408,C1409,C1410,C1411,C1412,C1423,C1424,C1425,C1426,C1427,C1428,C1429,C1430,C1436,C1437,C1438,C1439,C1440,C1463,C1464,C1465,C1466,C1467,C1468,C1469,C1470,C1471,C1483,C1484,C1485,C1486,C1487,C1488,C1489,C1490,C1495,C1496,C1497,C1498,C1515,C1516,C1517,C1518,C1519,C1520,C1527,C1528,C1529,C1530,C1531,C1532,C1533,C1534,C1535,C1536,C1543,C1544,C1545,C1546,C1547,C1548,C1549,C1550,C1568,C1569,C1570,C1571,C1572,C1573,C1574,C1581,C1582,C1583,C1584,C1585,C1586,C1587,C1588,C1589,C1590,C1597,C1598,C1599,C1600,C1601,C1602,C1603,C1604,C1647,C1648,C1649,C1650,C1651,C1652,C1653,C1654,C1655,C1656,C1669,C1670,C1671,C1672,C1673,C1674,C1675,C1676,C1677,C1678,C1686,C1687,C1688,C1689,C1690,C1691,C1692,C1693,C1740,C1741,C1742,C1743,C1744,C1745,C1746,C1747,C1748,C1749,C1762,C1763,C1764,C1765,C1766,C1767,C1768,C1769,C1770,C1771,C1779,C1780,C1781,C1782,C1783,C1784,C1785,C1786,C1834,C1835,C1836,C1837,C1838,C1839,C1840,C1841,C1842,C1843,C1856,C1857,C1858,C1859,C1860,C1861,C1862,C1863,C1864,C1865,C1873,C1874,C1875,C1876,C1877,C1878,C1879,C1893,C1894,C1895,C1896,C1902,C1903,C1904,C1905,C1906,C1907,C1913,C1914,C1915,C1916,C1917,C1918,C1919,C1920",472
KRITINUT,2026-10-01,66.53,69.81,135.85,68.9,-3.44,-51.03,-4.7,-17.06,"C14,C36,C56,C76,C94,C143,C144,C145,C146,C178,C179,C180,C211,C235,C261,C262,C263,C264,C265,C266,C273,C274,C275,C276,C308,C309,C310,C311,C312,C313,C318,C319,C320,C321,C351,C352,C353,C354,C355,C356,C363,C364,C365,C366,C402,C403,C404,C405,C406,C407,C414,C415,C416,C417,C454,C455,C456,C463,C464,C465,C466,C496,C497,C498,C499,C500,C501,C507,C508,C509,C510,C537,C538,C539,C540,C541,C542,C548,C549,C550,C551,C576,C577,C578,C579,C580,C581,C587,C588,C589,C590,C627,C628,C629,C630,C631,C632,C637,C638,C639,C677,C678,C679,C680,C681,C682,C688,C689,C690,C691,C720,C721,C722,C723,C724,C725,C730,C731,C732,C733,C762,C763,C764,C767,C768,C769,C770,C804,C805,C806,C807,C808,C809,C814,C815,C816,C817,C851,C852,C853,C854,C855,C856,C860,C861,C862,C863,C900,C901,C902,C903,C904,C905,C909,C910,C911,C912,C945,C946,C947,C948,C949,C950,C956,C957,C958,C959,C960,C993,C994,C995,C996,C997,C998,C1004,C1005,C1006,C1007,C1038,C1039,C1040,C1041,C1042,C1043,C1049,C1050,C1051,C1052,C1094,C1095,C1096,C1097,C1098,C1099,C1103,C1104,C1105,C1106,C1139,C1140,C1141,C1142,C1143,C1144,C1151,C1152,C1153,C1154,C1158,C1159,C1164,C1202,C1217,C1218,C1219,C1255,C1256,C1257,C1258,C1259,C1260,C1261,C1262,C1263,C1272,C1273,C1274,C1275,C1276,C1277,C1278,C1279,C1285,C1286,C1287,C1288,C1289,C1303,C1304,C1305,C1306,C1307,C1308,C1309,C1310,C1320,C1321,C1322,C1323,C1324,C1325,C1326,C1327,C1333,C1334,C1335,C1336,C1337,C1338,C1353,C1354,C1355,C1356,C1357,C1358,C1359,C1360,C1370,C1371,C1372,C1373,C1374,C1375,C1376,C1377,C1383,C1384,C1385,C1386,C1387,C1405,C1406,C1407,C1408,C1409,C1410,C1411,C1412,C1423,C1424,C1425,C1426,C1427,C1428,C1429,C1430,C1436,C1437,C1438,C1439,C1440,C1463,C1464,C1465,C1466,C1467,C1468,C1469,C1470,C1471,C1483,C1484,C1485,C1486,C1487,C1488,C1489,C1490,C1495,C1496,C1497,C1498,C1515,C1516,C1517,C1518,C1519,C1520,C1527,C1528,C1529,C1530,C1531,C1532,C1533,C1534,C1535,C1536,C1543,C1544,C1545,C1546,C1547,C1548,C1549,C1550,C1568,C1569,C1570,C1571,C1572,C1573,C1574,C1581,C1582,C1583,C1584,C1585,C1586,C1587,C1588,C1589,C1590,C1597,C1598,C1599,C1600,C1601,C1602,C1603,C1604,C1647,C1648,C1649,C1650,C1651,C1652,C1653,C1654,C1655,C1656,C1669,C1670,C1671,C1672,C1673,C1674,C1675,C1676,C1677,C1678,C1686,C1687,C1688,C1689,C1690,C1691,C1692,C1693,C1740,C1741,C1742,C1743,C1744,C1745,C1746,C1747,C1748,C1749,C1762,C1763,C1764,C1765,C1766,C1767,C1768,C1769,C1770,C1771,C1779,C1780,C1781,C1782,C1783,C1784,C1785,C1786,C1834,C1835,C1836,C1837,C1838,C1839,C1840,C1841,C1842,C1843,C1856,C1857,C1858,C1859,C1860,C1861,C1862,C1863,C1864,C1865,C1873,C1874,C1875,C1876,C1877,C1878,C1879,C1893,C1894,C1895,C1896,C1902,C1903,C1904,C1905,C1906,C1907,C1913,C1914,C1915,C1916,C1917,C1918,C1919,C1920",472
GMDCLTD,2026-10-01,487.65,507.7,771.9,506.0,-3.63,-36.82,-3.95,-12.4,"C144,C146,C148,C150,C151,C179,C180,C182,C184,C185,C198,C211,C212,C213,C224,C235,C236,C263,C266,C269,C271,C272,C310,C313,C316,C317,C353,C356,C359,C361,C362,C404,C407,C410,C412,C413,C456,C459,C461,C462,C498,C501,C504,C505,C506,C539,C542,C545,C546,C547,C578,C581,C584,C585,C586,C629,C632,C635,C636,C679,C682,C685,C686,C687,C722,C725,C727,C728,C729,C764,C765,C766,C806,C809,C811,C812,C813,C853,C856,C857,C858,C859,C902,C905,C906,C907,C908,C947,C950,C953,C954,C955,C958,C995,C998,C1001,C1002,C1003,C1040,C1043,C1046,C1047,C1048,C1096,C1099,C1102,C1141,C1144,C1147,C1149,C1150,C1154,C1157,C1158,C1164,C1165,C1179,C1186,C1196,C1214,C1219,C1221,C1243,C1244,C1256,C1257,C1258,C1261,C1262,C1263,C1266,C1267,C1268,C1270,C1271,C1274,C1275,C1278,C1279,C1282,C1284,C1289,C1304,C1305,C1308,C1309,C1310,C1313,C1314,C1315,C1317,C1318,C1319,C1322,C1323,C1326,C1327,C1330,C1332,C1335,C1338,C1354,C1355,C1358,C1359,C1360,C1363,C1364,C1365,C1367,C1368,C1369,C1372,C1373,C1376,C1377,C1380,C1382,C1387,C1406,C1407,C1410,C1411,C1412,C1415,C1416,C1417,C1419,C1420,C1421,C1422,C1425,C1426,C1429,C1430,C1433,C1435,C1440,C1464,C1465,C1466,C1469,C1470,C1471,C1474,C1475,C1476,C1478,C1479,C1480,C1481,C1482,C1485,C1486,C1489,C1490,C1493,C1516,C1517,C1519,C1520,C1522,C1523,C1524,C1525,C1526,C1529,C1530,C1531,C1534,C1535,C1536,C1539,C1540,C1542,C1545,C1546,C1549,C1550,C1553,C1569,C1570,C1573,C1574,C1576,C1577,C1578,C1579,C1580,C1583,C1584,C1585,C1588,C1589,C1590,C1593,C1594,C1596,C1599,C1600,C1603,C1604,C1607,C1649,C1650,C1651,C1654,C1655,C1656,C1659,C1660,C1661,C1663,C1664,C1665,C1666,C1667,C1668,C1671,C1672,C1673,C1676,C1677,C1678,C1681,C1682,C1683,C1685,C1688,C1689,C1692,C1693,C1696,C1742,C1743,C1744,C1747,C1748,C1749,C1752,C1753,C1754,C1756,C1757,C1758,C1759,C1760,C1761,C1764,C1765,C1766,C1769,C1770,C1771,C1774,C1775,C1776,C1778,C1781,C1782,C1785,C1786,C1789,C1836,C1837,C1838,C1841,C1842,C1843,C1846,C1847,C1848,C1850,C1851,C1852,C1853,C1854,C1855,C1858,C1859,C1860,C1863,C1864,C1865,C1868,C1869,C1870,C1872,C1875,C1878,C1879,C1882,C1893,C1894,C1895,C1896,C1897,C1898,C1899,C1900,C1901,C1902,C1903,C1904,C1905,C1906,C1907,C1908,C1909,C1910,C1911,C1912,C1915,C1916,C1919,C1920,C1923,C1924",378
POLICYBZR,2026-10-01,980.0,1063.9,2246.9,1031.4,-4.98,-56.38,-7.89,-48.05,"C8,C9,C10,C14,C31,C32,C33,C36,C52,C53,C54,C56,C73,C74,C75,C76,C91,C92,C93,C94,C98,C99,C116,C132,C133,C143,C144,C166,C167,C168,C178,C179,C187,C200,C211,C214,C235,C251,C261,C262,C263,C273,C274,C295,C296,C297,C298,C308,C309,C310,C318,C319,C338,C339,C340,C341,C351,C352,C353,C363,C364,C386,C387,C388,C389,C390,C402,C403,C404,C414,C415,C439,C440,C441,C442,C443,C454,C463,C464,C483,C484,C485,C486,C496,C497,C498,C507,C508,C525,C526,C527,C528,C537,C538,C539,C548,C549,C568,C569,C570,C571,C576,C577,C578,C587,C588,C612,C613,C614,C615,C616,C627,C628,C629,C637,C661,C662,C663,C664,C665,C677,C678,C679,C688,C689,C706,C707,C708,C709,C720,C721,C722,C730,C731,C749,C750,C751,C752,C762,C763,C764,C767,C768,C789,C790,C791,C792,C793,C804,C805,C806,C814,C815,C835,C836,C837,C838,C839,C851,C852,C853,C860,C861,C886,C887,C888,C889,C890,C900,C901,C902,C909,C910,C930,C931,C932,C933,C934,C945,C946,C947,C956,C957,C958,C978,C979,C980,C981,C982,C993,C994,C995,C1004,C1005,C1028,C1038,C1039,C1040,C1049,C1050,C1076,C1077,C1078,C1079,C1080,C1094,C1095,C1096,C1103,C1104,C1124,C1125,C1126,C1139,C1140,C1141,C1151,C1158,C1159,C1160,C1163,C1164,C1192,C1193,C1194,C1202,C1207,C1237,C1238,C1239,C1240,C1250,C1255,C1256,C1257,C1258,C1272,C1273,C1274,C1275,C1285,C1286,C1298,C1303,C1304,C1305,C1320,C1321,C1322,C1323,C1333,C1334,C1335,C1348,C1353,C1354,C1355,C1370,C1371,C1372,C1373,C1383,C1384,C1397,C1405,C1406,C1407,C1423,C1424,C1425,C1426,C1436,C1437,C1454,C1463,C1464,C1465,C1466,C1483,C1484,C1485,C1486,C1495,C1496,C1507,C1508,C1515,C1516,C1517,C1527,C1528,C1529,C1530,C1531,C1543,C1544,C1545,C1546,C1560,C1561,C1568,C1569,C1570,C1581,C1582,C1583,C1584,C1585,C1597,C1598,C1599,C1600,C1627,C1628,C1629,C1630,C1631,C1647,C1648,C1649,C1650,C1651,C1669,C1670,C1671,C1672,C1673,C1686,C1687,C1688,C1689,C1719,C1720,C1721,C1722,C1723,C1740,C1741,C1742,C1743,C1744,C1762,C1763,C1764,C1765,C1766,C1779,C1780,C1781,C1782,C1812,C1813,C1814,C1815,C1816,C1834,C1835,C1836,C1837,C1838,C1856,C1857,C1858,C1859,C1860,C1873,C1874,C1875,C1886,C1893,C1894,C1902,C1903,C1904,C1913,C1914,C1915,C1916",378
SWIGGY,2026-10-01,238.0,250.1,558.85,250.0,-4.8,-57.41,-4.84,-14.54,"C8,C9,C10,C14,C31,C32,C33,C36,C52,C53,C54,C56,C73,C74,C75,C76,C91,C92,C93,C94,C98,C99,C116,C132,C133,C143,C144,C166,C167,C168,C178,C179,C187,C200,C211,C214,C235,C251,C261,C262,C263,C273,C274,C295,C296,C297,C298,C308,C309,C310,C318,C319,C338,C339,C340,C341,C351,C352,C353,C363,C364,C386,C387,C388,C389,C390,C402,C403,C404,C414,C415,C439,C440,C441,C442,C443,C454,C463,C464,C483,C484,C485,C486,C496,C497,C498,C507,C508,C525,C526,C527,C528,C537,C538,C539,C548,C549,C568,C569,C570,C571,C576,C577,C578,C587,C588,C612,C613,C614,C615,C616,C627,C628,C629,C637,C661,C662,C663,C664,C665,C677,C678,C679,C688,C689,C706,C707,C708,C709,C720,C721,C722,C730,C731,C749,C750,C751,C752,C762,C763,C764,C767,C768,C789,C790,C791,C792,C793,C804,C805,C806,C814,C815,C835,C836,C837,C838,C839,C851,C852,C853,C860,C861,C886,C887,C888,C889,C890,C900,C901,C902,C909,C910,C930,C931,C932,C933,C934,C945,C946,C947,C956,C957,C958,C978,C979,C980,C981,C982,C993,C994,C995,C1004,C1005,C1028,C1038,C1039,C1040,C1049,C1050,C1076,C1077,C1078,C1079,C1080,C1094,C1095,C1096,C1103,C1104,C1124,C1125,C1126,C1139,C1140,C1141,C1151,C1158,C1159,C1160,C1163,C1164,C1192,C1193,C1194,C1202,C1207,C1237,C1238,C1239,C1240,C1250,C1255,C1256,C1257,C1258,C1272,C1273,C1274,C1275,C1285,C1286,C1298,C1303,C1304,C1305,C1320,C1321,C1322,C1323,C1333,C1334,C1335,C1348,C1353,C1354,C1355,C1370,C1371,C1372,C1373,C1383,C1384,C1397,C1405,C1406,C1407,C1423,C1424,C1425,C1426,C1436,C1437,C1454,C1463,C1464,C1465,C1466,C1483,C1484,C1485,C1486,C1495,C1496,C1507,C1508,C1515,C1516,C1517,C1527,C1528,C1529,C1530,C1531,C1543,C1544,C1545,C1546,C1560,C1561,C1568,C1569,C1570,C1581,C1582,C1583,C1584,C1585,C1597,C1598,C1599,C1600,C1627,C1628,C1629,C1630,C1631,C1647,C1648,C1649,C1650,C1651,C1669,C1670,C1671,C1672,C1673,C1686,C1687,C1688,C1689,C1719,C1720,C1721,C1722,C1723,C1740,C1741,C1742,C1743,C1744,C1762,C1763,C1764,C1765,C1766,C1779,C1780,C1781,C1782,C1812,C1813,C1814,C1815,C1816,C1834,C1835,C1836,C1837,C1838,C1856,C1857,C1858,C1859,C1860,C1873,C1874,C1875,C1886,C1893,C1894,C1902,C1903,C1904,C1913,C1914,C1915,C1916",378
BOMDYEING,2026-10-01,102.63,105.62,198.95,105.0,-2.26,-48.41,-2.83,-7.97,"C273,C274,C275,C276,C277,C278,C318,C319,C320,C321,C322,C323,C363,C364,C365,C366,C367,C368,C414,C415,C416,C417,C418,C419,C463,C464,C465,C466,C467,C468,C507,C508,C509,C510,C548,C549,C550,C551,C587,C588,C589,C590,C591,C637,C638,C639,C688,C689,C690,C691,C730,C731,C732,C733,C734,C767,C768,C769,C770,C771,C814,C815,C816,C817,C818,C860,C861,C862,C863,C864,C909,C910,C911,C912,C913,C956,C957,C958,C959,C960,C1004,C1005,C1006,C1007,C1008,C1049,C1050,C1051,C1052,C1053,C1103,C1104,C1105,C1106,C1107,C1151,C1152,C1153,C1154,C1155,C1159,C1204,C1236,C1272,C1273,C1274,C1275,C1276,C1277,C1278,C1279,C1280,C1281,C1282,C1285,C1286,C1287,C1288,C1289,C1290,C1291,C1320,C1321,C1322,C1323,C1324,C1325,C1326,C1327,C1328,C1329,C1330,C1333,C1334,C1335,C1336,C1337,C1338,C1339,C1340,C1370,C1371,C1372,C1373,C1374,C1375,C1376,C1377,C1378,C1379,C1380,C1383,C1384,C1385,C1386,C1387,C1388,C1389,C1423,C1424,C1425,C1426,C1427,C1428,C1429,C1430,C1431,C1432,C1433,C1436,C1437,C1438,C1439,C1440,C1441,C1442,C1483,C1484,C1485,C1486,C1487,C1488,C1489,C1490,C1491,C1492,C1493,C1495,C1496,C1497,C1498,C1499,C1500,C1527,C1528,C1529,C1530,C1531,C1532,C1533,C1534,C1535,C1536,C1537,C1538,C1539,C1540,C1543,C1544,C1545,C1546,C1547,C1548,C1549,C1550,C1551,C1552,C1553,C1581,C1582,C1583,C1584,C1585,C1586,C1587,C1588,C1589,C1590,C1591,C1592,C1593,C1594,C1597,C1598,C1599,C1600,C1601,C1602,C1603,C1604,C1605,C1606,C1607,C1669,C1670,C1671,C1672,C1673,C1674,C1675,C1676,C1677,C1678,C1679,C1680,C1681,C1682,C1683,C1686,C1687,C1688,C1689,C1690,C1691,C1692,C1693,C1694,C1695,C1696,C1762,C1763,C1764,C1765,C1766,C1767,C1768,C1769,C1770,C1771,C1772,C1773,C1774,C1775,C1776,C1779,C1780,C1781,C1782,C1783,C1784,C1785,C1786,C1787,C1788,C1789,C1856,C1857,C1858,C1859,C1860,C1861,C1862,C1863,C1864,C1865,C1866,C1867,C1868,C1869,C1870,C1873,C1874,C1875,C1876,C1877,C1878,C1879,C1880,C1881,C1882,C1902,C1903,C1904,C1905,C1906,C1907,C1908,C1909,C1910,C1913,C1914,C1915,C1916,C1917,C1918,C1919,C1920,C1921,C1922,C1923,C1924",341
CROMPTON,2026-10-01,202.7,208.67,395.85,208.67,-2.86,-48.79,-2.86,-9.28,"C273,C274,C275,C276,C277,C278,C318,C319,C320,C321,C322,C323,C363,C364,C365,C366,C367,C368,C414,C415,C416,C417,C418,C419,C463,C464,C465,C466,C467,C468,C507,C508,C509,C510,C548,C549,C550,C551,C587,C588,C589,C590,C591,C637,C638,C639,C688,C689,C690,C691,C730,C731,C732,C733,C734,C767,C768,C769,C770,C771,C814,C815,C816,C817,C818,C860,C861,C862,C863,C864,C909,C910,C911,C912,C913,C956,C957,C958,C959,C960,C1004,C1005,C1006,C1007,C1008,C1049,C1050,C1051,C1052,C1053,C1103,C1104,C1105,C1106,C1107,C1151,C1152,C1153,C1154,C1155,C1159,C1204,C1236,C1272,C1273,C1274,C1275,C1276,C1277,C1278,C1279,C1280,C1281,C1282,C1285,C1286,C1287,C1288,C1289,C1290,C1291,C1320,C1321,C1322,C1323,C1324,C1325,C1326,C1327,C1328,C1329,C1330,C1333,C1334,C1335,C1336,C1337,C1338,C1339,C1340,C1370,C1371,C1372,C1373,C1374,C1375,C1376,C1377,C1378,C1379,C1380,C1383,C1384,C1385,C1386,C1387,C1388,C1389,C1423,C1424,C1425,C1426,C1427,C1428,C1429,C1430,C1431,C1432,C1433,C1436,C1437,C1438,C1439,C1440,C1441,C1442,C1483,C1484,C1485,C1486,C1487,C1488,C1489,C1490,C1491,C1492,C1493,C1495,C1496,C1497,C1498,C1499,C1500,C1527,C1528,C1529,C1530,C1531,C1532,C1533,C1534,C1535,C1536,C1537,C1538,C1539,C1540,C1543,C1544,C1545,C1546,C1547,C1548,C1549,C1550,C1551,C1552,C1553,C1581,C1582,C1583,C1584,C1585,C1586,C1587,C1588,C1589,C1590,C1591,C1592,C1593,C1594,C1597,C1598,C1599,C1600,C1601,C1602,C1603,C1604,C1605,C1606,C1607,C1669,C1670,C1671,C1672,C1673,C1674,C1675,C1676,C1677,C1678,C1679,C1680,C1681,C1682,C1683,C1686,C1687,C1688,C1689,C1690,C1691,C1692,C1693,C1694,C1695,C1696,C1762,C1763,C1764,C1765,C1766,C1767,C1768,C1769,C1770,C1771,C1772,C1773,C1774,C1775,C1776,C1779,C1780,C1781,C1782,C1783,C1784,C1785,C1786,C1787,C1788,C1789,C1856,C1857,C1858,C1859,C1860,C1861,C1862,C1863,C1864,C1865,C1866,C1867,C1868,C1869,C1870,C1873,C1874,C1875,C1876,C1877,C1878,C1879,C1880,C1881,C1882,C1902,C1903,C1904,C1905,C1906,C1907,C1908,C1909,C1910,C1913,C1914,C1915,C1916,C1917,C1918,C1919,C1920,C1921,C1922,C1923,C1924",341
EIEL,2026-10-01,184.0,189.62,339.85,188.0,-2.13,-45.86,-2.96,-9.5,"C273,C274,C275,C276,C277,C278,C318,C319,C320,C321,C322,C323,C363,C364,C365,C366,C367,C368,C414,C415,C416,C417,C418,C419,C463,C464,C465,C466,C467,C468,C507,C508,C509,C510,C548,C549,C550,C551,C587,C588,C589,C590,C591,C637,C638,C639,C688,C689,C690,C691,C730,C731,C732,C733,C734,C767,C768,C769,C770,C771,C814,C815,C816,C817,C818,C860,C861,C862,C863,C864,C909,C910,C911,C912,C913,C956,C957,C958,C959,C960,C1004,C1005,C1006,C1007,C1008,C1049,C1050,C1051,C1052,C1053,C1103,C1104,C1105,C1106,C1107,C1151,C1152,C1153,C1154,C1155,C1159,C1204,C1236,C1272,C1273,C1274,C1275,C1276,C1277,C1278,C1279,C1280,C1281,C1282,C1285,C1286,C1287,C1288,C1289,C1290,C1291,C1320,C1321,C1322,C1323,C1324,C1325,C1326,C1327,C1328,C1329,C1330,C1333,C1334,C1335,C1336,C1337,C1338,C1339,C1340,C1370,C1371,C1372,C1373,C1374,C1375,C1376,C1377,C1378,C1379,C1380,C1383,C1384,C1385,C1386,C1387,C1388,C1389,C1423,C1424,C1425,C1426,C1427,C1428,C1429,C1430,C1431,C1432,C1433,C1436,C1437,C1438,C1439,C1440,C1441,C1442,C1483,C1484,C1485,C1486,C1487,C1488,C1489,C1490,C1491,C1492,C1493,C1495,C1496,C1497,C1498,C1499,C1500,C1527,C1528,C1529,C1530,C1531,C1532,C1533,C1534,C1535,C1536,C1537,C1538,C1539,C1540,C1543,C1544,C1545,C1546,C1547,C1548,C1549,C1550,C1551,C1552,C1553,C1581,C1582,C1583,C1584,C1585,C1586,C1587,C1588,C1589,C1590,C1591,C1592,C1593,C1594,C1597,C1598,C1599,C1600,C1601,C1602,C1603,C1604,C1605,C1606,C1607,C1669,C1670,C1671,C1672,C1673,C1674,C1675,C1676,C1677,C1678,C1679,C1680,C1681,C1682,C1683,C1686,C1687,C1688,C1689,C1690,C1691,C1692,C1693,C1694,C1695,C1696,C1762,C1763,C1764,C1765,C1766,C1767,C1768,C1769,C1770,C1771,C1772,C1773,C1774,C1775,C1776,C1779,C1780,C1781,C1782,C1783,C1784,C1785,C1786,C1787,C1788,C1789,C1856,C1857,C1858,C1859,C1860,C1861,C1862,C1863,C1864,C1865,C1866,C1867,C1868,C1869,C1870,C1873,C1874,C1875,C1876,C1877,C1878,C1879,C1880,C1881,C1882,C1902,C1903,C1904,C1905,C1906,C1907,C1908,C1909,C1910,C1913,C1914,C1915,C1916,C1917,C1918,C1919,C1920,C1921,C1922,C1923,C1924",341
NDGL,2026-10-01,2411.0,2484.0,4685.4,2466.0,-2.23,-48.54,-2.94,-6.51,"C273,C274,C275,C276,C277,C278,C318,C319,C320,C321,C322,C323,C363,C364,C365,C366,C367,C368,C414,C415,C416,C417,C418,C419,C463,C464,C465,C466,C467,C468,C507,C508,C509,C510,C548,C549,C550,C551,C587,C588,C589,C590,C591,C637,C638,C639,C688,C689,C690,C691,C730,C731,C732,C733,C734,C767,C768,C769,C770,C771,C814,C815,C816,C817,C818,C860,C861,C862,C863,C864,C909,C910,C911,C912,C913,C956,C957,C958,C959,C960,C1004,C1005,C1006,C1007,C1008,C1049,C1050,C1051,C1052,C1053,C1103,C1104,C1105,C1106,C1107,C1151,C1152,C1153,C1154,C1155,C1159,C1204,C1236,C1272,C1273,C1274,C1275,C1276,C1277,C1278,C1279,C1280,C1281,C1282,C1285,C1286,C1287,C1288,C1289,C1290,C1291,C1320,C1321,C1322,C1323,C1324,C1325,C1326,C1327,C1328,C1329,C1330,C1333,C1334,C1335,C1336,C1337,C1338,C1339,C1340,C1370,C1371,C1372,C1373,C1374,C1375,C1376,C1377,C1378,C1379,C1380,C1383,C1384,C1385,C1386,C1387,C1388,C1389,C1423,C1424,C1425,C1426,C1427,C1428,C1429,C1430,C1431,C1432,C1433,C1436,C1437,C1438,C1439,C1440,C1441,C1442,C1483,C1484,C1485,C1486,C1487,C1488,C1489,C1490,C1491,C1492,C1493,C1495,C1496,C1497,C1498,C1499,C1500,C1527,C1528,C1529,C1530,C1531,C1532,C1533,C1534,C1535,C1536,C1537,C1538,C1539,C1540,C1543,C1544,C1545,C1546,C1547,C1548,C1549,C1550,C1551,C1552,C1553,C1581,C1582,C1583,C1584,C1585,C1586,C1587,C1588,C1589,C1590,C1591,C1592,C1593,C1594,C1597,C1598,C1599,C1600,C1601,C1602,C1603,C1604,C1605,C1606,C1607,C1669,C1670,C1671,C1672,C1673,C1674,C1675,C1676,C1677,C1678,C1679,C1680,C1681,C1682,C1683,C1686,C1687,C1688,C1689,C1690,C1691,C1692,C1693,C1694,C1695,C1696,C1762,C1763,C1764,C1765,C1766,C1767,C1768,C1769,C1770,C1771,C1772,C1773,C1774,C1775,C1776,C1779,C1780,C1781,C1782,C1783,C1784,C1785,C1786,C1787,C1788,C1789,C1856,C1857,C1858,C1859,C1860,C1861,C1862,C1863,C1864,C1865,C1866,C1867,C1868,C1869,C1870,C1873,C1874,C1875,C1876,C1877,C1878,C1879,C1880,C1881,C1882,C1902,C1903,C1904,C1905,C1906,C1907,C1908,C1909,C1910,C1913,C1914,C1915,C1916,C1917,C1918,C1919,C1920,C1921,C1922,C1923,C1924",341
SAFARI,2026-10-01,1378.8,1429.6,2686.3,1412.5,-2.39,-48.67,-3.55,-7.56,"C273,C274,C275,C276,C277,C278,C318,C319,C320,C321,C322,C323,C363,C364,C365,C366,C367,C368,C414,C415,C416,C417,C418,C419,C463,C464,C465,C466,C467,C468,C507,C508,C509,C510,C548,C549,C550,C551,C587,C588,C589,C590,C591,C637,C638,C639,C688,C689,C690,C691,C730,C731,C732,C733,C734,C767,C768,C769,C770,C771,C814,C815,C816,C817,C818,C860,C861,C862,C863,C864,C909,C910,C911,C912,C913,C956,C957,C958,C959,C960,C1004,C1005,C1006,C1007,C1008,C1049,C1050,C1051,C1052,C1053,C1103,C1104,C1105,C1106,C1107,C1151,C1152,C1153,C1154,C1155,C1159,C1204,C1236,C1272,C1273,C1274,C1275,C1276,C1277,C1278,C1279,C1280,C1281,C1282,C1285,C1286,C1287,C1288,C1289,C1290,C1291,C1320,C1321,C1322,C1323,C1324,C1325,C1326,C1327,C1328,C1329,C1330,C1333,C1334,C1335,C1336,C1337,C1338,C1339,C1340,C1370,C1371,C1372,C1373,C1374,C1375,C1376,C1377,C1378,C1379,C1380,C1383,C1384,C1385,C1386,C1387,C1388,C1389,C1423,C1424,C1425,C1426,C1427,C1428,C1429,C1430,C1431,C1432,C1433,C1436,C1437,C1438,C1439,C1440,C1441,C1442,C1483,C1484,C1485,C1486,C1487,C1488,C1489,C1490,C1491,C1492,C1493,C1495,C1496,C1497,C1498,C1499,C1500,C1527,C1528,C1529,C1530,C1531,C1532,C1533,C1534,C1535,C1536,C1537,C1538,C1539,C1540,C1543,C1544,C1545,C1546,C1547,C1548,C1549,C1550,C1551,C1552,C1553,C1581,C1582,C1583,C1584,C1585,C1586,C1587,C1588,C1589,C1590,C1591,C1592,C1593,C1594,C1597,C1598,C1599,C1600,C1601,C1602,C1603,C1604,C1605,C1606,C1607,C1669,C1670,C1671,C1672,C1673,C1674,C1675,C1676,C1677,C1678,C1679,C1680,C1681,C1682,C1683,C1686,C1687,C1688,C1689,C1690,C1691,C1692,C1693,C1694,C1695,C1696,C1762,C1763,C1764,C1765,C1766,C1767,C1768,C1769,C1770,C1771,C1772,C1773,C1774,C1775,C1776,C1779,C1780,C1781,C1782,C1783,C1784,C1785,C1786,C1787,C1788,C1789,C1856,C1857,C1858,C1859,C1860,C1861,C1862,C1863,C1864,C1865,C1866,C1867,C1868,C1869,C1870,C1873,C1874,C1875,C1876,C1877,C1878,C1879,C1880,C1881,C1882,C1902,C1903,C1904,C1905,C1906,C1907,C1908,C1909,C1910,C1913,C1914,C1915,C1916,C1917,C1918,C1919,C1920,C1921,C1922,C1923,C1924",341
SBICARD,2026-10-01,563.2,578.05,1027.25,578.05,-2.57,-45.17,-2.57,-11.31,"C273,C274,C275,C276,C277,C278,C318,C319,C320,C321,C322,C323,C363,C364,C365,C366,C367,C368,C414,C415,C416,C417,C418,C419,C463,C464,C465,C466,C467,C468,C507,C508,C509,C510,C548,C549,C550,C551,C587,C588,C589,C590,C591,C637,C638,C639,C688,C689,C690,C691,C730,C731,C732,C733,C734,C767,C768,C769,C770,C771,C814,C815,C816,C817,C818,C860,C861,C862,C863,C864,C909,C910,C911,C912,C913,C956,C957,C958,C959,C960,C1004,C1005,C1006,C1007,C1008,C1049,C1050,C1051,C1052,C1053,C1103,C1104,C1105,C1106,C1107,C1151,C1152,C1153,C1154,C1155,C1159,C1204,C1236,C1272,C1273,C1274,C1275,C1276,C1277,C1278,C1279,C1280,C1281,C1282,C1285,C1286,C1287,C1288,C1289,C1290,C1291,C1320,C1321,C1322,C1323,C1324,C1325,C1326,C1327,C1328,C1329,C1330,C1333,C1334,C1335,C1336,C1337,C1338,C1339,C1340,C1370,C1371,C1372,C1373,C1374,C1375,C1376,C1377,C1378,C1379,C1380,C1383,C1384,C1385,C1386,C1387,C1388,C1389,C1423,C1424,C1425,C1426,C1427,C1428,C1429,C1430,C1431,C1432,C1433,C1436,C1437,C1438,C1439,C1440,C1441,C1442,C1483,C1484,C1485,C1486,C1487,C1488,C1489,C1490,C1491,C1492,C1493,C1495,C1496,C1497,C1498,C1499,C1500,C1527,C1528,C1529,C1530,C1531,C1532,C1533,C1534,C1535,C1536,C1537,C1538,C1539,C1540,C1543,C1544,C1545,C1546,C1547,C1548,C1549,C1550,C1551,C1552,C1553,C1581,C1582,C1583,C1584,C1585,C1586,C1587,C1588,C1589,C1590,C1591,C1592,C1593,C1594,C1597,C1598,C1599,C1600,C1601,C1602,C1603,C1604,C1605,C1606,C1607,C1669,C1670,C1671,C1672,C1673,C1674,C1675,C1676,C1677,C1678,C1679,C1680,C1681,C1682,C1683,C1686,C1687,C1688,C1689,C1690,C1691,C1692,C1693,C1694,C1695,C1696,C1762,C1763,C1764,C1765,C1766,C1767,C1768,C1769,C1770,C1771,C1772,C1773,C1774,C1775,C1776,C1779,C1780,C1781,C1782,C1783,C1784,C1785,C1786,C1787,C1788,C1789,C1856,C1857,C1858,C1859,C1860,C1861,C1862,C1863,C1864,C1865,C1866,C1867,C1868,C1869,C1870,C1873,C1874,C1875,C1876,C1877,C1878,C1879,C1880,C1881,C1882,C1902,C1903,C1904,C1905,C1906,C1907,C1908,C1909,C1910,C1913,C1914,C1915,C1916,C1917,C1918,C1919,C1920,C1921,C1922,C1923,C1924",341
SUKHJITS,2026-10-01,150.93,156.42,278.4,155.05,-2.66,-45.79,-3.51,-7.17,"C273,C274,C275,C276,C277,C278,C318,C319,C320,C321,C322,C323,C363,C364,C365,C366,C367,C368,C414,C415,C416,C417,C418,C419,C463,C464,C465,C466,C467,C468,C507,C508,C509,C510,C548,C549,C550,C551,C587,C588,C589,C590,C591,C637,C638,C639,C688,C689,C690,C691,C730,C731,C732,C733,C734,C767,C768,C769,C770,C771,C814,C815,C816,C817,C818,C860,C861,C862,C863,C864,C909,C910,C911,C912,C913,C956,C957,C958,C959,C960,C1004,C1005,C1006,C1007,C1008,C1049,C1050,C1051,C1052,C1053,C1103,C1104,C1105,C1106,C1107,C1151,C1152,C1153,C1154,C1155,C1159,C1204,C1236,C1272,C1273,C1274,C1275,C1276,C1277,C1278,C1279,C1280,C1281,C1282,C1285,C1286,C1287,C1288,C1289,C1290,C1291,C1320,C1321,C1322,C1323,C1324,C1325,C1326,C1327,C1328,C1329,C1330,C1333,C1334,C1335,C1336,C1337,C1338,C1339,C1340,C1370,C1371,C1372,C1373,C1374,C1375,C1376,C1377,C1378,C1379,C1380,C1383,C1384,C1385,C1386,C1387,C1388,C1389,C1423,C1424,C1425,C1426,C1427,C1428,C1429,C1430,C1431,C1432,C1433,C1436,C1437,C1438,C1439,C1440,C1441,C1442,C1483,C1484,C1485,C1486,C1487,C1488,C1489,C1490,C1491,C1492,C1493,C1495,C1496,C1497,C1498,C1499,C1500,C1527,C1528,C1529,C1530,C1531,C1532,C1533,C1534,C1535,C1536,C1537,C1538,C1539,C1540,C1543,C1544,C1545,C1546,C1547,C1548,C1549,C1550,C1551,C1552,C1553,C1581,C1582,C1583,C1584,C1585,C1586,C1587,C1588,C1589,C1590,C1591,C1592,C1593,C1594,C1597,C1598,C1599,C1600,C1601,C1602,C1603,C1604,C1605,C1606,C1607,C1669,C1670,C1671,C1672,C1673,C1674,C1675,C1676,C1677,C1678,C1679,C1680,C1681,C1682,C1683,C1686,C1687,C1688,C1689,C1690,C1691,C1692,C1693,C1694,C1695,C1696,C1762,C1763,C1764,C1765,C1766,C1767,C1768,C1769,C1770,C1771,C1772,C1773,C1774,C1775,C1776,C1779,C1780,C1781,C1782,C1783,C1784,C1785,C1786,C1787,C1788,C1789,C1856,C1857,C1858,C1859,C1860,C1861,C1862,C1863,C1864,C1865,C1866,C1867,C1868,C1869,C1870,C1873,C1874,C1875,C1876,C1877,C1878,C1879,C1880,C1881,C1882,C1902,C1903,C1904,C1905,C1906,C1907,C1908,C1909,C1910,C1913,C1914,C1915,C1916,C1917,C1918,C1919,C1920,C1921,C1922,C1923,C1924",341
FIEMIND,2026-10-01,1794.8,1877.6,2674.8,1870.0,-4.02,-32.9,-4.41,-6.74,"C133,C136,C139,C168,C171,C174,C187,C190,C192,C195,C197,C200,C203,C205,C208,C210,C214,C217,C221,C223,C228,C230,C251,C255,C298,C302,C341,C345,C389,C390,C394,C398,C442,C443,C447,C486,C490,C528,C571,C615,C616,C620,C664,C665,C669,C670,C709,C713,C752,C756,C792,C793,C797,C801,C838,C839,C843,C847,C889,C890,C894,C895,C933,C934,C938,C942,C981,C982,C986,C990,C1030,C1031,C1035,C1079,C1080,C1084,C1085,C1089,C1092,C1125,C1126,C1129,C1130,C1134,C1135,C1137,C1160,C1161,C1162,C1163,C1184,C1185,C1207,C1210,C1230,C1231,C1233,C1239,C1240,C1250,C1251,C1252,C1253,C1254,C1257,C1258,C1262,C1263,C1267,C1268,C1270,C1271,C1275,C1279,C1298,C1299,C1301,C1302,C1304,C1305,C1309,C1310,C1314,C1315,C1317,C1318,C1319,C1323,C1327,C1348,C1349,C1351,C1352,C1354,C1355,C1359,C1360,C1364,C1365,C1367,C1368,C1369,C1373,C1377,C1397,C1399,C1402,C1403,C1404,C1406,C1407,C1411,C1412,C1416,C1417,C1419,C1420,C1421,C1422,C1426,C1430,C1454,C1456,C1459,C1460,C1461,C1462,C1465,C1466,C1470,C1471,C1475,C1476,C1479,C1480,C1481,C1482,C1486,C1490,C1508,C1510,C1512,C1513,C1514,C1516,C1517,C1519,C1520,C1522,C1523,C1524,C1525,C1526,C1530,C1531,C1535,C1536,C1540,C1546,C1550,C1561,C1563,C1565,C1566,C1567,C1569,C1570,C1573,C1574,C1576,C1577,C1578,C1579,C1580,C1584,C1585,C1589,C1590,C1594,C1600,C1604,C1630,C1631,C1635,C1636,C1640,C1641,C1644,C1645,C1650,C1651,C1655,C1656,C1660,C1661,C1664,C1665,C1667,C1668,C1672,C1673,C1677,C1678,C1682,C1683,C1689,C1693,C1722,C1723,C1727,C1728,C1732,C1733,C1736,C1737,C1739,C1743,C1744,C1748,C1749,C1753,C1754,C1757,C1758,C1760,C1761,C1765,C1766,C1770,C1771,C1775,C1776,C1782,C1786,C1815,C1816,C1820,C1821,C1825,C1826,C1829,C1830,C1832,C1833,C1837,C1838,C1842,C1843,C1847,C1848,C1851,C1852,C1854,C1855,C1859,C1860,C1864,C1865,C1869,C1870,C1879,C1886,C1887,C1888,C1889,C1890,C1891,C1893,C1894,C1895,C1896,C1897,C1898,C1899,C1900,C1901,C1903,C1904,C1906,C1907,C1909,C1910,C1912,C1916,C1920,C1924",326
KALYANKJIL,2026-10-01,528.5,553.15,795.4,552.5,-4.34,-33.56,-4.46,-9.54,"C133,C136,C139,C168,C171,C174,C187,C190,C192,C195,C197,C200,C203,C205,C208,C210,C214,C217,C221,C223,C228,C230,C251,C255,C298,C302,C341,C345,C389,C390,C394,C398,C442,C443,C447,C486,C490,C528,C571,C615,C616,C620,C664,C665,C669,C670,C709,C713,C752,C756,C792,C793,C797,C801,C838,C839,C843,C847,C889,C890,C894,C895,C933,C934,C938,C942,C981,C982,C986,C990,C1030,C1031,C1035,C1079,C1080,C1084,C1085,C1089,C1092,C1125,C1126,C1129,C1130,C1134,C1135,C1137,C1160,C1161,C1162,C1163,C1184,C1185,C1207,C1210,C1230,C1231,C1233,C1239,C1240,C1250,C1251,C1252,C1253,C1254,C1257,C1258,C1262,C1263,C1267,C1268,C1270,C1271,C1275,C1279,C1298,C1299,C1301,C1302,C1304,C1305,C1309,C1310,C1314,C1315,C1317,C1318,C1319,C1323,C1327,C1348,C1349,C1351,C1352,C1354,C1355,C1359,C1360,C1364,C1365,C1367,C1368,C1369,C1373,C1377,C1397,C1399,C1402,C1403,C1404,C1406,C1407,C1411,C1412,C1416,C1417,C1419,C1420,C1421,C1422,C1426,C1430,C1454,C1456,C1459,C1460,C1461,C1462,C1465,C1466,C1470,C1471,C1475,C1476,C1479,C1480,C1481,C1482,C1486,C1490,C1508,C1510,C1512,C1513,C1514,C1516,C1517,C1519,C1520,C1522,C1523,C1524,C1525,C1526,C1530,C1531,C1535,C1536,C1540,C1546,C1550,C1561,C1563,C1565,C1566,C1567,C1569,C1570,C1573,C1574,C1576,C1577,C1578,C1579,C1580,C1584,C1585,C1589,C1590,C1594,C1600,C1604,C1630,C1631,C1635,C1636,C1640,C1641,C1644,C1645,C1650,C1651,C1655,C1656,C1660,C1661,C1664,C1665,C1667,C1668,C1672,C1673,C1677,C1678,C1682,C1683,C1689,C1693,C1722,C1723,C1727,C1728,C1732,C1733,C1736,C1737,C1739,C1743,C1744,C1748,C1749,C1753,C1754,C1757,C1758,C1760,C1761,C1765,C1766,C1770,C1771,C1775,C1776,C1782,C1786,C1815,C1816,C1820,C1821,C1825,C1826,C1829,C1830,C1832,C1833,C1837,C1838,C1842,C1843,C1847,C1848,C1851,C1852,C1854,C1855,C1859,C1860,C1864,C1865,C1869,C1870,C1879,C1886,C1887,C1888,C1889,C1890,C1891,C1893,C1894,C1895,C1896,C1897,C1898,C1899,C1900,C1901,C1903,C1904,C1906,C1907,C1909,C1910,C1912,C1916,C1920,C1924",326
TURTLEMINT,2026-10-01,69.79,76.44,158.5,75.6,-7.69,-55.97,-8.7,-48.8,"C1,C2,C3,C8,C9,C10,C14,C18,C19,C20,C21,C31,C32,C33,C36,C40,C41,C42,C43,C52,C53,C54,C56,C98,C119,C120,C121,C132,C133,C143,C144,C152,C153,C154,C166,C167,C168,C178,C179,C186,C187,C235,C237,C238,C239,C240,C251,C261,C262,C263,C273,C274,C280,C281,C282,C283,C295,C296,C297,C298,C308,C309,C310,C318,C319,C324,C325,C326,C327,C338,C339,C340,C341,C351,C352,C353,C363,C364,C469,C470,C471,C472,C483,C484,C485,C486,C496,C497,C498,C507,C508,C511,C512,C513,C514,C525,C526,C527,C528,C537,C538,C539,C548,C549,C552,C553,C554,C555,C556,C568,C569,C570,C571,C576,C577,C578,C587,C588,C692,C693,C694,C695,C706,C707,C708,C709,C720,C721,C722,C730,C731,C736,C737,C738,C739,C749,C750,C751,C752,C762,C763,C764,C767,C768,C772,C773,C774,C775,C776,C789,C790,C791,C792,C793,C804,C805,C806,C814,C815,C914,C915,C916,C917,C918,C930,C931,C932,C933,C934,C945,C946,C947,C956,C957,C958,C962,C963,C964,C965,C966,C978,C979,C980,C981,C982,C993,C994,C995,C1004,C1005,C1010,C1011,C1012,C1013,C1014,C1028,C1038,C1039,C1040,C1049,C1050,C1160,C1163,C1164,C1167,C1192,C1193,C1194,C1207,C1237,C1238,C1239,C1240,C1245,C1250,C1255,C1256,C1257,C1258,C1272,C1273,C1274,C1275,C1285,C1286,C1292,C1298,C1303,C1304,C1305,C1320,C1321,C1322,C1323,C1333,C1334,C1335,C1341,C1348,C1353,C1354,C1355,C1370,C1371,C1372,C1373,C1383,C1384,C1501,C1502,C1507,C1508,C1515,C1516,C1517,C1527,C1528,C1529,C1530,C1531,C1543,C1544,C1545,C1546,C1554,C1555,C1560,C1561,C1568,C1569,C1570,C1581,C1582,C1583,C1584,C1585,C1597,C1598,C1599,C1600,C1608,C1609,C1610,C1611,C1627,C1628,C1629,C1630,C1631,C1647,C1648,C1649,C1650,C1651,C1669,C1670,C1671,C1672,C1673,C1686,C1687,C1688,C1689,C1883,C1886,C1893,C1894,C1902,C1903,C1904,C1913,C1914,C1915,C1916",314
GKENERGY,2026-10-01,114.76,119.88,239.6,118.99,-3.55,-52.1,-4.27,-9.74,"C14,C36,C56,C76,C94,C211,C235,C273,C274,C275,C276,C318,C319,C320,C321,C363,C364,C365,C366,C414,C415,C416,C417,C463,C464,C465,C466,C507,C508,C509,C510,C548,C549,C550,C551,C587,C588,C589,C590,C637,C638,C639,C688,C689,C690,C691,C730,C731,C732,C733,C767,C768,C769,C770,C814,C815,C816,C817,C860,C861,C862,C863,C909,C910,C911,C912,C956,C957,C958,C959,C960,C1004,C1005,C1006,C1007,C1049,C1050,C1051,C1052,C1103,C1104,C1105,C1106,C1151,C1152,C1153,C1154,C1159,C1164,C1255,C1256,C1257,C1258,C1259,C1260,C1261,C1262,C1263,C1272,C1273,C1274,C1275,C1276,C1277,C1278,C1279,C1285,C1286,C1287,C1288,C1289,C1303,C1304,C1305,C1306,C1307,C1308,C1309,C1310,C1320,C1321,C1322,C1323,C1324,C1325,C1326,C1327,C1333,C1334,C1335,C1336,C1337,C1338,C1353,C1354,C1355,C1356,C1357,C1358,C1359,C1360,C1370,C1371,C1372,C1373,C1374,C1375,C1376,C1377,C1383,C1384,C1385,C1386,C1387,C1405,C1406,C1407,C1408,C1409,C1410,C1411,C1412,C1423,C1424,C1425,C1426,C1427,C1428,C1429,C1430,C1436,C1437,C1438,C1439,C1440,C1463,C1464,C1465,C1466,C1467,C1468,C1469,C1470,C1471,C1483,C1484,C1485,C1486,C1487,C1488,C1489,C1490,C1495,C1496,C1497,C1498,C1527,C1528,C1529,C1530,C1531,C1532,C1533,C1534,C1535,C1536,C1543,C1544,C1545,C1546,C1547,C1548,C1549,C1550,C1581,C1582,C1583,C1584,C1585,C1586,C1587,C1588,C1589,C1590,C1597,C1598,C1599,C1600,C1601,C1602,C1603,C1604,C1669,C1670,C1671,C1672,C1673,C1674,C1675,C1676,C1677,C1678,C1686,C1687,C1688,C1689,C1690,C1691,C1692,C1693,C1762,C1763,C1764,C1765,C1766,C1767,C1768,C1769,C1770,C1771,C1779,C1780,C1781,C1782,C1783,C1784,C1785,C1786,C1856,C1857,C1858,C1859,C1860,C1861,C1862,C1863,C1864,C1865,C1873,C1874,C1875,C1876,C1877,C1878,C1879,C1902,C1903,C1904,C1905,C1906,C1907,C1913,C1914,C1915,C1916,C1917,C1918,C1919,C1920",299
INSECTICID,2026-10-01,568.7,584.3,1098.0,580.5,-2.03,-48.21,-2.67,-6.6,"C273,C274,C275,C276,C277,C278,C318,C319,C320,C321,C322,C323,C363,C364,C365,C366,C367,C368,C414,C415,C416,C417,C418,C419,C463,C464,C465,C466,C467,C468,C507,C508,C509,C510,C548,C549,C550,C551,C587,C588,C589,C590,C591,C637,C638,C639,C688,C689,C690,C691,C1159,C1204,C1272,C1273,C1274,C1275,C1276,C1277,C1278,C1279,C1280,C1281,C1282,C1285,C1286,C1287,C1288,C1289,C1290,C1291,C1320,C1321,C1322,C1323,C1324,C1325,C1326,C1327,C1328,C1329,C1330,C1333,C1334,C1335,C1336,C1337,C1338,C1339,C1340,C1370,C1371,C1372,C1373,C1374,C1375,C1376,C1377,C1378,C1379,C1380,C1383,C1384,C1385,C1386,C1387,C1388,C1389,C1423,C1424,C1425,C1426,C1427,C1428,C1429,C1430,C1431,C1432,C1433,C1436,C1437,C1438,C1439,C1440,C1441,C1442,C1483,C1484,C1485,C1486,C1487,C1488,C1489,C1490,C1491,C1492,C1493,C1495,C1496,C1497,C1498,C1499,C1500,C1527,C1528,C1529,C1530,C1531,C1532,C1533,C1534,C1535,C1536,C1537,C1538,C1539,C1540,C1543,C1544,C1545,C1546,C1547,C1548,C1549,C1550,C1551,C1552,C1553,C1581,C1582,C1583,C1584,C1585,C1586,C1587,C1588,C1589,C1590,C1591,C1592,C1593,C1594,C1597,C1598,C1599,C1600,C1601,C1602,C1603,C1604,C1605,C1606,C1607,C1669,C1670,C1671,C1672,C1673,C1674,C1675,C1676,C1677,C1678,C1679,C1680,C1681,C1682,C1683,C1686,C1687,C1688,C1689,C1690,C1691,C1692,C1693,C1694,C1695,C1696,C1762,C1763,C1764,C1765,C1766,C1767,C1768,C1769,C1770,C1771,C1772,C1773,C1774,C1775,C1776,C1779,C1780,C1781,C1782,C1783,C1784,C1785,C1786,C1787,C1788,C1789,C1856,C1857,C1858,C1859,C1860,C1861,C1862,C1863,C1864,C1865,C1866,C1867,C1868,C1869,C1870,C1873,C1874,C1875,C1876,C1877,C1878,C1879,C1880,C1881,C1882,C1902,C1903,C1904,C1905,C1906,C1907,C1908,C1909,C1910,C1913,C1914,C1915,C1916,C1917,C1918,C1919,C1920,C1921,C1922,C1923,C1924",290
ALLTIME,2026-10-01,188.04,194.0,334.9,192.15,-2.14,-43.85,-3.07,-8.43,"C274,C276,C278,C279,C319,C321,C323,C364,C366,C368,C369,C415,C417,C419,C464,C466,C468,C508,C510,C549,C551,C588,C590,C591,C639,C689,C691,C731,C733,C734,C735,C768,C770,C771,C815,C817,C818,C819,C861,C863,C864,C910,C912,C913,C957,C958,C960,C961,C1005,C1007,C1008,C1009,C1050,C1052,C1053,C1054,C1104,C1106,C1107,C1108,C1151,C1153,C1154,C1155,C1156,C1159,C1197,C1201,C1203,C1204,C1205,C1206,C1213,C1215,C1216,C1222,C1228,C1235,C1236,C1273,C1274,C1275,C1277,C1278,C1279,C1281,C1282,C1283,C1284,C1286,C1288,C1289,C1291,C1321,C1322,C1323,C1325,C1326,C1327,C1329,C1330,C1331,C1332,C1334,C1335,C1337,C1338,C1340,C1371,C1372,C1373,C1375,C1376,C1377,C1379,C1380,C1381,C1382,C1384,C1386,C1387,C1389,C1424,C1425,C1426,C1428,C1429,C1430,C1432,C1433,C1434,C1435,C1437,C1439,C1440,C1442,C1484,C1485,C1486,C1488,C1489,C1490,C1492,C1493,C1494,C1496,C1498,C1500,C1528,C1529,C1530,C1531,C1533,C1534,C1535,C1536,C1538,C1539,C1540,C1541,C1542,C1544,C1545,C1546,C1548,C1549,C1550,C1552,C1553,C1582,C1583,C1584,C1585,C1587,C1588,C1589,C1590,C1592,C1593,C1594,C1595,C1596,C1598,C1599,C1600,C1602,C1603,C1604,C1606,C1607,C1670,C1671,C1672,C1673,C1675,C1676,C1677,C1678,C1680,C1681,C1682,C1683,C1684,C1685,C1687,C1688,C1689,C1691,C1692,C1693,C1695,C1696,C1763,C1764,C1765,C1766,C1768,C1769,C1770,C1771,C1773,C1774,C1775,C1776,C1777,C1778,C1780,C1781,C1782,C1784,C1785,C1786,C1788,C1789,C1857,C1858,C1859,C1860,C1862,C1863,C1864,C1865,C1867,C1868,C1869,C1870,C1871,C1872,C1874,C1875,C1877,C1878,C1879,C1881,C1882,C1902,C1903,C1904,C1905,C1906,C1907,C1908,C1909,C1910,C1911,C1912,C1914,C1915,C1916,C1918,C1919,C1920,C1922,C1923,C1924,C1925",276
GRSE,2026-10-01,2111.1,2181.9,3538.4,2175.0,-2.94,-40.34,-3.24,-11.32,"C274,C276,C278,C279,C319,C321,C323,C364,C366,C368,C369,C415,C417,C419,C464,C466,C468,C508,C510,C549,C551,C588,C590,C591,C639,C689,C691,C731,C733,C734,C735,C768,C770,C771,C815,C817,C818,C819,C861,C863,C864,C910,C912,C913,C957,C958,C960,C961,C1005,C1007,C1008,C1009,C1050,C1052,C1053,C1054,C1104,C1106,C1107,C1108,C1151,C1153,C1154,C1155,C1156,C1159,C1197,C1201,C1203,C1204,C1205,C1206,C1213,C1215,C1216,C1222,C1228,C1235,C1236,C1273,C1274,C1275,C1277,C1278,C1279,C1281,C1282,C1283,C1284,C1286,C1288,C1289,C1291,C1321,C1322,C1323,C1325,C1326,C1327,C1329,C1330,C1331,C1332,C1334,C1335,C1337,C1338,C1340,C1371,C1372,C1373,C1375,C1376,C1377,C1379,C1380,C1381,C1382,C1384,C1386,C1387,C1389,C1424,C1425,C1426,C1428,C1429,C1430,C1432,C1433,C1434,C1435,C1437,C1439,C1440,C1442,C1484,C1485,C1486,C1488,C1489,C1490,C1492,C1493,C1494,C1496,C1498,C1500,C1528,C1529,C1530,C1531,C1533,C1534,C1535,C1536,C1538,C1539,C1540,C1541,C1542,C1544,C1545,C1546,C1548,C1549,C1550,C1552,C1553,C1582,C1583,C1584,C1585,C1587,C1588,C1589,C1590,C1592,C1593,C1594,C1595,C1596,C1598,C1599,C1600,C1602,C1603,C1604,C1606,C1607,C1670,C1671,C1672,C1673,C1675,C1676,C1677,C1678,C1680,C1681,C1682,C1683,C1684,C1685,C1687,C1688,C1689,C1691,C1692,C1693,C1695,C1696,C1763,C1764,C1765,C1766,C1768,C1769,C1770,C1771,C1773,C1774,C1775,C1776,C1777,C1778,C1780,C1781,C1782,C1784,C1785,C1786,C1788,C1789,C1857,C1858,C1859,C1860,C1862,C1863,C1864,C1865,C1867,C1868,C1869,C1870,C1871,C1872,C1874,C1875,C1877,C1878,C1879,C1881,C1882,C1902,C1903,C1904,C1905,C1906,C1907,C1908,C1909,C1910,C1911,C1912,C1914,C1915,C1916,C1918,C1919,C1920,C1922,C1923,C1924,C1925",276
IFBIND,2026-10-01,1166.2,1201.0,2019.8,1199.0,-2.74,-42.26,-2.9,-7.35,"C274,C276,C278,C279,C319,C321,C323,C364,C366,C368,C369,C415,C417,C419,C464,C466,C468,C508,C510,C549,C551,C588,C590,C591,C639,C689,C691,C731,C733,C734,C735,C768,C770,C771,C815,C817,C818,C819,C861,C863,C864,C910,C912,C913,C957,C958,C960,C961,C1005,C1007,C1008,C1009,C1050,C1052,C1053,C1054,C1104,C1106,C1107,C1108,C1151,C1153,C1154,C1155,C1156,C1159,C1197,C1201,C1203,C1204,C1205,C1206,C1213,C1215,C1216,C1222,C1228,C1235,C1236,C1273,C1274,C1275,C1277,C1278,C1279,C1281,C1282,C1283,C1284,C1286,C1288,C1289,C1291,C1321,C1322,C1323,C1325,C1326,C1327,C1329,C1330,C1331,C1332,C1334,C1335,C1337,C1338,C1340,C1371,C1372,C1373,C1375,C1376,C1377,C1379,C1380,C1381,C1382,C1384,C1386,C1387,C1389,C1424,C1425,C1426,C1428,C1429,C1430,C1432,C1433,C1434,C1435,C1437,C1439,C1440,C1442,C1484,C1485,C1486,C1488,C1489,C1490,C1492,C1493,C1494,C1496,C1498,C1500,C1528,C1529,C1530,C1531,C1533,C1534,C1535,C1536,C1538,C1539,C1540,C1541,C1542,C1544,C1545,C1546,C1548,C1549,C1550,C1552,C1553,C1582,C1583,C1584,C1585,C1587,C1588,C1589,C1590,C1592,C1593,C1594,C1595,C1596,C1598,C1599,C1600,C1602,C1603,C1604,C1606,C1607,C1670,C1671,C1672,C1673,C1675,C1676,C1677,C1678,C1680,C1681,C1682,C1683,C1684,C1685,C1687,C1688,C1689,C1691,C1692,C1693,C1695,C1696,C1763,C1764,C1765,C1766,C1768,C1769,C1770,C1771,C1773,C1774,C1775,C1776,C1777,C1778,C1780,C1781,C1782,C1784,C1785,C1786,C1788,C1789,C1857,C1858,C1859,C1860,C1862,C1863,C1864,C1865,C1867,C1868,C1869,C1870,C1871,C1872,C1874,C1875,C1877,C1878,C1879,C1881,C1882,C1902,C1903,C1904,C1905,C1906,C1907,C1908,C1909,C1910,C1911,C1912,C1914,C1915,C1916,C1918,C1919,C1920,C1922,C1923,C1924,C1925",276
NATHBIOGEN,2026-10-01,137.74,142.81,238.69,141.0,-2.31,-42.29,-3.55,-6.95,"C274,C276,C278,C279,C319,C321,C323,C364,C366,C368,C369,C415,C417,C419,C464,C466,C468,C508,C510,C549,C551,C588,C590,C591,C639,C689,C691,C731,C733,C734,C735,C768,C770,C771,C815,C817,C818,C819,C861,C863,C864,C910,C912,C913,C957,C958,C960,C961,C1005,C1007,C1008,C1009,C1050,C1052,C1053,C1054,C1104,C1106,C1107,C1108,C1151,C1153,C1154,C1155,C1156,C1159,C1197,C1201,C1203,C1204,C1205,C1206,C1213,C1215,C1216,C1222,C1228,C1235,C1236,C1273,C1274,C1275,C1277,C1278,C1279,C1281,C1282,C1283,C1284,C1286,C1288,C1289,C1291,C1321,C1322,C1323,C1325,C1326,C1327,C1329,C1330,C1331,C1332,C1334,C1335,C1337,C1338,C1340,C1371,C1372,C1373,C1375,C1376,C1377,C1379,C1380,C1381,C1382,C1384,C1386,C1387,C1389,C1424,C1425,C1426,C1428,C1429,C1430,C1432,C1433,C1434,C1435,C1437,C1439,C1440,C1442,C1484,C1485,C1486,C1488,C1489,C1490,C1492,C1493,C1494,C1496,C1498,C1500,C1528,C1529,C1530,C1531,C1533,C1534,C1535,C1536,C1538,C1539,C1540,C1541,C1542,C1544,C1545,C1546,C1548,C1549,C1550,C1552,C1553,C1582,C1583,C1584,C1585,C1587,C1588,C1589,C1590,C1592,C1593,C1594,C1595,C1596,C1598,C1599,C1600,C1602,C1603,C1604,C1606,C1607,C1670,C1671,C1672,C1673,C1675,C1676,C1677,C1678,C1680,C1681,C1682,C1683,C1684,C1685,C1687,C1688,C1689,C1691,C1692,C1693,C1695,C1696,C1763,C1764,C1765,C1766,C1768,C1769,C1770,C1771,C1773,C1774,C1775,C1776,C1777,C1778,C1780,C1781,C1782,C1784,C1785,C1786,C1788,C1789,C1857,C1858,C1859,C1860,C1862,C1863,C1864,C1865,C1867,C1868,C1869,C1870,C1871,C1872,C1874,C1875,C1877,C1878,C1879,C1881,C1882,C1902,C1903,C1904,C1905,C1906,C1907,C1908,C1909,C1910,C1911,C1912,C1914,C1915,C1916,C1918,C1919,C1920,C1922,C1923,C1924,C1925",276
NSIL,2026-10-01,5163.5,5324.0,8730.0,5312.0,-2.8,-40.85,-3.01,-8.19,"C274,C276,C278,C279,C319,C321,C323,C364,C366,C368,C369,C415,C417,C419,C464,C466,C468,C508,C510,C549,C551,C588,C590,C591,C639,C689,C691,C731,C733,C734,C735,C768,C770,C771,C815,C817,C818,C819,C861,C863,C864,C910,C912,C913,C957,C958,C960,C961,C1005,C1007,C1008,C1009,C1050,C1052,C1053,C1054,C1104,C1106,C1107,C1108,C1151,C1153,C1154,C1155,C1156,C1159,C1197,C1201,C1203,C1204,C1205,C1206,C1213,C1215,C1216,C1222,C1228,C1235,C1236,C1273,C1274,C1275,C1277,C1278,C1279,C1281,C1282,C1283,C1284,C1286,C1288,C1289,C1291,C1321,C1322,C1323,C1325,C1326,C1327,C1329,C1330,C1331,C1332,C1334,C1335,C1337,C1338,C1340,C1371,C1372,C1373,C1375,C1376,C1377,C1379,C1380,C1381,C1382,C1384,C1386,C1387,C1389,C1424,C1425,C1426,C1428,C1429,C1430,C1432,C1433,C1434,C1435,C1437,C1439,C1440,C1442,C1484,C1485,C1486,C1488,C1489,C1490,C1492,C1493,C1494,C1496,C1498,C1500,C1528,C1529,C1530,C1531,C1533,C1534,C1535,C1536,C1538,C1539,C1540,C1541,C1542,C1544,C1545,C1546,C1548,C1549,C1550,C1552,C1553,C1582,C1583,C1584,C1585,C1587,C1588,C1589,C1590,C1592,C1593,C1594,C1595,C1596,C1598,C1599,C1600,C1602,C1603,C1604,C1606,C1607,C1670,C1671,C1672,C1673,C1675,C1676,C1677,C1678,C1680,C1681,C1682,C1683,C1684,C1685,C1687,C1688,C1689,C1691,C1692,C1693,C1695,C1696,C1763,C1764,C1765,C1766,C1768,C1769,C1770,C1771,C1773,C1774,C1775,C1776,C1777,C1778,C1780,C1781,C1782,C1784,C1785,C1786,C1788,C1789,C1857,C1858,C1859,C1860,C1862,C1863,C1864,C1865,C1867,C1868,C1869,C1870,C1871,C1872,C1874,C1875,C1877,C1878,C1879,C1881,C1882,C1902,C1903,C1904,C1905,C1906,C1907,C1908,C1909,C1910,C1911,C1912,C1914,C1915,C1916,C1918,C1919,C1920,C1922,C1923,C1924,C1925",276
VIPIND,2026-10-01,280.75,290.95,497.7,286.5,-2.01,-43.59,-3.51,-6.07,"C274,C276,C278,C279,C319,C321,C323,C364,C366,C368,C369,C415,C417,C419,C464,C466,C468,C508,C510,C549,C551,C588,C590,C591,C639,C689,C691,C731,C733,C734,C735,C768,C770,C771,C815,C817,C818,C819,C861,C863,C864,C910,C912,C913,C957,C958,C960,C961,C1005,C1007,C1008,C1009,C1050,C1052,C1053,C1054,C1104,C1106,C1107,C1108,C1151,C1153,C1154,C1155,C1156,C1159,C1197,C1201,C1203,C1204,C1205,C1206,C1213,C1215,C1216,C1222,C1228,C1235,C1236,C1273,C1274,C1275,C1277,C1278,C1279,C1281,C1282,C1283,C1284,C1286,C1288,C1289,C1291,C1321,C1322,C1323,C1325,C1326,C1327,C1329,C1330,C1331,C1332,C1334,C1335,C1337,C1338,C1340,C1371,C1372,C1373,C1375,C1376,C1377,C1379,C1380,C1381,C1382,C1384,C1386,C1387,C1389,C1424,C1425,C1426,C1428,C1429,C1430,C1432,C1433,C1434,C1435,C1437,C1439,C1440,C1442,C1484,C1485,C1486,C1488,C1489,C1490,C1492,C1493,C1494,C1496,C1498,C1500,C1528,C1529,C1530,C1531,C1533,C1534,C1535,C1536,C1538,C1539,C1540,C1541,C1542,C1544,C1545,C1546,C1548,C1549,C1550,C1552,C1553,C1582,C1583,C1584,C1585,C1587,C1588,C1589,C1590,C1592,C1593,C1594,C1595,C1596,C1598,C1599,C1600,C1602,C1603,C1604,C1606,C1607,C1670,C1671,C1672,C1673,C1675,C1676,C1677,C1678,C1680,C1681,C1682,C1683,C1684,C1685,C1687,C1688,C1689,C1691,C1692,C1693,C1695,C1696,C1763,C1764,C1765,C1766,C1768,C1769,C1770,C1771,C1773,C1774,C1775,C1776,C1777,C1778,C1780,C1781,C1782,C1784,C1785,C1786,C1788,C1789,C1857,C1858,C1859,C1860,C1862,C1863,C1864,C1865,C1867,C1868,C1869,C1870,C1871,C1872,C1874,C1875,C1877,C1878,C1879,C1881,C1882,C1902,C1903,C1904,C1905,C1906,C1907,C1908,C1909,C1910,C1911,C1912,C1914,C1915,C1916,C1918,C1919,C1920,C1922,C1923,C1924,C1925",276
DOLATALGO,2026-10-01,62.86,64.94,134.8,64.52,-2.57,-53.37,-3.2,-8.53,"C273,C274,C275,C276,C318,C319,C320,C321,C363,C364,C365,C366,C414,C415,C416,C417,C463,C464,C465,C466,C507,C508,C509,C510,C548,C549,C550,C551,C587,C588,C589,C590,C637,C638,C639,C688,C689,C690,C691,C730,C731,C732,C733,C767,C768,C769,C770,C814,C815,C816,C817,C860,C861,C862,C863,C909,C910,C911,C912,C956,C957,C958,C959,C960,C1004,C1005,C1006,C1007,C1049,C1050,C1051,C1052,C1103,C1104,C1105,C1106,C1151,C1152,C1153,C1154,C1159,C1272,C1273,C1274,C1275,C1276,C1277,C1278,C1279,C1285,C1286,C1287,C1288,C1289,C1320,C1321,C1322,C1323,C1324,C1325,C1326,C1327,C1333,C1334,C1335,C1336,C1337,C1338,C1370,C1371,C1372,C1373,C1374,C1375,C1376,C1377,C1383,C1384,C1385,C1386,C1387,C1423,C1424,C1425,C1426,C1427,C1428,C1429,C1430,C1436,C1437,C1438,C1439,C1440,C1483,C1484,C1485,C1486,C1487,C1488,C1489,C1490,C1495,C1496,C1497,C1498,C1527,C1528,C1529,C1530,C1531,C1532,C1533,C1534,C1535,C1536,C1543,C1544,C1545,C1546,C1547,C1548,C1549,C1550,C1581,C1582,C1583,C1584,C1585,C1586,C1587,C1588,C1589,C1590,C1597,C1598,C1599,C1600,C1601,C1602,C1603,C1604,C1669,C1670,C1671,C1672,C1673,C1674,C1675,C1676,C1677,C1678,C1686,C1687,C1688,C1689,C1690,C1691,C1692,C1693,C1762,C1763,C1764,C1765,C1766,C1767,C1768,C1769,C1770,C1771,C1779,C1780,C1781,C1782,C1783,C1784,C1785,C1786,C1856,C1857,C1858,C1859,C1860,C1861,C1862,C1863,C1864,C1865,C1873,C1874,C1875,C1876,C1877,C1878,C1879,C1902,C1903,C1904,C1905,C1906,C1907,C1913,C1914,C1915,C1916,C1917,C1918,C1919,C1920",249
EPIGRAL,2026-10-01,982.2,1012.5,2114.0,1011.0,-2.85,-53.54,-2.99,-10.19,"C273,C274,C275,C276,C318,C319,C320,C321,C363,C364,C365,C366,C414,C415,C416,C417,C463,C464,C465,C466,C507,C508,C509,C510,C548,C549,C550,C551,C587,C588,C589,C590,C637,C638,C639,C688,C689,C690,C691,C730,C731,C732,C733,C767,C768,C769,C770,C814,C815,C816,C817,C860,C861,C862,C863,C909,C910,C911,C912,C956,C957,C958,C959,C960,C1004,C1005,C1006,C1007,C1049,C1050,C1051,C1052,C1103,C1104,C1105,C1106,C1151,C1152,C1153,C1154,C1159,C1272,C1273,C1274,C1275,C1276,C1277,C1278,C1279,C1285,C1286,C1287,C1288,C1289,C1320,C1321,C1322,C1323,C1324,C1325,C1326,C1327,C1333,C1334,C1335,C1336,C1337,C1338,C1370,C1371,C1372,C1373,C1374,C1375,C1376,C1377,C1383,C1384,C1385,C1386,C1387,C1423,C1424,C1425,C1426,C1427,C1428,C1429,C1430,C1436,C1437,C1438,C1439,C1440,C1483,C1484,C1485,C1486,C1487,C1488,C1489,C1490,C1495,C1496,C1497,C1498,C1527,C1528,C1529,C1530,C1531,C1532,C1533,C1534,C1535,C1536,C1543,C1544,C1545,C1546,C1547,C1548,C1549,C1550,C1581,C1582,C1583,C1584,C1585,C1586,C1587,C1588,C1589,C1590,C1597,C1598,C1599,C1600,C1601,C1602,C1603,C1604,C1669,C1670,C1671,C1672,C1673,C1674,C1675,C1676,C1677,C1678,C1686,C1687,C1688,C1689,C1690,C1691,C1692,C1693,C1762,C1763,C1764,C1765,C1766,C1767,C1768,C1769,C1770,C1771,C1779,C1780,C1781,C1782,C1783,C1784,C1785,C1786,C1856,C1857,C1858,C1859,C1860,C1861,C1862,C1863,C1864,C1865,C1873,C1874,C1875,C1876,C1877,C1878,C1879,C1902,C1903,C1904,C1905,C1906,C1907,C1913,C1914,C1915,C1916,C1917,C1918,C1919,C1920",249
JARO,2026-10-01,408.4,420.1,890.0,418.5,-2.41,-54.11,-2.79,-11.7,"C273,C274,C275,C276,C318,C319,C320,C321,C363,C364,C365,C366,C414,C415,C416,C417,C463,C464,C465,C466,C507,C508,C509,C510,C548,C549,C550,C551,C587,C588,C589,C590,C637,C638,C639,C688,C689,C690,C691,C730,C731,C732,C733,C767,C768,C769,C770,C814,C815,C816,C817,C860,C861,C862,C863,C909,C910,C911,C912,C956,C957,C958,C959,C960,C1004,C1005,C1006,C1007,C1049,C1050,C1051,C1052,C1103,C1104,C1105,C1106,C1151,C1152,C1153,C1154,C1159,C1272,C1273,C1274,C1275,C1276,C1277,C1278,C1279,C1285,C1286,C1287,C1288,C1289,C1320,C1321,C1322,C1323,C1324,C1325,C1326,C1327,C1333,C1334,C1335,C1336,C1337,C1338,C1370,C1371,C1372,C1373,C1374,C1375,C1376,C1377,C1383,C1384,C1385,C1386,C1387,C1423,C1424,C1425,C1426,C1427,C1428,C1429,C1430,C1436,C1437,C1438,C1439,C1440,C1483,C1484,C1485,C1486,C1487,C1488,C1489,C1490,C1495,C1496,C1497,C1498,C1527,C1528,C1529,C1530,C1531,C1532,C1533,C1534,C1535,C1536,C1543,C1544,C1545,C1546,C1547,C1548,C1549,C1550,C1581,C1582,C1583,C1584,C1585,C1586,C1587,C1588,C1589,C1590,C1597,C1598,C1599,C1600,C1601,C1602,C1603,C1604,C1669,C1670,C1671,C1672,C1673,C1674,C1675,C1676,C1677,C1678,C1686,C1687,C1688,C1689,C1690,C1691,C1692,C1693,C1762,C1763,C1764,C1765,C1766,C1767,C1768,C1769,C1770,C1771,C1779,C1780,C1781,C1782,C1783,C1784,C1785,C1786,C1856,C1857,C1858,C1859,C1860,C1861,C1862,C1863,C1864,C1865,C1873,C1874,C1875,C1876,C1877,C1878,C1879,C1902,C1903,C1904,C1905,C1906,C1907,C1913,C1914,C1915,C1916,C1917,C1918,C1919,C1920",249
PGEL,2026-10-01,481.1,493.45,1054.2,493.15,-2.44,-54.36,-2.5,-7.68,"C273,C274,C275,C276,C318,C319,C320,C321,C363,C364,C365,C366,C414,C415,C416,C417,C463,C464,C465,C466,C507,C508,C509,C510,C548,C549,C550,C551,C587,C588,C589,C590,C637,C638,C639,C688,C689,C690,C691,C730,C731,C732,C733,C767,C768,C769,C770,C814,C815,C816,C817,C860,C861,C862,C863,C909,C910,C911,C912,C956,C957,C958,C959,C960,C1004,C1005,C1006,C1007,C1049,C1050,C1051,C1052,C1103,C1104,C1105,C1106,C1151,C1152,C1153,C1154,C1159,C1272,C1273,C1274,C1275,C1276,C1277,C1278,C1279,C1285,C1286,C1287,C1288,C1289,C1320,C1321,C1322,C1323,C1324,C1325,C1326,C1327,C1333,C1334,C1335,C1336,C1337,C1338,C1370,C1371,C1372,C1373,C1374,C1375,C1376,C1377,C1383,C1384,C1385,C1386,C1387,C1423,C1424,C1425,C1426,C1427,C1428,C1429,C1430,C1436,C1437,C1438,C1439,C1440,C1483,C1484,C1485,C1486,C1487,C1488,C1489,C1490,C1495,C1496,C1497,C1498,C1527,C1528,C1529,C1530,C1531,C1532,C1533,C1534,C1535,C1536,C1543,C1544,C1545,C1546,C1547,C1548,C1549,C1550,C1581,C1582,C1583,C1584,C1585,C1586,C1587,C1588,C1589,C1590,C1597,C1598,C1599,C1600,C1601,C1602,C1603,C1604,C1669,C1670,C1671,C1672,C1673,C1674,C1675,C1676,C1677,C1678,C1686,C1687,C1688,C1689,C1690,C1691,C1692,C1693,C1762,C1763,C1764,C1765,C1766,C1767,C1768,C1769,C1770,C1771,C1779,C1780,C1781,C1782,C1783,C1784,C1785,C1786,C1856,C1857,C1858,C1859,C1860,C1861,C1862,C1863,C1864,C1865,C1873,C1874,C1875,C1876,C1877,C1878,C1879,C1902,C1903,C1904,C1905,C1906,C1907,C1913,C1914,C1915,C1916,C1917,C1918,C1919,C1920",249
PRAENG,2026-10-01,20.09,21.18,34.89,20.7,-2.95,-42.42,-5.15,-6.03,"C274,C276,C278,C279,C319,C321,C323,C364,C366,C368,C369,C415,C417,C419,C464,C466,C468,C508,C510,C549,C551,C588,C590,C591,C639,C689,C691,C1159,C1197,C1201,C1203,C1204,C1205,C1206,C1213,C1215,C1216,C1273,C1274,C1275,C1277,C1278,C1279,C1281,C1282,C1283,C1284,C1286,C1288,C1289,C1291,C1321,C1322,C1323,C1325,C1326,C1327,C1329,C1330,C1331,C1332,C1334,C1335,C1337,C1338,C1340,C1371,C1372,C1373,C1375,C1376,C1377,C1379,C1380,C1381,C1382,C1384,C1386,C1387,C1389,C1424,C1425,C1426,C1428,C1429,C1430,C1432,C1433,C1434,C1435,C1437,C1439,C1440,C1442,C1484,C1485,C1486,C1488,C1489,C1490,C1492,C1493,C1494,C1496,C1498,C1500,C1528,C1529,C1530,C1531,C1533,C1534,C1535,C1536,C1538,C1539,C1540,C1541,C1542,C1544,C1545,C1546,C1548,C1549,C1550,C1552,C1553,C1582,C1583,C1584,C1585,C1587,C1588,C1589,C1590,C1592,C1593,C1594,C1595,C1596,C1598,C1599,C1600,C1602,C1603,C1604,C1606,C1607,C1670,C1671,C1672,C1673,C1675,C1676,C1677,C1678,C1680,C1681,C1682,C1683,C1684,C1685,C1687,C1688,C1689,C1691,C1692,C1693,C1695,C1696,C1763,C1764,C1765,C1766,C1768,C1769,C1770,C1771,C1773,C1774,C1775,C1776,C1777,C1778,C1780,C1781,C1782,C1784,C1785,C1786,C1788,C1789,C1857,C1858,C1859,C1860,C1862,C1863,C1864,C1865,C1867,C1868,C1869,C1870,C1871,C1872,C1874,C1875,C1877,C1878,C1879,C1881,C1882,C1902,C1903,C1904,C1905,C1906,C1907,C1908,C1909,C1910,C1911,C1912,C1914,C1915,C1916,C1918,C1919,C1920,C1922,C1923,C1924,C1925",234
SWANCORP,2026-10-01,272.8,280.2,506.0,279.4,-2.36,-46.09,-2.64,-9.08,"C1272,C1273,C1274,C1275,C1276,C1277,C1278,C1279,C1280,C1281,C1282,C1285,C1286,C1287,C1288,C1289,C1290,C1291,C1320,C1321,C1322,C1323,C1324,C1325,C1326,C1327,C1328,C1329,C1330,C1333,C1334,C1335,C1336,C1337,C1338,C1339,C1340,C1370,C1371,C1372,C1373,C1374,C1375,C1376,C1377,C1378,C1379,C1380,C1383,C1384,C1385,C1386,C1387,C1388,C1389,C1423,C1424,C1425,C1426,C1427,C1428,C1429,C1430,C1431,C1432,C1433,C1436,C1437,C1438,C1439,C1440,C1441,C1442,C1483,C1484,C1485,C1486,C1487,C1488,C1489,C1490,C1491,C1492,C1493,C1495,C1496,C1497,C1498,C1499,C1500,C1527,C1528,C1529,C1530,C1531,C1532,C1533,C1534,C1535,C1536,C1537,C1538,C1539,C1540,C1543,C1544,C1545,C1546,C1547,C1548,C1549,C1550,C1551,C1552,C1553,C1581,C1582,C1583,C1584,C1585,C1586,C1587,C1588,C1589,C1590,C1591,C1592,C1593,C1594,C1597,C1598,C1599,C1600,C1601,C1602,C1603,C1604,C1605,C1606,C1607,C1669,C1670,C1671,C1672,C1673,C1674,C1675,C1676,C1677,C1678,C1679,C1680,C1681,C1682,C1683,C1686,C1687,C1688,C1689,C1690,C1691,C1692,C1693,C1694,C1695,C1696,C1762,C1763,C1764,C1765,C1766,C1767,C1768,C1769,C1770,C1771,C1772,C1773,C1774,C1775,C1776,C1779,C1780,C1781,C1782,C1783,C1784,C1785,C1786,C1787,C1788,C1789,C1856,C1857,C1858,C1859,C1860,C1861,C1862,C1863,C1864,C1865,C1866,C1867,C1868,C1869,C1870,C1873,C1874,C1875,C1876,C1877,C1878,C1879,C1880,C1881,C1882",217
JAYAGROGN,2026-10-01,211.22,223.18,308.85,222.7,-5.15,-31.61,-5.36,-10.92,"C21,C26,C29,C43,C44,C47,C50,C51,C63,C65,C67,C70,C72,C81,C83,C85,C88,C90,C187,C190,C192,C195,C197,C200,C203,C205,C208,C210,C214,C217,C221,C223,C225,C228,C230,C1160,C1161,C1162,C1163,C1167,C1169,C1172,C1174,C1180,C1181,C1184,C1185,C1245,C1247,C1248,C1249,C1250,C1251,C1252,C1253,C1254,C1257,C1258,C1262,C1263,C1267,C1268,C1270,C1271,C1275,C1279,C1292,C1294,C1296,C1297,C1298,C1299,C1301,C1302,C1304,C1305,C1309,C1310,C1314,C1315,C1317,C1318,C1319,C1323,C1327,C1341,C1343,C1345,C1346,C1347,C1348,C1349,C1351,C1352,C1354,C1355,C1359,C1360,C1364,C1365,C1367,C1368,C1369,C1373,C1377,C1390,C1392,C1394,C1395,C1396,C1397,C1399,C1402,C1403,C1404,C1406,C1407,C1411,C1412,C1416,C1417,C1419,C1420,C1421,C1422,C1426,C1430,C1445,C1448,C1451,C1452,C1453,C1454,C1456,C1459,C1460,C1461,C1462,C1465,C1466,C1470,C1471,C1475,C1476,C1479,C1480,C1481,C1482,C1486,C1490,C1530,C1531,C1535,C1536,C1540,C1546,C1550,C1584,C1585,C1589,C1590,C1594,C1600,C1604,C1672,C1673,C1677,C1678,C1682,C1683,C1689,C1693,C1765,C1766,C1770,C1771,C1775,C1776,C1782,C1786,C1859,C1860,C1864,C1865,C1869,C1870,C1879,C1903,C1904,C1906,C1907,C1909,C1910,C1912,C1916,C1920,C1924",197
SUPREMEINF,2026-10-01,66.94,73.9,99.46,73.15,-8.49,-32.7,-9.42,-17.36,"C21,C26,C29,C121,C124,C127,C130,C133,C136,C139,C154,C157,C160,C163,C165,C168,C171,C174,C225,C228,C230,C240,C244,C248,C250,C251,C255,C283,C287,C291,C293,C298,C302,C472,C476,C480,C486,C490,C514,C518,C522,C528,C695,C699,C703,C709,C713,C739,C743,C752,C756,C917,C918,C922,C926,C929,C933,C934,C938,C942,C965,C966,C970,C974,C977,C981,C982,C986,C990,C1160,C1161,C1162,C1163,C1166,C1167,C1169,C1172,C1174,C1180,C1181,C1184,C1185,C1245,C1247,C1248,C1249,C1250,C1251,C1252,C1253,C1254,C1257,C1258,C1262,C1263,C1267,C1268,C1270,C1271,C1275,C1279,C1292,C1294,C1296,C1297,C1298,C1299,C1301,C1302,C1304,C1305,C1309,C1310,C1314,C1315,C1317,C1318,C1319,C1323,C1327,C1502,C1504,C1506,C1508,C1510,C1512,C1513,C1514,C1516,C1517,C1519,C1520,C1522,C1523,C1524,C1525,C1526,C1530,C1531,C1535,C1536,C1540,C1546,C1550,C1555,C1557,C1559,C1561,C1563,C1565,C1566,C1567,C1569,C1570,C1573,C1574,C1576,C1577,C1578,C1579,C1580,C1584,C1585,C1589,C1590,C1594,C1600,C1604,C1883,C1884,C1885,C1886,C1887,C1888,C1889,C1890,C1891,C1893,C1894,C1895,C1896,C1897,C1898,C1899,C1900,C1901,C1903,C1904,C1906,C1907,C1909,C1910,C1912,C1916,C1920,C1924",196
EMUDHRA,2026-10-01,580.0,596.5,990.0,592.1,-2.04,-41.41,-2.77,-9.06,"C1273,C1274,C1275,C1277,C1278,C1279,C1281,C1282,C1283,C1284,C1286,C1288,C1289,C1291,C1321,C1322,C1323,C1325,C1326,C1327,C1329,C1330,C1331,C1332,C1334,C1335,C1337,C1338,C1340,C1371,C1372,C1373,C1375,C1376,C1377,C1379,C1380,C1381,C1382,C1384,C1386,C1387,C1389,C1424,C1425,C1426,C1428,C1429,C1430,C1432,C1433,C1434,C1435,C1437,C1439,C1440,C1442,C1484,C1485,C1486,C1488,C1489,C1490,C1492,C1493,C1494,C1496,C1498,C1500,C1528,C1529,C1530,C1531,C1533,C1534,C1535,C1536,C1538,C1539,C1540,C1541,C1542,C1544,C1545,C1546,C1548,C1549,C1550,C1552,C1553,C1582,C1583,C1584,C1585,C1587,C1588,C1589,C1590,C1592,C1593,C1594,C1595,C1596,C1598,C1599,C1600,C1602,C1603,C1604,C1606,C1607,C1670,C1671,C1672,C1673,C1675,C1676,C1677,C1678,C1680,C1681,C1682,C1683,C1684,C1685,C1687,C1688,C1689,C1691,C1692,C1693,C1695,C1696,C1763,C1764,C1765,C1766,C1768,C1769,C1770,C1771,C1773,C1774,C1775,C1776,C1777,C1778,C1780,C1781,C1782,C1784,C1785,C1786,C1788,C1789,C1857,C1858,C1859,C1860,C1862,C1863,C1864,C1865,C1867,C1868,C1869,C1870,C1871,C1872,C1874,C1875,C1877,C1878,C1879,C1881,C1882",176
ELLEN,2026-10-01,341.7,356.9,637.7,352.75,-3.13,-46.42,-4.26,-7.97,"C14,C36,C56,C76,C94,C211,C235,C1164,C1255,C1256,C1257,C1258,C1259,C1260,C1261,C1262,C1263,C1264,C1265,C1266,C1267,C1268,C1272,C1273,C1274,C1275,C1276,C1277,C1278,C1279,C1280,C1281,C1282,C1285,C1286,C1287,C1288,C1289,C1290,C1291,C1303,C1304,C1305,C1306,C1307,C1308,C1309,C1310,C1311,C1312,C1313,C1314,C1315,C1320,C1321,C1322,C1323,C1324,C1325,C1326,C1327,C1328,C1329,C1330,C1333,C1334,C1335,C1336,C1337,C1338,C1339,C1340,C1353,C1354,C1355,C1356,C1357,C1358,C1359,C1360,C1361,C1362,C1363,C1364,C1365,C1370,C1371,C1372,C1373,C1374,C1375,C1376,C1377,C1378,C1379,C1380,C1383,C1384,C1385,C1386,C1387,C1388,C1389,C1405,C1406,C1407,C1408,C1409,C1410,C1411,C1412,C1413,C1414,C1415,C1416,C1417,C1423,C1424,C1425,C1426,C1427,C1428,C1429,C1430,C1431,C1432,C1433,C1436,C1437,C1438,C1439,C1440,C1441,C1442,C1463,C1464,C1465,C1466,C1467,C1468,C1469,C1470,C1471,C1472,C1473,C1474,C1475,C1476,C1483,C1484,C1485,C1486,C1487,C1488,C1489,C1490,C1491,C1492,C1493,C1495,C1496,C1497,C1498,C1499,C1500",165
AFFLE,2026-10-01,1449.6,1511.0,2185.9,1494.5,-3.0,-33.68,-4.06,-8.5,"C1257,C1258,C1262,C1263,C1267,C1268,C1270,C1271,C1275,C1279,C1304,C1305,C1309,C1310,C1314,C1315,C1317,C1318,C1319,C1323,C1327,C1354,C1355,C1359,C1360,C1364,C1365,C1367,C1368,C1369,C1373,C1377,C1406,C1407,C1411,C1412,C1416,C1417,C1419,C1420,C1421,C1422,C1426,C1430,C1465,C1466,C1470,C1471,C1475,C1476,C1479,C1480,C1481,C1482,C1486,C1490,C1516,C1517,C1519,C1520,C1522,C1523,C1524,C1525,C1526,C1530,C1531,C1535,C1536,C1540,C1546,C1550,C1569,C1570,C1573,C1574,C1576,C1577,C1578,C1579,C1580,C1584,C1585,C1589,C1590,C1594,C1600,C1604,C1650,C1651,C1655,C1656,C1660,C1661,C1664,C1665,C1667,C1668,C1672,C1673,C1677,C1678,C1682,C1683,C1689,C1693,C1743,C1744,C1748,C1749,C1753,C1754,C1757,C1758,C1760,C1761,C1765,C1766,C1770,C1771,C1775,C1776,C1782,C1786,C1837,C1838,C1842,C1843,C1847,C1848,C1851,C1852,C1854,C1855,C1859,C1860,C1864,C1865,C1869,C1870,C1879,C1893,C1894,C1895,C1896,C1897,C1898,C1899,C1900,C1901,C1903,C1904,C1906,C1907,C1909,C1910,C1912,C1916,C1920,C1924",160
MARUTI,2026-10-01,11386.0,11967.0,17370.0,11831.0,-3.76,-34.45,-4.86,-6.9,"C1257,C1258,C1262,C1263,C1267,C1268,C1270,C1271,C1275,C1279,C1304,C1305,C1309,C1310,C1314,C1315,C1317,C1318,C1319,C1323,C1327,C1354,C1355,C1359,C1360,C1364,C1365,C1367,C1368,C1369,C1373,C1377,C1406,C1407,C1411,C1412,C1416,C1417,C1419,C1420,C1421,C1422,C1426,C1430,C1465,C1466,C1470,C1471,C1475,C1476,C1479,C1480,C1481,C1482,C1486,C1490,C1516,C1517,C1519,C1520,C1522,C1523,C1524,C1525,C1526,C1530,C1531,C1535,C1536,C1540,C1546,C1550,C1569,C1570,C1573,C1574,C1576,C1577,C1578,C1579,C1580,C1584,C1585,C1589,C1590,C1594,C1600,C1604,C1650,C1651,C1655,C1656,C1660,C1661,C1664,C1665,C1667,C1668,C1672,C1673,C1677,C1678,C1682,C1683,C1689,C1693,C1743,C1744,C1748,C1749,C1753,C1754,C1757,C1758,C1760,C1761,C1765,C1766,C1770,C1771,C1775,C1776,C1782,C1786,C1837,C1838,C1842,C1843,C1847,C1848,C1851,C1852,C1854,C1855,C1859,C1860,C1864,C1865,C1869,C1870,C1879,C1893,C1894,C1895,C1896,C1897,C1898,C1899,C1900,C1901,C1903,C1904,C1906,C1907,C1909,C1910,C1912,C1916,C1920,C1924",160
ITC,2026-10-01,255.9,262.75,491.0,261.4,-2.1,-47.88,-2.61,-5.27,"C1272,C1273,C1274,C1275,C1276,C1277,C1278,C1279,C1280,C1281,C1282,C1285,C1286,C1287,C1288,C1289,C1290,C1291,C1320,C1321,C1322,C1323,C1324,C1325,C1326,C1327,C1328,C1329,C1330,C1333,C1334,C1335,C1336,C1337,C1338,C1339,C1340,C1370,C1371,C1372,C1373,C1374,C1375,C1376,C1377,C1378,C1379,C1380,C1383,C1384,C1385,C1386,C1387,C1388,C1389,C1423,C1424,C1425,C1426,C1427,C1428,C1429,C1430,C1431,C1432,C1433,C1436,C1437,C1438,C1439,C1440,C1441,C1442,C1483,C1484,C1485,C1486,C1487,C1488,C1489,C1490,C1491,C1492,C1493,C1495,C1496,C1497,C1498,C1499,C1500,C1543,C1544,C1545,C1546,C1547,C1548,C1549,C1550,C1551,C1552,C1553,C1597,C1598,C1599,C1600,C1601,C1602,C1603,C1604,C1605,C1606,C1607,C1686,C1687,C1688,C1689,C1690,C1691,C1692,C1693,C1694,C1695,C1696,C1779,C1780,C1781,C1782,C1783,C1784,C1785,C1786,C1787,C1788,C1789,C1873,C1874,C1875,C1876,C1877,C1878,C1879,C1880,C1881,C1882",144
HBESD,2026-10-01,65.11,71.63,95.9,68.04,-4.31,-32.11,-9.1,-7.84,"C187,C190,C192,C195,C197,C200,C203,C205,C208,C210,C214,C217,C221,C223,C228,C230,C1160,C1161,C1162,C1163,C1184,C1185,C1250,C1251,C1252,C1253,C1254,C1257,C1258,C1262,C1263,C1267,C1268,C1270,C1271,C1275,C1279,C1298,C1299,C1301,C1302,C1304,C1305,C1309,C1310,C1314,C1315,C1317,C1318,C1319,C1323,C1327,C1348,C1349,C1351,C1352,C1354,C1355,C1359,C1360,C1364,C1365,C1367,C1368,C1369,C1373,C1377,C1397,C1399,C1402,C1403,C1404,C1406,C1407,C1411,C1412,C1416,C1417,C1419,C1420,C1421,C1422,C1426,C1430,C1454,C1456,C1459,C1460,C1461,C1462,C1465,C1466,C1470,C1471,C1475,C1476,C1479,C1480,C1481,C1482,C1486,C1490,C1530,C1531,C1535,C1536,C1540,C1546,C1550,C1584,C1585,C1589,C1590,C1594,C1600,C1604,C1672,C1673,C1677,C1678,C1682,C1683,C1689,C1693,C1765,C1766,C1770,C1771,C1775,C1776,C1782,C1786,C1859,C1860,C1864,C1865,C1869,C1870,C1879",139
APEX,2026-10-01,326.3,336.5,514.5,334.5,-2.45,-36.58,-3.03,-9.99,"C958,C1154,C1274,C1275,C1278,C1279,C1282,C1284,C1289,C1322,C1323,C1326,C1327,C1330,C1332,C1335,C1338,C1372,C1373,C1376,C1377,C1380,C1382,C1387,C1425,C1426,C1429,C1430,C1433,C1435,C1440,C1485,C1486,C1489,C1490,C1493,C1529,C1530,C1531,C1534,C1535,C1536,C1539,C1540,C1542,C1545,C1546,C1549,C1550,C1553,C1583,C1584,C1585,C1588,C1589,C1590,C1593,C1594,C1596,C1599,C1600,C1603,C1604,C1607,C1671,C1672,C1673,C1676,C1677,C1678,C1681,C1682,C1683,C1685,C1688,C1689,C1692,C1693,C1696,C1764,C1765,C1766,C1769,C1770,C1771,C1774,C1775,C1776,C1778,C1781,C1782,C1785,C1786,C1789,C1858,C1859,C1860,C1863,C1864,C1865,C1868,C1869,C1870,C1872,C1875,C1878,C1879,C1882,C1902,C1903,C1904,C1905,C1906,C1907,C1908,C1909,C1910,C1911,C1912,C1915,C1916,C1919,C1920,C1923,C1924",125
BIKAJI,2026-10-01,504.05,521.8,818.7,516.0,-2.32,-38.43,-3.4,-14.73,"C958,C1154,C1274,C1275,C1278,C1279,C1282,C1284,C1289,C1322,C1323,C1326,C1327,C1330,C1332,C1335,C1338,C1372,C1373,C1376,C1377,C1380,C1382,C1387,C1425,C1426,C1429,C1430,C1433,C1435,C1440,C1485,C1486,C1489,C1490,C1493,C1529,C1530,C1531,C1534,C1535,C1536,C1539,C1540,C1542,C1545,C1546,C1549,C1550,C1553,C1583,C1584,C1585,C1588,C1589,C1590,C1593,C1594,C1596,C1599,C1600,C1603,C1604,C1607,C1671,C1672,C1673,C1676,C1677,C1678,C1681,C1682,C1683,C1685,C1688,C1689,C1692,C1693,C1696,C1764,C1765,C1766,C1769,C1770,C1771,C1774,C1775,C1776,C1778,C1781,C1782,C1785,C1786,C1789,C1858,C1859,C1860,C1863,C1864,C1865,C1868,C1869,C1870,C1872,C1875,C1878,C1879,C1882,C1902,C1903,C1904,C1905,C1906,C1907,C1908,C1909,C1910,C1911,C1912,C1915,C1916,C1919,C1920,C1923,C1924",125
CRAMC,2026-10-01,216.52,224.7,353.4,222.15,-2.53,-38.73,-3.64,-6.0,"C958,C1154,C1274,C1275,C1278,C1279,C1282,C1284,C1289,C1322,C1323,C1326,C1327,C1330,C1332,C1335,C1338,C1372,C1373,C1376,C1377,C1380,C1382,C1387,C1425,C1426,C1429,C1430,C1433,C1435,C1440,C1485,C1486,C1489,C1490,C1493,C1529,C1530,C1531,C1534,C1535,C1536,C1539,C1540,C1542,C1545,C1546,C1549,C1550,C1553,C1583,C1584,C1585,C1588,C1589,C1590,C1593,C1594,C1596,C1599,C1600,C1603,C1604,C1607,C1671,C1672,C1673,C1676,C1677,C1678,C1681,C1682,C1683,C1685,C1688,C1689,C1692,C1693,C1696,C1764,C1765,C1766,C1769,C1770,C1771,C1774,C1775,C1776,C1778,C1781,C1782,C1785,C1786,C1789,C1858,C1859,C1860,C1863,C1864,C1865,C1868,C1869,C1870,C1872,C1875,C1878,C1879,C1882,C1902,C1903,C1904,C1905,C1906,C1907,C1908,C1909,C1910,C1911,C1912,C1915,C1916,C1919,C1920,C1923,C1924",125
OLECTRA,2026-10-01,1096.2,1134.2,1714.2,1130.0,-2.99,-36.05,-3.35,-14.08,"C958,C1154,C1274,C1275,C1278,C1279,C1282,C1284,C1289,C1322,C1323,C1326,C1327,C1330,C1332,C1335,C1338,C1372,C1373,C1376,C1377,C1380,C1382,C1387,C1425,C1426,C1429,C1430,C1433,C1435,C1440,C1485,C1486,C1489,C1490,C1493,C1529,C1530,C1531,C1534,C1535,C1536,C1539,C1540,C1542,C1545,C1546,C1549,C1550,C1553,C1583,C1584,C1585,C1588,C1589,C1590,C1593,C1594,C1596,C1599,C1600,C1603,C1604,C1607,C1671,C1672,C1673,C1676,C1677,C1678,C1681,C1682,C1683,C1685,C1688,C1689,C1692,C1693,C1696,C1764,C1765,C1766,C1769,C1770,C1771,C1774,C1775,C1776,C1778,C1781,C1782,C1785,C1786,C1789,C1858,C1859,C1860,C1863,C1864,C1865,C1868,C1869,C1870,C1872,C1875,C1878,C1879,C1882,C1902,C1903,C1904,C1905,C1906,C1907,C1908,C1909,C1910,C1911,C1912,C1915,C1916,C1919,C1920,C1923,C1924",125
SOMATEX,2026-10-01,75.76,79.16,125.89,77.8,-2.62,-39.82,-4.3,-8.0,"C958,C1154,C1274,C1275,C1278,C1279,C1282,C1284,C1289,C1322,C1323,C1326,C1327,C1330,C1332,C1335,C1338,C1372,C1373,C1376,C1377,C1380,C1382,C1387,C1425,C1426,C1429,C1430,C1433,C1435,C1440,C1485,C1486,C1489,C1490,C1493,C1529,C1530,C1531,C1534,C1535,C1536,C1539,C1540,C1542,C1545,C1546,C1549,C1550,C1553,C1583,C1584,C1585,C1588,C1589,C1590,C1593,C1594,C1596,C1599,C1600,C1603,C1604,C1607,C1671,C1672,C1673,C1676,C1677,C1678,C1681,C1682,C1683,C1685,C1688,C1689,C1692,C1693,C1696,C1764,C1765,C1766,C1769,C1770,C1771,C1774,C1775,C1776,C1778,C1781,C1782,C1785,C1786,C1789,C1858,C1859,C1860,C1863,C1864,C1865,C1868,C1869,C1870,C1872,C1875,C1878,C1879,C1882,C1902,C1903,C1904,C1905,C1906,C1907,C1908,C1909,C1910,C1911,C1912,C1915,C1916,C1919,C1920,C1923,C1924",125
UPL,2026-10-01,516.8,539.75,812.2,532.6,-2.97,-36.37,-4.25,-6.57,"C958,C1154,C1274,C1275,C1278,C1279,C1282,C1284,C1289,C1322,C1323,C1326,C1327,C1330,C1332,C1335,C1338,C1372,C1373,C1376,C1377,C1380,C1382,C1387,C1425,C1426,C1429,C1430,C1433,C1435,C1440,C1485,C1486,C1489,C1490,C1493,C1529,C1530,C1531,C1534,C1535,C1536,C1539,C1540,C1542,C1545,C1546,C1549,C1550,C1553,C1583,C1584,C1585,C1588,C1589,C1590,C1593,C1594,C1596,C1599,C1600,C1603,C1604,C1607,C1671,C1672,C1673,C1676,C1677,C1678,C1681,C1682,C1683,C1685,C1688,C1689,C1692,C1693,C1696,C1764,C1765,C1766,C1769,C1770,C1771,C1774,C1775,C1776,C1778,C1781,C1782,C1785,C1786,C1789,C1858,C1859,C1860,C1863,C1864,C1865,C1868,C1869,C1870,C1872,C1875,C1878,C1879,C1882,C1902,C1903,C1904,C1905,C1906,C1907,C1908,C1909,C1910,C1911,C1912,C1915,C1916,C1919,C1920,C1923,C1924",125
IGCL,2026-10-01,54.62,56.8,122.0,56.15,-2.72,-55.23,-3.84,-14.05,"C273,C274,C318,C319,C363,C364,C414,C415,C463,C464,C507,C508,C548,C549,C587,C588,C637,C688,C689,C730,C731,C767,C768,C814,C815,C860,C861,C909,C910,C956,C957,C958,C1004,C1005,C1049,C1050,C1103,C1104,C1151,C1159,C1272,C1273,C1274,C1275,C1285,C1286,C1320,C1321,C1322,C1323,C1333,C1334,C1335,C1370,C1371,C1372,C1373,C1383,C1384,C1423,C1424,C1425,C1426,C1436,C1437,C1483,C1484,C1485,C1486,C1495,C1496,C1527,C1528,C1529,C1530,C1531,C1543,C1544,C1545,C1546,C1581,C1582,C1583,C1584,C1585,C1597,C1598,C1599,C1600,C1669,C1670,C1671,C1672,C1673,C1686,C1687,C1688,C1689,C1762,C1763,C1764,C1765,C1766,C1779,C1780,C1781,C1782,C1856,C1857,C1858,C1859,C1860,C1873,C1874,C1875,C1902,C1903,C1904,C1913,C1914,C1915,C1916",122
MOKSH,2026-10-01,9.19,9.51,21.99,9.45,-2.75,-58.21,-3.36,-9.28,"C273,C274,C318,C319,C363,C364,C414,C415,C463,C464,C507,C508,C548,C549,C587,C588,C637,C688,C689,C730,C731,C767,C768,C814,C815,C860,C861,C909,C910,C956,C957,C958,C1004,C1005,C1049,C1050,C1103,C1104,C1151,C1159,C1272,C1273,C1274,C1275,C1285,C1286,C1320,C1321,C1322,C1323,C1333,C1334,C1335,C1370,C1371,C1372,C1373,C1383,C1384,C1423,C1424,C1425,C1426,C1436,C1437,C1483,C1484,C1485,C1486,C1495,C1496,C1527,C1528,C1529,C1530,C1531,C1543,C1544,C1545,C1546,C1581,C1582,C1583,C1584,C1585,C1597,C1598,C1599,C1600,C1669,C1670,C1671,C1672,C1673,C1686,C1687,C1688,C1689,C1762,C1763,C1764,C1765,C1766,C1779,C1780,C1781,C1782,C1856,C1857,C1858,C1859,C1860,C1873,C1874,C1875,C1902,C1903,C1904,C1913,C1914,C1915,C1916",122
PGHH,2026-10-01,6639.0,6798.5,14964.1,6782.0,-2.11,-55.63,-2.35,-7.71,"C273,C274,C318,C319,C363,C364,C414,C415,C463,C464,C507,C508,C548,C549,C587,C588,C637,C688,C689,C730,C731,C767,C768,C814,C815,C860,C861,C909,C910,C956,C957,C958,C1004,C1005,C1049,C1050,C1103,C1104,C1151,C1159,C1272,C1273,C1274,C1275,C1285,C1286,C1320,C1321,C1322,C1323,C1333,C1334,C1335,C1370,C1371,C1372,C1373,C1383,C1384,C1423,C1424,C1425,C1426,C1436,C1437,C1483,C1484,C1485,C1486,C1495,C1496,C1527,C1528,C1529,C1530,C1531,C1543,C1544,C1545,C1546,C1581,C1582,C1583,C1584,C1585,C1597,C1598,C1599,C1600,C1669,C1670,C1671,C1672,C1673,C1686,C1687,C1688,C1689,C1762,C1763,C1764,C1765,C1766,C1779,C1780,C1781,C1782,C1856,C1857,C1858,C1859,C1860,C1873,C1874,C1875,C1902,C1903,C1904,C1913,C1914,C1915,C1916",122
RAJSREESUG,2026-10-01,27.73,28.87,64.0,28.5,-2.7,-56.67,-3.95,-13.34,"C273,C274,C318,C319,C363,C364,C414,C415,C463,C464,C507,C508,C548,C549,C587,C588,C637,C688,C689,C730,C731,C767,C768,C814,C815,C860,C861,C909,C910,C956,C957,C958,C1004,C1005,C1049,C1050,C1103,C1104,C1151,C1159,C1272,C1273,C1274,C1275,C1285,C1286,C1320,C1321,C1322,C1323,C1333,C1334,C1335,C1370,C1371,C1372,C1373,C1383,C1384,C1423,C1424,C1425,C1426,C1436,C1437,C1483,C1484,C1485,C1486,C1495,C1496,C1527,C1528,C1529,C1530,C1531,C1543,C1544,C1545,C1546,C1581,C1582,C1583,C1584,C1585,C1597,C1598,C1599,C1600,C1669,C1670,C1671,C1672,C1673,C1686,C1687,C1688,C1689,C1762,C1763,C1764,C1765,C1766,C1779,C1780,C1781,C1782,C1856,C1857,C1858,C1859,C1860,C1873,C1874,C1875,C1902,C1903,C1904,C1913,C1914,C1915,C1916",122
TRF,2026-10-01,192.33,197.82,450.0,196.55,-2.15,-57.26,-2.78,-11.09,"C273,C274,C318,C319,C363,C364,C414,C415,C463,C464,C507,C508,C548,C549,C587,C588,C637,C688,C689,C730,C731,C767,C768,C814,C815,C860,C861,C909,C910,C956,C957,C958,C1004,C1005,C1049,C1050,C1103,C1104,C1151,C1159,C1272,C1273,C1274,C1275,C1285,C1286,C1320,C1321,C1322,C1323,C1333,C1334,C1335,C1370,C1371,C1372,C1373,C1383,C1384,C1423,C1424,C1425,C1426,C1436,C1437,C1483,C1484,C1485,C1486,C1495,C1496,C1527,C1528,C1529,C1530,C1531,C1543,C1544,C1545,C1546,C1581,C1582,C1583,C1584,C1585,C1597,C1598,C1599,C1600,C1669,C1670,C1671,C1672,C1673,C1686,C1687,C1688,C1689,C1762,C1763,C1764,C1765,C1766,C1779,C1780,C1781,C1782,C1856,C1857,C1858,C1859,C1860,C1873,C1874,C1875,C1902,C1903,C1904,C1913,C1914,C1915,C1916",122
PVP,2026-10-01,50.47,53.12,72.04,53.12,-4.99,-29.94,-4.99,-26.44,"C390,C443,C616,C665,C670,C1207,C1250,C1251,C1252,C1254,C1258,C1263,C1268,C1271,C1298,C1299,C1301,C1302,C1305,C1310,C1315,C1318,C1348,C1349,C1351,C1352,C1355,C1360,C1365,C1368,C1397,C1399,C1402,C1403,C1404,C1407,C1412,C1417,C1420,C1422,C1454,C1456,C1460,C1461,C1462,C1466,C1471,C1476,C1480,C1482,C1508,C1510,C1512,C1514,C1517,C1520,C1523,C1525,C1531,C1536,C1561,C1563,C1565,C1567,C1570,C1574,C1577,C1579,C1585,C1590,C1631,C1636,C1641,C1645,C1651,C1656,C1661,C1665,C1668,C1673,C1678,C1683,C1723,C1728,C1733,C1737,C1739,C1744,C1749,C1754,C1758,C1761,C1766,C1771,C1776,C1816,C1821,C1826,C1830,C1833,C1838,C1843,C1848,C1852,C1855,C1860,C1865,C1870,C1886,C1887,C1889,C1891,C1894,C1896,C1898,C1900,C1904,C1907,C1910",119
JINDALPOLY,2026-10-01,653.7,672.55,1026.45,667.05,-2.0,-36.31,-2.8,-8.6,"C1274,C1275,C1278,C1279,C1282,C1284,C1289,C1322,C1323,C1326,C1327,C1330,C1332,C1335,C1338,C1372,C1373,C1376,C1377,C1380,C1382,C1387,C1425,C1426,C1429,C1430,C1433,C1435,C1440,C1485,C1486,C1489,C1490,C1493,C1529,C1530,C1531,C1534,C1535,C1536,C1539,C1540,C1542,C1545,C1546,C1549,C1550,C1553,C1583,C1584,C1585,C1588,C1589,C1590,C1593,C1594,C1596,C1599,C1600,C1603,C1604,C1607,C1671,C1672,C1673,C1676,C1677,C1678,C1681,C1682,C1683,C1685,C1688,C1689,C1692,C1693,C1696,C1764,C1765,C1766,C1769,C1770,C1771,C1774,C1775,C1776,C1778,C1781,C1782,C1785,C1786,C1789,C1858,C1859,C1860,C1863,C1864,C1865,C1868,C1869,C1870,C1872,C1875,C1878,C1879,C1882,C1915,C1916,C1919,C1920,C1923,C1924",112
RKDL,2026-10-01,17.24,18.17,34.58,17.6,-2.05,-50.14,-5.12,-6.76,"C1272,C1273,C1274,C1275,C1276,C1277,C1278,C1279,C1285,C1286,C1287,C1288,C1289,C1320,C1321,C1322,C1323,C1324,C1325,C1326,C1327,C1333,C1334,C1335,C1336,C1337,C1338,C1370,C1371,C1372,C1373,C1374,C1375,C1376,C1377,C1383,C1384,C1385,C1386,C1387,C1423,C1424,C1425,C1426,C1427,C1428,C1429,C1430,C1436,C1437,C1438,C1439,C1440,C1483,C1484,C1485,C1486,C1487,C1488,C1489,C1490,C1495,C1496,C1497,C1498,C1543,C1544,C1545,C1546,C1547,C1548,C1549,C1550,C1597,C1598,C1599,C1600,C1601,C1602,C1603,C1604,C1686,C1687,C1688,C1689,C1690,C1691,C1692,C1693,C1779,C1780,C1781,C1782,C1783,C1784,C1785,C1786,C1873,C1874,C1875,C1876,C1877,C1878,C1879,C1913,C1914,C1915,C1916,C1917,C1918,C1919,C1920",112
TIRUMALCHM,2026-10-01,146.26,151.39,341.0,150.0,-2.49,-57.11,-3.39,-11.48,"C273,C274,C318,C319,C363,C364,C414,C415,C463,C464,C507,C508,C548,C549,C587,C588,C637,C688,C689,C730,C731,C767,C768,C814,C815,C860,C861,C909,C910,C1159,C1272,C1273,C1274,C1275,C1285,C1286,C1320,C1321,C1322,C1323,C1333,C1334,C1335,C1370,C1371,C1372,C1373,C1383,C1384,C1423,C1424,C1425,C1426,C1436,C1437,C1483,C1484,C1485,C1486,C1495,C1496,C1527,C1528,C1529,C1530,C1531,C1543,C1544,C1545,C1546,C1581,C1582,C1583,C1584,C1585,C1597,C1598,C1599,C1600,C1669,C1670,C1671,C1672,C1673,C1686,C1687,C1688,C1689,C1762,C1763,C1764,C1765,C1766,C1779,C1780,C1781,C1782,C1856,C1857,C1858,C1859,C1860,C1873,C1874,C1875,C1902,C1903,C1904,C1913,C1914,C1915,C1916",112
ANANTRAJ,2026-10-01,577.85,598.9,947.9,597.0,-3.21,-39.04,-3.51,-8.54,"C198,C211,C212,C213,C224,C235,C236,C1157,C1164,C1165,C1179,C1186,C1256,C1257,C1258,C1261,C1262,C1263,C1266,C1267,C1268,C1270,C1271,C1274,C1275,C1278,C1279,C1282,C1284,C1289,C1304,C1305,C1308,C1309,C1310,C1313,C1314,C1315,C1317,C1318,C1319,C1322,C1323,C1326,C1327,C1330,C1332,C1335,C1338,C1354,C1355,C1358,C1359,C1360,C1363,C1364,C1365,C1367,C1368,C1369,C1372,C1373,C1376,C1377,C1380,C1382,C1387,C1406,C1407,C1410,C1411,C1412,C1415,C1416,C1417,C1419,C1420,C1421,C1422,C1425,C1426,C1429,C1430,C1433,C1435,C1440,C1464,C1465,C1466,C1469,C1470,C1471,C1474,C1475,C1476,C1478,C1479,C1480,C1481,C1482,C1485,C1486,C1489,C1490,C1493",105
AAVAS,2026-10-01,1190.9,1211.9,2234.0,1206.0,-1.25,-46.69,-1.73,-7.38,"C1285,C1286,C1287,C1288,C1289,C1290,C1291,C1333,C1334,C1335,C1336,C1337,C1338,C1339,C1340,C1383,C1384,C1385,C1386,C1387,C1388,C1389,C1436,C1437,C1438,C1439,C1440,C1441,C1442,C1495,C1496,C1497,C1498,C1499,C1500,C1543,C1544,C1545,C1546,C1547,C1548,C1549,C1550,C1551,C1552,C1553,C1597,C1598,C1599,C1600,C1601,C1602,C1603,C1604,C1605,C1606,C1607,C1686,C1687,C1688,C1689,C1690,C1691,C1692,C1693,C1694,C1695,C1696,C1779,C1780,C1781,C1782,C1783,C1784,C1785,C1786,C1787,C1788,C1789,C1873,C1874,C1875,C1876,C1877,C1878,C1879,C1880,C1881,C1882,C1913,C1914,C1915,C1916,C1917,C1918,C1919,C1920,C1921,C1922,C1923,C1924",101
ASHAPURMIN,2026-10-01,489.95,504.15,924.9,497.5,-1.52,-47.03,-2.82,-8.05,"C1285,C1286,C1287,C1288,C1289,C1290,C1291,C1333,C1334,C1335,C1336,C1337,C1338,C1339,C1340,C1383,C1384,C1385,C1386,C1387,C1388,C1389,C1436,C1437,C1438,C1439,C1440,C1441,C1442,C1495,C1496,C1497,C1498,C1499,C1500,C1543,C1544,C1545,C1546,C1547,C1548,C1549,C1550,C1551,C1552,C1553,C1597,C1598,C1599,C1600,C1601,C1602,C1603,C1604,C1605,C1606,C1607,C1686,C1687,C1688,C1689,C1690,C1691,C1692,C1693,C1694,C1695,C1696,C1779,C1780,C1781,C1782,C1783,C1784,C1785,C1786,C1787,C1788,C1789,C1873,C1874,C1875,C1876,C1877,C1878,C1879,C1880,C1881,C1882,C1913,C1914,C1915,C1916,C1917,C1918,C1919,C1920,C1921,C1922,C1923,C1924",101
CEINSYS,2026-10-01,654.25,666.85,1249.9,666.0,-1.76,-47.66,-1.89,-8.12,"C1285,C1286,C1287,C1288,C1289,C1290,C1291,C1333,C1334,C1335,C1336,C1337,C1338,C1339,C1340,C1383,C1384,C1385,C1386,C1387,C1388,C1389,C1436,C1437,C1438,C1439,C1440,C1441,C1442,C1495,C1496,C1497,C1498,C1499,C1500,C1543,C1544,C1545,C1546,C1547,C1548,C1549,C1550,C1551,C1552,C1553,C1597,C1598,C1599,C1600,C1601,C1602,C1603,C1604,C1605,C1606,C1607,C1686,C1687,C1688,C1689,C1690,C1691,C1692,C1693,C1694,C1695,C1696,C1779,C1780,C1781,C1782,C1783,C1784,C1785,C1786,C1787,C1788,C1789,C1873,C1874,C1875,C1876,C1877,C1878,C1879,C1880,C1881,C1882,C1913,C1914,C1915,C1916,C1917,C1918,C1919,C1920,C1921,C1922,C1923,C1924",101
DENTA,2026-10-01,260.65,265.75,479.6,264.0,-1.27,-45.65,-1.92,-5.15,"C1285,C1286,C1287,C1288,C1289,C1290,C1291,C1333,C1334,C1335,C1336,C1337,C1338,C1339,C1340,C1383,C1384,C1385,C1386,C1387,C1388,C1389,C1436,C1437,C1438,C1439,C1440,C1441,C1442,C1495,C1496,C1497,C1498,C1499,C1500,C1543,C1544,C1545,C1546,C1547,C1548,C1549,C1550,C1551,C1552,C1553,C1597,C1598,C1599,C1600,C1601,C1602,C1603,C1604,C1605,C1606,C1607,C1686,C1687,C1688,C1689,C1690,C1691,C1692,C1693,C1694,C1695,C1696,C1779,C1780,C1781,C1782,C1783,C1784,C1785,C1786,C1787,C1788,C1789,C1873,C1874,C1875,C1876,C1877,C1878,C1879,C1880,C1881,C1882,C1913,C1914,C1915,C1916,C1917,C1918,C1919,C1920,C1921,C1922,C1923,C1924",101
ENIL,2026-10-01,93.36,95.59,182.7,95.05,-1.78,-48.9,-2.33,-6.8,"C1285,C1286,C1287,C1288,C1289,C1290,C1291,C1333,C1334,C1335,C1336,C1337,C1338,C1339,C1340,C1383,C1384,C1385,C1386,C1387,C1388,C1389,C1436,C1437,C1438,C1439,C1440,C1441,C1442,C1495,C1496,C1497,C1498,C1499,C1500,C1543,C1544,C1545,C1546,C1547,C1548,C1549,C1550,C1551,C1552,C1553,C1597,C1598,C1599,C1600,C1601,C1602,C1603,C1604,C1605,C1606,C1607,C1686,C1687,C1688,C1689,C1690,C1691,C1692,C1693,C1694,C1695,C1696,C1779,C1780,C1781,C1782,C1783,C1784,C1785,C1786,C1787,C1788,C1789,C1873,C1874,C1875,C1876,C1877,C1878,C1879,C1880,C1881,C1882,C1913,C1914,C1915,C1916,C1917,C1918,C1919,C1920,C1921,C1922,C1923,C1924",101
HIRECT,2026-10-01,1123.8,1147.2,2108.5,1136.9,-1.15,-46.7,-2.04,-9.36,"C1285,C1286,C1287,C1288,C1289,C1290,C1291,C1333,C1334,C1335,C1336,C1337,C1338,C1339,C1340,C1383,C1384,C1385,C1386,C1387,C1388,C1389,C1436,C1437,C1438,C1439,C1440,C1441,C1442,C1495,C1496,C1497,C1498,C1499,C1500,C1543,C1544,C1545,C1546,C1547,C1548,C1549,C1550,C1551,C1552,C1553,C1597,C1598,C1599,C1600,C1601,C1602,C1603,C1604,C1605,C1606,C1607,C1686,C1687,C1688,C1689,C1690,C1691,C1692,C1693,C1694,C1695,C1696,C1779,C1780,C1781,C1782,C1783,C1784,C1785,C1786,C1787,C1788,C1789,C1873,C1874,C1875,C1876,C1877,C1878,C1879,C1880,C1881,C1882,C1913,C1914,C1915,C1916,C1917,C1918,C1919,C1920,C1921,C1922,C1923,C1924",101
JPPOWER,2026-10-01,14.8,15.13,27.7,15.0,-1.33,-46.57,-2.18,-7.73,"C1285,C1286,C1287,C1288,C1289,C1290,C1291,C1333,C1334,C1335,C1336,C1337,C1338,C1339,C1340,C1383,C1384,C1385,C1386,C1387,C1388,C1389,C1436,C1437,C1438,C1439,C1440,C1441,C1442,C1495,C1496,C1497,C1498,C1499,C1500,C1543,C1544,C1545,C1546,C1547,C1548,C1549,C1550,C1551,C1552,C1553,C1597,C1598,C1599,C1600,C1601,C1602,C1603,C1604,C1605,C1606,C1607,C1686,C1687,C1688,C1689,C1690,C1691,C1692,C1693,C1694,C1695,C1696,C1779,C1780,C1781,C1782,C1783,C1784,C1785,C1786,C1787,C1788,C1789,C1873,C1874,C1875,C1876,C1877,C1878,C1879,C1880,C1881,C1882,C1913,C1914,C1915,C1916,C1917,C1918,C1919,C1920,C1921,C1922,C1923,C1924",101
KAKATCEM,2026-10-01,103.09,105.18,193.99,104.4,-1.25,-46.86,-1.99,-4.52,"C1285,C1286,C1287,C1288,C1289,C1290,C1291,C1333,C1334,C1335,C1336,C1337,C1338,C1339,C1340,C1383,C1384,C1385,C1386,C1387,C1388,C1389,C1436,C1437,C1438,C1439,C1440,C1441,C1442,C1495,C1496,C1497,C1498,C1499,C1500,C1543,C1544,C1545,C1546,C1547,C1548,C1549,C1550,C1551,C1552,C1553,C1597,C1598,C1599,C1600,C1601,C1602,C1603,C1604,C1605,C1606,C1607,C1686,C1687,C1688,C1689,C1690,C1691,C1692,C1693,C1694,C1695,C1696,C1779,C1780,C1781,C1782,C1783,C1784,C1785,C1786,C1787,C1788,C1789,C1873,C1874,C1875,C1876,C1877,C1878,C1879,C1880,C1881,C1882,C1913,C1914,C1915,C1916,C1917,C1918,C1919,C1920,C1921,C1922,C1923,C1924",101
LINC,2026-10-01,86.54,88.63,168.0,88.0,-1.66,-48.49,-2.36,-7.79,"C1285,C1286,C1287,C1288,C1289,C1290,C1291,C1333,C1334,C1335,C1336,C1337,C1338,C1339,C1340,C1383,C1384,C1385,C1386,C1387,C1388,C1389,C1436,C1437,C1438,C1439,C1440,C1441,C1442,C1495,C1496,C1497,C1498,C1499,C1500,C1543,C1544,C1545,C1546,C1547,C1548,C1549,C1550,C1551,C1552,C1553,C1597,C1598,C1599,C1600,C1601,C1602,C1603,C1604,C1605,C1606,C1607,C1686,C1687,C1688,C1689,C1690,C1691,C1692,C1693,C1694,C1695,C1696,C1779,C1780,C1781,C1782,C1783,C1784,C1785,C1786,C1787,C1788,C1789,C1873,C1874,C1875,C1876,C1877,C1878,C1879,C1880,C1881,C1882,C1913,C1914,C1915,C1916,C1917,C1918,C1919,C1920,C1921,C1922,C1923,C1924",101
MADRASFERT,2026-10-01,57.46,58.77,107.06,58.11,-1.12,-46.33,-2.23,-6.52,"C1285,C1286,C1287,C1288,C1289,C1290,C1291,C1333,C1334,C1335,C1336,C1337,C1338,C1339,C1340,C1383,C1384,C1385,C1386,C1387,C1388,C1389,C1436,C1437,C1438,C1439,C1440,C1441,C1442,C1495,C1496,C1497,C1498,C1499,C1500,C1543,C1544,C1545,C1546,C1547,C1548,C1549,C1550,C1551,C1552,C1553,C1597,C1598,C1599,C1600,C1601,C1602,C1603,C1604,C1605,C1606,C1607,C1686,C1687,C1688,C1689,C1690,C1691,C1692,C1693,C1694,C1695,C1696,C1779,C1780,C1781,C1782,C1783,C1784,C1785,C1786,C1787,C1788,C1789,C1873,C1874,C1875,C1876,C1877,C1878,C1879,C1880,C1881,C1882,C1913,C1914,C1915,C1916,C1917,C1918,C1919,C1920,C1921,C1922,C1923,C1924",101
MOL,2026-10-01,55.13,56.31,106.3,56.02,-1.59,-48.14,-2.1,-10.55,"C1285,C1286,C1287,C1288,C1289,C1290,C1291,C1333,C1334,C1335,C1336,C1337,C1338,C1339,C1340,C1383,C1384,C1385,C1386,C1387,C1388,C1389,C1436,C1437,C1438,C1439,C1440,C1441,C1442,C1495,C1496,C1497,C1498,C1499,C1500,C1543,C1544,C1545,C1546,C1547,C1548,C1549,C1550,C1551,C1552,C1553,C1597,C1598,C1599,C1600,C1601,C1602,C1603,C1604,C1605,C1606,C1607,C1686,C1687,C1688,C1689,C1690,C1691,C1692,C1693,C1694,C1695,C1696,C1779,C1780,C1781,C1782,C1783,C1784,C1785,C1786,C1787,C1788,C1789,C1873,C1874,C1875,C1876,C1877,C1878,C1879,C1880,C1881,C1882,C1913,C1914,C1915,C1916,C1917,C1918,C1919,C1920,C1921,C1922,C1923,C1924",101
MSUMI,2026-10-01,33.53,34.07,65.96,33.93,-1.18,-49.17,-1.58,-4.15,"C1285,C1286,C1287,C1288,C1289,C1290,C1291,C1333,C1334,C1335,C1336,C1337,C1338,C1339,C1340,C1383,C1384,C1385,C1386,C1387,C1388,C1389,C1436,C1437,C1438,C1439,C1440,C1441,C1442,C1495,C1496,C1497,C1498,C1499,C1500,C1543,C1544,C1545,C1546,C1547,C1548,C1549,C1550,C1551,C1552,C1553,C1597,C1598,C1599,C1600,C1601,C1602,C1603,C1604,C1605,C1606,C1607,C1686,C1687,C1688,C1689,C1690,C1691,C1692,C1693,C1694,C1695,C1696,C1779,C1780,C1781,C1782,C1783,C1784,C1785,C1786,C1787,C1788,C1789,C1873,C1874,C1875,C1876,C1877,C1878,C1879,C1880,C1881,C1882,C1913,C1914,C1915,C1916,C1917,C1918,C1919,C1920,C1921,C1922,C1923,C1924",101
RECLTD,2026-10-01,287.75,299.0,544.7,292.2,-1.52,-47.17,-3.76,-7.62,"C1285,C1286,C1287,C1288,C1289,C1290,C1291,C1333,C1334,C1335,C1336,C1337,C1338,C1339,C1340,C1383,C1384,C1385,C1386,C1387,C1388,C1389,C1436,C1437,C1438,C1439,C1440,C1441,C1442,C1495,C1496,C1497,C1498,C1499,C1500,C1543,C1544,C1545,C1546,C1547,C1548,C1549,C1550,C1551,C1552,C1553,C1597,C1598,C1599,C1600,C1601,C1602,C1603,C1604,C1605,C1606,C1607,C1686,C1687,C1688,C1689,C1690,C1691,C1692,C1693,C1694,C1695,C1696,C1779,C1780,C1781,C1782,C1783,C1784,C1785,C1786,C1787,C1788,C1789,C1873,C1874,C1875,C1876,C1877,C1878,C1879,C1880,C1881,C1882,C1913,C1914,C1915,C1916,C1917,C1918,C1919,C1920,C1921,C1922,C1923,C1924",101
RENUKA,2026-10-01,21.34,21.89,40.72,21.73,-1.79,-47.59,-2.51,-7.38,"C1285,C1286,C1287,C1288,C1289,C1290,C1291,C1333,C1334,C1335,C1336,C1337,C1338,C1339,C1340,C1383,C1384,C1385,C1386,C1387,C1388,C1389,C1436,C1437,C1438,C1439,C1440,C1441,C1442,C1495,C1496,C1497,C1498,C1499,C1500,C1543,C1544,C1545,C1546,C1547,C1548,C1549,C1550,C1551,C1552,C1553,C1597,C1598,C1599,C1600,C1601,C1602,C1603,C1604,C1605,C1606,C1607,C1686,C1687,C1688,C1689,C1690,C1691,C1692,C1693,C1694,C1695,C1696,C1779,C1780,C1781,C1782,C1783,C1784,C1785,C1786,C1787,C1788,C1789,C1873,C1874,C1875,C1876,C1877,C1878,C1879,C1880,C1881,C1882,C1913,C1914,C1915,C1916,C1917,C1918,C1919,C1920,C1921,C1922,C1923,C1924",101
SAKHTISUG,2026-10-01,17.58,18.01,32.29,17.86,-1.57,-45.56,-2.39,-3.57,"C1285,C1286,C1287,C1288,C1289,C1290,C1291,C1333,C1334,C1335,C1336,C1337,C1338,C1339,C1340,C1383,C1384,C1385,C1386,C1387,C1388,C1389,C1436,C1437,C1438,C1439,C1440,C1441,C1442,C1495,C1496,C1497,C1498,C1499,C1500,C1543,C1544,C1545,C1546,C1547,C1548,C1549,C1550,C1551,C1552,C1553,C1597,C1598,C1599,C1600,C1601,C1602,C1603,C1604,C1605,C1606,C1607,C1686,C1687,C1688,C1689,C1690,C1691,C1692,C1693,C1694,C1695,C1696,C1779,C1780,C1781,C1782,C1783,C1784,C1785,C1786,C1787,C1788,C1789,C1873,C1874,C1875,C1876,C1877,C1878,C1879,C1880,C1881,C1882,C1913,C1914,C1915,C1916,C1917,C1918,C1919,C1920,C1921,C1922,C1923,C1924",101
SHAH,2026-10-01,3.03,3.14,5.88,3.09,-1.94,-48.47,-3.5,-6.77,"C1285,C1286,C1287,C1288,C1289,C1290,C1291,C1333,C1334,C1335,C1336,C1337,C1338,C1339,C1340,C1383,C1384,C1385,C1386,C1387,C1388,C1389,C1436,C1437,C1438,C1439,C1440,C1441,C1442,C1495,C1496,C1497,C1498,C1499,C1500,C1543,C1544,C1545,C1546,C1547,C1548,C1549,C1550,C1551,C1552,C1553,C1597,C1598,C1599,C1600,C1601,C1602,C1603,C1604,C1605,C1606,C1607,C1686,C1687,C1688,C1689,C1690,C1691,C1692,C1693,C1694,C1695,C1696,C1779,C1780,C1781,C1782,C1783,C1784,C1785,C1786,C1787,C1788,C1789,C1873,C1874,C1875,C1876,C1877,C1878,C1879,C1880,C1881,C1882,C1913,C1914,C1915,C1916,C1917,C1918,C1919,C1920,C1921,C1922,C1923,C1924",101
SHIVAMILLS,2026-10-01,56.59,58.14,105.0,57.53,-1.63,-46.1,-2.67,-5.56,"C1285,C1286,C1287,C1288,C1289,C1290,C1291,C1333,C1334,C1335,C1336,C1337,C1338,C1339,C1340,C1383,C1384,C1385,C1386,C1387,C1388,C1389,C1436,C1437,C1438,C1439,C1440,C1441,C1442,C1495,C1496,C1497,C1498,C1499,C1500,C1543,C1544,C1545,C1546,C1547,C1548,C1549,C1550,C1551,C1552,C1553,C1597,C1598,C1599,C1600,C1601,C1602,C1603,C1604,C1605,C1606,C1607,C1686,C1687,C1688,C1689,C1690,C1691,C1692,C1693,C1694,C1695,C1696,C1779,C1780,C1781,C1782,C1783,C1784,C1785,C1786,C1787,C1788,C1789,C1873,C1874,C1875,C1876,C1877,C1878,C1879,C1880,C1881,C1882,C1913,C1914,C1915,C1916,C1917,C1918,C1919,C1920,C1921,C1922,C1923,C1924",101
SJVN,2026-10-01,57.91,59.32,112.5,59.01,-1.86,-48.52,-2.38,-8.44,"C1285,C1286,C1287,C1288,C1289,C1290,C1291,C1333,C1334,C1335,C1336,C1337,C1338,C1339,C1340,C1383,C1384,C1385,C1386,C1387,C1388,C1389,C1436,C1437,C1438,C1439,C1440,C1441,C1442,C1495,C1496,C1497,C1498,C1499,C1500,C1543,C1544,C1545,C1546,C1547,C1548,C1549,C1550,C1551,C1552,C1553,C1597,C1598,C1599,C1600,C1601,C1602,C1603,C1604,C1605,C1606,C1607,C1686,C1687,C1688,C1689,C1690,C1691,C1692,C1693,C1694,C1695,C1696,C1779,C1780,C1781,C1782,C1783,C1784,C1785,C1786,C1787,C1788,C1789,C1873,C1874,C1875,C1876,C1877,C1878,C1879,C1880,C1881,C1882,C1913,C1914,C1915,C1916,C1917,C1918,C1919,C1920,C1921,C1922,C1923,C1924",101
UNIENTER,2026-10-01,87.02,88.75,171.62,88.67,-1.86,-49.29,-1.95,-4.47,"C1285,C1286,C1287,C1288,C1289,C1290,C1291,C1333,C1334,C1335,C1336,C1337,C1338,C1339,C1340,C1383,C1384,C1385,C1386,C1387,C1388,C1389,C1436,C1437,C1438,C1439,C1440,C1441,C1442,C1495,C1496,C1497,C1498,C1499,C1500,C1543,C1544,C1545,C1546,C1547,C1548,C1549,C1550,C1551,C1552,C1553,C1597,C1598,C1599,C1600,C1601,C1602,C1603,C1604,C1605,C1606,C1607,C1686,C1687,C1688,C1689,C1690,C1691,C1692,C1693,C1694,C1695,C1696,C1779,C1780,C1781,C1782,C1783,C1784,C1785,C1786,C1787,C1788,C1789,C1873,C1874,C1875,C1876,C1877,C1878,C1879,C1880,C1881,C1882,C1913,C1914,C1915,C1916,C1917,C1918,C1919,C1920,C1921,C1922,C1923,C1924",101
CHAMBLFERT,2026-10-01,399.3,409.25,742.2,408.4,-2.23,-46.2,-2.43,-4.84,"C1272,C1273,C1274,C1275,C1276,C1277,C1278,C1279,C1280,C1281,C1282,C1285,C1286,C1287,C1288,C1289,C1290,C1291,C1320,C1321,C1322,C1323,C1324,C1325,C1326,C1327,C1328,C1329,C1330,C1333,C1334,C1335,C1336,C1337,C1338,C1339,C1340,C1370,C1371,C1372,C1373,C1374,C1375,C1376,C1377,C1378,C1379,C1380,C1383,C1384,C1385,C1386,C1387,C1388,C1389,C1423,C1424,C1425,C1426,C1427,C1428,C1429,C1430,C1431,C1432,C1433,C1436,C1437,C1438,C1439,C1440,C1441,C1442,C1483,C1484,C1485,C1486,C1487,C1488,C1489,C1490,C1491,C1492,C1493,C1495,C1496,C1497,C1498,C1499,C1500",90
EXCELSOFT,2026-10-01,78.33,81.17,142.59,80.18,-2.31,-45.07,-3.5,-3.22,"C1272,C1273,C1274,C1275,C1276,C1277,C1278,C1279,C1280,C1281,C1282,C1285,C1286,C1287,C1288,C1289,C1290,C1291,C1320,C1321,C1322,C1323,C1324,C1325,C1326,C1327,C1328,C1329,C1330,C1333,C1334,C1335,C1336,C1337,C1338,C1339,C1340,C1370,C1371,C1372,C1373,C1374,C1375,C1376,C1377,C1378,C1379,C1380,C1383,C1384,C1385,C1386,C1387,C1388,C1389,C1423,C1424,C1425,C1426,C1427,C1428,C1429,C1430,C1431,C1432,C1433,C1436,C1437,C1438,C1439,C1440,C1441,C1442,C1483,C1484,C1485,C1486,C1487,C1488,C1489,C1490,C1491,C1492,C1493,C1495,C1496,C1497,C1498,C1499,C1500",90
SUNCLAY,2026-10-01,1183.0,1228.9,2934.0,1225.0,-3.43,-59.68,-3.74,-5.65,"C14,C36,C56,C76,C94,C211,C235,C1164,C1255,C1256,C1257,C1258,C1272,C1273,C1274,C1275,C1285,C1286,C1303,C1304,C1305,C1320,C1321,C1322,C1323,C1333,C1334,C1335,C1353,C1354,C1355,C1370,C1371,C1372,C1373,C1383,C1384,C1405,C1406,C1407,C1423,C1424,C1425,C1426,C1436,C1437,C1463,C1464,C1465,C1466,C1483,C1484,C1485,C1486,C1495,C1496,C1543,C1544,C1545,C1546,C1597,C1598,C1599,C1600,C1686,C1687,C1688,C1689,C1779,C1780,C1781,C1782,C1873,C1874,C1875,C1913,C1914,C1915,C1916",79
GANESHCP,2026-10-01,148.85,151.41,309.95,150.72,-1.24,-51.98,-1.69,-9.5,"C1285,C1286,C1287,C1288,C1289,C1333,C1334,C1335,C1336,C1337,C1338,C1383,C1384,C1385,C1386,C1387,C1436,C1437,C1438,C1439,C1440,C1495,C1496,C1497,C1498,C1543,C1544,C1545,C1546,C1547,C1548,C1549,C1550,C1597,C1598,C1599,C1600,C1601,C1602,C1603,C1604,C1686,C1687,C1688,C1689,C1690,C1691,C1692,C1693,C1779,C1780,C1781,C1782,C1783,C1784,C1785,C1786,C1873,C1874,C1875,C1876,C1877,C1878,C1879,C1913,C1914,C1915,C1916,C1917,C1918,C1919,C1920",72
JISLDVREQS,2026-10-01,18.71,19.14,41.0,19.01,-1.58,-54.37,-2.25,-8.1,"C1285,C1286,C1287,C1288,C1289,C1333,C1334,C1335,C1336,C1337,C1338,C1383,C1384,C1385,C1386,C1387,C1436,C1437,C1438,C1439,C1440,C1495,C1496,C1497,C1498,C1543,C1544,C1545,C1546,C1547,C1548,C1549,C1550,C1597,C1598,C1599,C1600,C1601,C1602,C1603,C1604,C1686,C1687,C1688,C1689,C1690,C1691,C1692,C1693,C1779,C1780,C1781,C1782,C1783,C1784,C1785,C1786,C1873,C1874,C1875,C1876,C1877,C1878,C1879,C1913,C1914,C1915,C1916,C1917,C1918,C1919,C1920",72
JKLAKSHMI,2026-10-01,476.6,492.3,1021.2,482.05,-1.13,-53.33,-3.19,-6.77,"C1285,C1286,C1287,C1288,C1289,C1333,C1334,C1335,C1336,C1337,C1338,C1383,C1384,C1385,C1386,C1387,C1436,C1437,C1438,C1439,C1440,C1495,C1496,C1497,C1498,C1543,C1544,C1545,C1546,C1547,C1548,C1549,C1550,C1597,C1598,C1599,C1600,C1601,C1602,C1603,C1604,C1686,C1687,C1688,C1689,C1690,C1691,C1692,C1693,C1779,C1780,C1781,C1782,C1783,C1784,C1785,C1786,C1873,C1874,C1875,C1876,C1877,C1878,C1879,C1913,C1914,C1915,C1916,C1917,C1918,C1919,C1920",72
ORISSAMINE,2026-10-01,3538.6,3651.5,7364.0,3586.2,-1.33,-51.95,-3.09,-7.88,"C1285,C1286,C1287,C1288,C1289,C1333,C1334,C1335,C1336,C1337,C1338,C1383,C1384,C1385,C1386,C1387,C1436,C1437,C1438,C1439,C1440,C1495,C1496,C1497,C1498,C1543,C1544,C1545,C1546,C1547,C1548,C1549,C1550,C1597,C1598,C1599,C1600,C1601,C1602,C1603,C1604,C1686,C1687,C1688,C1689,C1690,C1691,C1692,C1693,C1779,C1780,C1781,C1782,C1783,C1784,C1785,C1786,C1873,C1874,C1875,C1876,C1877,C1878,C1879,C1913,C1914,C1915,C1916,C1917,C1918,C1919,C1920",72
SAMBHAAV,2026-10-01,5.42,5.74,11.45,5.52,-1.81,-52.66,-5.57,-9.36,"C1285,C1286,C1287,C1288,C1289,C1333,C1334,C1335,C1336,C1337,C1338,C1383,C1384,C1385,C1386,C1387,C1436,C1437,C1438,C1439,C1440,C1495,C1496,C1497,C1498,C1543,C1544,C1545,C1546,C1547,C1548,C1549,C1550,C1597,C1598,C1599,C1600,C1601,C1602,C1603,C1604,C1686,C1687,C1688,C1689,C1690,C1691,C1692,C1693,C1779,C1780,C1781,C1782,C1783,C1784,C1785,C1786,C1873,C1874,C1875,C1876,C1877,C1878,C1879,C1913,C1914,C1915,C1916,C1917,C1918,C1919,C1920",72
VIVIDHA,2026-10-01,0.5,0.51,1.09,0.51,-1.96,-54.13,-1.96,-3.85,"C1285,C1286,C1287,C1288,C1289,C1333,C1334,C1335,C1336,C1337,C1338,C1383,C1384,C1385,C1386,C1387,C1436,C1437,C1438,C1439,C1440,C1495,C1496,C1497,C1498,C1543,C1544,C1545,C1546,C1547,C1548,C1549,C1550,C1597,C1598,C1599,C1600,C1601,C1602,C1603,C1604,C1686,C1687,C1688,C1689,C1690,C1691,C1692,C1693,C1779,C1780,C1781,C1782,C1783,C1784,C1785,C1786,C1873,C1874,C1875,C1876,C1877,C1878,C1879,C1913,C1914,C1915,C1916,C1917,C1918,C1919,C1920",72
VSTL,2026-10-01,108.85,112.09,221.99,110.05,-1.09,-50.97,-2.89,-4.08,"C1285,C1286,C1287,C1288,C1289,C1333,C1334,C1335,C1336,C1337,C1338,C1383,C1384,C1385,C1386,C1387,C1436,C1437,C1438,C1439,C1440,C1495,C1496,C1497,C1498,C1543,C1544,C1545,C1546,C1547,C1548,C1549,C1550,C1597,C1598,C1599,C1600,C1601,C1602,C1603,C1604,C1686,C1687,C1688,C1689,C1690,C1691,C1692,C1693,C1779,C1780,C1781,C1782,C1783,C1784,C1785,C1786,C1873,C1874,C1875,C1876,C1877,C1878,C1879,C1913,C1914,C1915,C1916,C1917,C1918,C1919,C1920",72
WENDT,2026-10-01,8116.0,8351.5,16893.75,8270.0,-1.86,-51.96,-2.82,-6.48,"C1285,C1286,C1287,C1288,C1289,C1333,C1334,C1335,C1336,C1337,C1338,C1383,C1384,C1385,C1386,C1387,C1436,C1437,C1438,C1439,C1440,C1495,C1496,C1497,C1498,C1543,C1544,C1545,C1546,C1547,C1548,C1549,C1550,C1597,C1598,C1599,C1600,C1601,C1602,C1603,C1604,C1686,C1687,C1688,C1689,C1690,C1691,C1692,C1693,C1779,C1780,C1781,C1782,C1783,C1784,C1785,C1786,C1873,C1874,C1875,C1876,C1877,C1878,C1879,C1913,C1914,C1915,C1916,C1917,C1918,C1919,C1920",72
ZEEL,2026-10-01,71.92,74.47,151.7,73.31,-1.9,-52.59,-3.42,-6.94,"C1285,C1286,C1287,C1288,C1289,C1333,C1334,C1335,C1336,C1337,C1338,C1383,C1384,C1385,C1386,C1387,C1436,C1437,C1438,C1439,C1440,C1495,C1496,C1497,C1498,C1543,C1544,C1545,C1546,C1547,C1548,C1549,C1550,C1597,C1598,C1599,C1600,C1601,C1602,C1603,C1604,C1686,C1687,C1688,C1689,C1690,C1691,C1692,C1693,C1779,C1780,C1781,C1782,C1783,C1784,C1785,C1786,C1873,C1874,C1875,C1876,C1877,C1878,C1879,C1913,C1914,C1915,C1916,C1917,C1918,C1919,C1920",72
ASHOKLEY,2026-10-01,150.48,154.19,254.4,152.48,-1.31,-40.85,-2.41,-7.62,"C1286,C1288,C1289,C1291,C1334,C1335,C1337,C1338,C1340,C1384,C1386,C1387,C1389,C1437,C1439,C1440,C1442,C1496,C1498,C1500,C1544,C1545,C1546,C1548,C1549,C1550,C1552,C1553,C1598,C1599,C1600,C1602,C1603,C1604,C1606,C1607,C1687,C1688,C1689,C1691,C1692,C1693,C1695,C1696,C1780,C1781,C1782,C1784,C1785,C1786,C1788,C1789,C1874,C1875,C1877,C1878,C1879,C1881,C1882,C1914,C1915,C1916,C1918,C1919,C1920,C1922,C1923,C1924,C1925",69
ASTRAZEN,2026-10-01,6031.0,6186.0,10691.0,6120.5,-1.46,-43.59,-2.51,-10.07,"C1286,C1288,C1289,C1291,C1334,C1335,C1337,C1338,C1340,C1384,C1386,C1387,C1389,C1437,C1439,C1440,C1442,C1496,C1498,C1500,C1544,C1545,C1546,C1548,C1549,C1550,C1552,C1553,C1598,C1599,C1600,C1602,C1603,C1604,C1606,C1607,C1687,C1688,C1689,C1691,C1692,C1693,C1695,C1696,C1780,C1781,C1782,C1784,C1785,C1786,C1788,C1789,C1874,C1875,C1877,C1878,C1879,C1881,C1882,C1914,C1915,C1916,C1918,C1919,C1920,C1922,C1923,C1924,C1925",69
ATL,2026-10-01,23.59,24.44,40.51,24.12,-2.2,-41.77,-3.48,-9.02,"C1273,C1274,C1275,C1277,C1278,C1279,C1281,C1282,C1283,C1284,C1286,C1288,C1289,C1291,C1321,C1322,C1323,C1325,C1326,C1327,C1329,C1330,C1331,C1332,C1334,C1335,C1337,C1338,C1340,C1371,C1372,C1373,C1375,C1376,C1377,C1379,C1380,C1381,C1382,C1384,C1386,C1387,C1389,C1424,C1425,C1426,C1428,C1429,C1430,C1432,C1433,C1434,C1435,C1437,C1439,C1440,C1442,C1484,C1485,C1486,C1488,C1489,C1490,C1492,C1493,C1494,C1496,C1498,C1500",69
BBTC,2026-10-01,1334.2,1357.4,2345.25,1350.0,-1.17,-43.11,-1.71,-8.0,"C1286,C1288,C1289,C1291,C1334,C1335,C1337,C1338,C1340,C1384,C1386,C1387,C1389,C1437,C1439,C1440,C1442,C1496,C1498,C1500,C1544,C1545,C1546,C1548,C1549,C1550,C1552,C1553,C1598,C1599,C1600,C1602,C1603,C1604,C1606,C1607,C1687,C1688,C1689,C1691,C1692,C1693,C1695,C1696,C1780,C1781,C1782,C1784,C1785,C1786,C1788,C1789,C1874,C1875,C1877,C1878,C1879,C1881,C1882,C1914,C1915,C1916,C1918,C1919,C1920,C1922,C1923,C1924,C1925",69
COLPAL,2026-10-01,1735.0,1763.3,2939.5,1763.3,-1.6,-40.98,-1.6,-8.04,"C1286,C1288,C1289,C1291,C1334,C1335,C1337,C1338,C1340,C1384,C1386,C1387,C1389,C1437,C1439,C1440,C1442,C1496,C1498,C1500,C1544,C1545,C1546,C1548,C1549,C1550,C1552,C1553,C1598,C1599,C1600,C1602,C1603,C1604,C1606,C1607,C1687,C1688,C1689,C1691,C1692,C1693,C1695,C1696,C1780,C1781,C1782,C1784,C1785,C1786,C1788,C1789,C1874,C1875,C1877,C1878,C1879,C1881,C1882,C1914,C1915,C1916,C1918,C1919,C1920,C1922,C1923,C1924,C1925",69
DEEPAKNTR,2026-10-01,1492.8,1529.8,2527.35,1512.3,-1.29,-40.93,-2.42,-8.74,"C1286,C1288,C1289,C1291,C1334,C1335,C1337,C1338,C1340,C1384,C1386,C1387,C1389,C1437,C1439,C1440,C1442,C1496,C1498,C1500,C1544,C1545,C1546,C1548,C1549,C1550,C1552,C1553,C1598,C1599,C1600,C1602,C1603,C1604,C1606,C1607,C1687,C1688,C1689,C1691,C1692,C1693,C1695,C1696,C1780,C1781,C1782,C1784,C1785,C1786,C1788,C1789,C1874,C1875,C1877,C1878,C1879,C1881,C1882,C1914,C1915,C1916,C1918,C1919,C1920,C1922,C1923,C1924,C1925",69
GODREJPROP,2026-10-01,1595.8,1628.5,2830.6,1623.4,-1.7,-43.62,-2.01,-6.55,"C1286,C1288,C1289,C1291,C1334,C1335,C1337,C1338,C1340,C1384,C1386,C1387,C1389,C1437,C1439,C1440,C1442,C1496,C1498,C1500,C1544,C1545,C1546,C1548,C1549,C1550,C1552,C1553,C1598,C1599,C1600,C1602,C1603,C1604,C1606,C1607,C1687,C1688,C1689,C1691,C1692,C1693,C1695,C1696,C1780,C1781,C1782,C1784,C1785,C1786,C1788,C1789,C1874,C1875,C1877,C1878,C1879,C1881,C1882,C1914,C1915,C1916,C1918,C1919,C1920,C1922,C1923,C1924,C1925",69
HEMIPROP,2026-10-01,111.5,114.07,190.69,113.11,-1.42,-41.53,-2.25,-7.78,"C1286,C1288,C1289,C1291,C1334,C1335,C1337,C1338,C1340,C1384,C1386,C1387,C1389,C1437,C1439,C1440,C1442,C1496,C1498,C1500,C1544,C1545,C1546,C1548,C1549,C1550,C1552,C1553,C1598,C1599,C1600,C1602,C1603,C1604,C1606,C1607,C1687,C1688,C1689,C1691,C1692,C1693,C1695,C1696,C1780,C1781,C1782,C1784,C1785,C1786,C1788,C1789,C1874,C1875,C1877,C1878,C1879,C1881,C1882,C1914,C1915,C1916,C1918,C1919,C1920,C1922,C1923,C1924,C1925",69
JUBLFOOD,2026-10-01,443.4,456.7,796.75,451.1,-1.71,-44.35,-2.91,-8.26,"C1286,C1288,C1289,C1291,C1334,C1335,C1337,C1338,C1340,C1384,C1386,C1387,C1389,C1437,C1439,C1440,C1442,C1496,C1498,C1500,C1544,C1545,C1546,C1548,C1549,C1550,C1552,C1553,C1598,C1599,C1600,C1602,C1603,C1604,C1606,C1607,C1687,C1688,C1689,C1691,C1692,C1693,C1695,C1696,C1780,C1781,C1782,C1784,C1785,C1786,C1788,C1789,C1874,C1875,C1877,C1878,C1879,C1881,C1882,C1914,C1915,C1916,C1918,C1919,C1920,C1922,C1923,C1924,C1925",69
PRINCEPIPE,2026-10-01,246.9,255.75,434.7,251.8,-1.95,-43.2,-3.46,-7.09,"C1286,C1288,C1289,C1291,C1334,C1335,C1337,C1338,C1340,C1384,C1386,C1387,C1389,C1437,C1439,C1440,C1442,C1496,C1498,C1500,C1544,C1545,C1546,C1548,C1549,C1550,C1552,C1553,C1598,C1599,C1600,C1602,C1603,C1604,C1606,C1607,C1687,C1688,C1689,C1691,C1692,C1693,C1695,C1696,C1780,C1781,C1782,C1784,C1785,C1786,C1788,C1789,C1874,C1875,C1877,C1878,C1879,C1881,C1882,C1914,C1915,C1916,C1918,C1919,C1920,C1922,C1923,C1924,C1925",69
SHRIRAMPPS,2026-10-01,67.36,69.21,113.19,68.51,-1.68,-40.49,-2.67,-7.33,"C1286,C1288,C1289,C1291,C1334,C1335,C1337,C1338,C1340,C1384,C1386,C1387,C1389,C1437,C1439,C1440,C1442,C1496,C1498,C1500,C1544,C1545,C1546,C1548,C1549,C1550,C1552,C1553,C1598,C1599,C1600,C1602,C1603,C1604,C1606,C1607,C1687,C1688,C1689,C1691,C1692,C1693,C1695,C1696,C1780,C1781,C1782,C1784,C1785,C1786,C1788,C1789,C1874,C1875,C1877,C1878,C1879,C1881,C1882,C1914,C1915,C1916,C1918,C1919,C1920,C1922,C1923,C1924,C1925",69
SILINV,2026-10-01,424.55,431.45,767.0,431.0,-1.5,-44.65,-1.6,-6.24,"C1286,C1288,C1289,C1291,C1334,C1335,C1337,C1338,C1340,C1384,C1386,C1387,C1389,C1437,C1439,C1440,C1442,C1496,C1498,C1500,C1544,C1545,C1546,C1548,C1549,C1550,C1552,C1553,C1598,C1599,C1600,C1602,C1603,C1604,C1606,C1607,C1687,C1688,C1689,C1691,C1692,C1693,C1695,C1696,C1780,C1781,C1782,C1784,C1785,C1786,C1788,C1789,C1874,C1875,C1877,C1878,C1879,C1881,C1882,C1914,C1915,C1916,C1918,C1919,C1920,C1922,C1923,C1924,C1925",69
SINDHUTRAD,2026-10-01,22.23,22.89,39.29,22.65,-1.85,-43.42,-2.88,-7.22,"C1286,C1288,C1289,C1291,C1334,C1335,C1337,C1338,C1340,C1384,C1386,C1387,C1389,C1437,C1439,C1440,C1442,C1496,C1498,C1500,C1544,C1545,C1546,C1548,C1549,C1550,C1552,C1553,C1598,C1599,C1600,C1602,C1603,C1604,C1606,C1607,C1687,C1688,C1689,C1691,C1692,C1693,C1695,C1696,C1780,C1781,C1782,C1784,C1785,C1786,C1788,C1789,C1874,C1875,C1877,C1878,C1879,C1881,C1882,C1914,C1915,C1916,C1918,C1919,C1920,C1922,C1923,C1924,C1925",69
VOLTAS,2026-10-01,1053.2,1070.0,1859.4,1066.0,-1.2,-43.36,-1.57,-6.8,"C1286,C1288,C1289,C1291,C1334,C1335,C1337,C1338,C1340,C1384,C1386,C1387,C1389,C1437,C1439,C1440,C1442,C1496,C1498,C1500,C1544,C1545,C1546,C1548,C1549,C1550,C1552,C1553,C1598,C1599,C1600,C1602,C1603,C1604,C1606,C1607,C1687,C1688,C1689,C1691,C1692,C1693,C1695,C1696,C1780,C1781,C1782,C1784,C1785,C1786,C1788,C1789,C1874,C1875,C1877,C1878,C1879,C1881,C1882,C1914,C1915,C1916,C1918,C1919,C1920,C1922,C1923,C1924,C1925",69
PANSARI,2026-10-01,260.0,274.0,377.0,270.0,-3.7,-31.03,-5.11,-6.14,"C1257,C1258,C1262,C1263,C1267,C1268,C1270,C1271,C1275,C1279,C1304,C1305,C1309,C1310,C1314,C1315,C1317,C1318,C1319,C1323,C1327,C1354,C1355,C1359,C1360,C1364,C1365,C1367,C1368,C1369,C1373,C1377,C1406,C1407,C1411,C1412,C1416,C1417,C1419,C1420,C1421,C1422,C1426,C1430,C1465,C1466,C1470,C1471,C1475,C1476,C1479,C1480,C1481,C1482,C1486,C1490,C1546,C1550,C1600,C1604,C1689,C1693,C1782,C1786,C1879,C1916,C1920,C1924",68
ASIANTILES,2026-10-01,47.95,49.68,79.06,49.22,-2.58,-39.35,-3.48,-6.27,"C1274,C1275,C1278,C1279,C1282,C1284,C1289,C1322,C1323,C1326,C1327,C1330,C1332,C1335,C1338,C1372,C1373,C1376,C1377,C1380,C1382,C1387,C1425,C1426,C1429,C1430,C1433,C1435,C1440,C1485,C1486,C1489,C1490,C1493,C1545,C1546,C1549,C1550,C1553,C1599,C1600,C1603,C1604,C1607,C1688,C1689,C1692,C1693,C1696,C1781,C1782,C1785,C1786,C1789,C1875,C1878,C1879,C1882",58
BANKA,2026-10-01,68.51,70.0,104.0,70.0,-2.13,-34.12,-2.13,-10.44,"C1275,C1279,C1323,C1327,C1373,C1377,C1426,C1430,C1486,C1490,C1530,C1531,C1535,C1536,C1540,C1546,C1550,C1584,C1585,C1589,C1590,C1594,C1600,C1604,C1672,C1673,C1677,C1678,C1682,C1683,C1689,C1693,C1765,C1766,C1770,C1771,C1775,C1776,C1782,C1786,C1859,C1860,C1864,C1865,C1869,C1870,C1879,C1903,C1904,C1906,C1907,C1909,C1910,C1912,C1916,C1920,C1924",57
GENUSPOWER,2026-10-01,280.0,288.65,430.0,286.1,-2.13,-34.88,-3.0,-9.19,"C1275,C1279,C1323,C1327,C1373,C1377,C1426,C1430,C1486,C1490,C1530,C1531,C1535,C1536,C1540,C1546,C1550,C1584,C1585,C1589,C1590,C1594,C1600,C1604,C1672,C1673,C1677,C1678,C1682,C1683,C1689,C1693,C1765,C1766,C1770,C1771,C1775,C1776,C1782,C1786,C1859,C1860,C1864,C1865,C1869,C1870,C1879,C1903,C1904,C1906,C1907,C1909,C1910,C1912,C1916,C1920,C1924",57
GPIL,2026-10-01,215.67,222.34,320.0,220.1,-2.01,-32.6,-3.0,-8.1,"C1275,C1279,C1323,C1327,C1373,C1377,C1426,C1430,C1486,C1490,C1530,C1531,C1535,C1536,C1540,C1546,C1550,C1584,C1585,C1589,C1590,C1594,C1600,C1604,C1672,C1673,C1677,C1678,C1682,C1683,C1689,C1693,C1765,C1766,C1770,C1771,C1775,C1776,C1782,C1786,C1859,C1860,C1864,C1865,C1869,C1870,C1879,C1903,C1904,C1906,C1907,C1909,C1910,C1912,C1916,C1920,C1924",57
RAMANEWS,2026-10-01,29.38,30.27,42.0,30.01,-2.1,-30.05,-2.94,-7.64,"C1275,C1279,C1323,C1327,C1373,C1377,C1426,C1430,C1486,C1490,C1530,C1531,C1535,C1536,C1540,C1546,C1550,C1584,C1585,C1589,C1590,C1594,C1600,C1604,C1672,C1673,C1677,C1678,C1682,C1683,C1689,C1693,C1765,C1766,C1770,C1771,C1775,C1776,C1782,C1786,C1859,C1860,C1864,C1865,C1869,C1870,C1879,C1903,C1904,C1906,C1907,C1909,C1910,C1912,C1916,C1920,C1924",57
SAMMAANCAP,2026-10-01,132.48,136.54,192.95,135.68,-2.36,-31.34,-2.97,-8.31,"C1275,C1279,C1323,C1327,C1373,C1377,C1426,C1430,C1486,C1490,C1530,C1531,C1535,C1536,C1540,C1546,C1550,C1584,C1585,C1589,C1590,C1594,C1600,C1604,C1672,C1673,C1677,C1678,C1682,C1683,C1689,C1693,C1765,C1766,C1770,C1771,C1775,C1776,C1782,C1786,C1859,C1860,C1864,C1865,C1869,C1870,C1879,C1903,C1904,C1906,C1907,C1909,C1910,C1912,C1916,C1920,C1924",57
MCL,2026-10-01,54.64,56.74,82.85,56.51,-3.31,-34.05,-3.7,-10.06,"C1257,C1258,C1262,C1263,C1267,C1268,C1270,C1271,C1275,C1279,C1304,C1305,C1309,C1310,C1314,C1315,C1317,C1318,C1319,C1323,C1327,C1354,C1355,C1359,C1360,C1364,C1365,C1367,C1368,C1369,C1373,C1377,C1406,C1407,C1411,C1412,C1416,C1417,C1419,C1420,C1421,C1422,C1426,C1430,C1465,C1466,C1470,C1471,C1475,C1476,C1479,C1480,C1481,C1482,C1486,C1490",56
APTUS,2026-10-01,226.4,232.53,364.0,230.0,-1.57,-37.8,-2.64,-9.92,"C1289,C1335,C1338,C1387,C1440,C1545,C1546,C1549,C1550,C1553,C1599,C1600,C1603,C1604,C1607,C1688,C1689,C1692,C1693,C1696,C1781,C1782,C1785,C1786,C1789,C1875,C1878,C1879,C1882,C1915,C1916,C1919,C1920,C1923,C1924",35
AWHCL,2026-10-01,355.4,364.55,693.0,361.0,-1.55,-48.72,-2.51,-8.39,"C1285,C1286,C1287,C1288,C1289,C1290,C1291,C1333,C1334,C1335,C1336,C1337,C1338,C1339,C1340,C1383,C1384,C1385,C1386,C1387,C1388,C1389,C1436,C1437,C1438,C1439,C1440,C1441,C1442,C1495,C1496,C1497,C1498,C1499,C1500",35
AXITA,2026-10-01,7.58,7.71,12.5,7.7,-1.56,-39.36,-1.69,-5.25,"C1289,C1335,C1338,C1387,C1440,C1545,C1546,C1549,C1550,C1553,C1599,C1600,C1603,C1604,C1607,C1688,C1689,C1692,C1693,C1696,C1781,C1782,C1785,C1786,C1789,C1875,C1878,C1879,C1882,C1915,C1916,C1919,C1920,C1923,C1924",35
BHARATWIRE,2026-10-01,160.12,164.36,262.0,162.5,-1.46,-38.89,-2.58,-5.87,"C1289,C1335,C1338,C1387,C1440,C1545,C1546,C1549,C1550,C1553,C1599,C1600,C1603,C1604,C1607,C1688,C1689,C1692,C1693,C1696,C1781,C1782,C1785,C1786,C1789,C1875,C1878,C1879,C1882,C1915,C1916,C1919,C1920,C1923,C1924",35
CSBBANK,2026-10-01,304.75,311.0,574.4,309.5,-1.53,-46.94,-2.01,-9.41,"C1285,C1286,C1287,C1288,C1289,C1290,C1291,C1333,C1334,C1335,C1336,C1337,C1338,C1339,C1340,C1383,C1384,C1385,C1386,C1387,C1388,C1389,C1436,C1437,C1438,C1439,C1440,C1441,C1442,C1495,C1496,C1497,C1498,C1499,C1500",35
ESCORTS,2026-10-01,2667.3,2715.2,4180.0,2700.1,-1.21,-36.19,-1.76,-4.63,"C1289,C1335,C1338,C1387,C1440,C1545,C1546,C1549,C1550,C1553,C1599,C1600,C1603,C1604,C1607,C1688,C1689,C1692,C1693,C1696,C1781,C1782,C1785,C1786,C1789,C1875,C1878,C1879,C1882,C1915,C1916,C1919,C1920,C1923,C1924",35
GRAVITA,2026-10-01,1412.6,1447.4,2336.0,1439.7,-1.88,-39.53,-2.4,-9.51,"C1289,C1335,C1338,C1387,C1440,C1545,C1546,C1549,C1550,C1553,C1599,C1600,C1603,C1604,C1607,C1688,C1689,C1692,C1693,C1696,C1781,C1782,C1785,C1786,C1789,C1875,C1878,C1879,C1882,C1915,C1916,C1919,C1920,C1923,C1924",35
HINDCOPPER,2026-10-01,462.15,472.65,760.05,470.0,-1.67,-39.19,-2.22,-9.91,"C1289,C1335,C1338,C1387,C1440,C1545,C1546,C1549,C1550,C1553,C1599,C1600,C1603,C1604,C1607,C1688,C1689,C1692,C1693,C1696,C1781,C1782,C1785,C1786,C1789,C1875,C1878,C1879,C1882,C1915,C1916,C1919,C1920,C1923,C1924",35
HUDCO,2026-10-01,161.54,166.58,254.29,164.0,-1.5,-36.47,-3.03,-9.21,"C1289,C1335,C1338,C1387,C1440,C1545,C1546,C1549,C1550,C1553,C1599,C1600,C1603,C1604,C1607,C1688,C1689,C1692,C1693,C1696,C1781,C1782,C1785,C1786,C1789,C1875,C1878,C1879,C1882,C1915,C1916,C1919,C1920,C1923,C1924",35
IKIO,2026-10-01,190.96,196.85,304.0,194.31,-1.72,-37.18,-2.99,-8.14,"C1289,C1335,C1338,C1387,C1440,C1545,C1546,C1549,C1550,C1553,C1599,C1600,C1603,C1604,C1607,C1688,C1689,C1692,C1693,C1696,C1781,C1782,C1785,C1786,C1789,C1875,C1878,C1879,C1882,C1915,C1916,C1919,C1920,C1923,C1924",35
INDIACEM,2026-10-01,295.15,301.85,485.8,300.15,-1.67,-39.24,-2.22,-13.2,"C1289,C1335,C1338,C1387,C1440,C1545,C1546,C1549,C1550,C1553,C1599,C1600,C1603,C1604,C1607,C1688,C1689,C1692,C1693,C1696,C1781,C1782,C1785,C1786,C1789,C1875,C1878,C1879,C1882,C1915,C1916,C1919,C1920,C1923,C1924",35
JAYSREETEA,2026-10-01,83.65,85.74,134.0,85.0,-1.59,-37.57,-2.44,-6.59,"C1289,C1335,C1338,C1387,C1440,C1545,C1546,C1549,C1550,C1553,C1599,C1600,C1603,C1604,C1607,C1688,C1689,C1692,C1693,C1696,C1781,C1782,C1785,C1786,C1789,C1875,C1878,C1879,C1882,C1915,C1916,C1919,C1920,C1923,C1924",35
JIOFIN,2026-10-01,212.5,216.88,338.6,215.36,-1.33,-37.24,-2.02,-8.46,"C1289,C1335,C1338,C1387,C1440,C1545,C1546,C1549,C1550,C1553,C1599,C1600,C1603,C1604,C1607,C1688,C1689,C1692,C1693,C1696,C1781,C1782,C1785,C1786,C1789,C1875,C1878,C1879,C1882,C1915,C1916,C1919,C1920,C1923,C1924",35
KIOCL,2026-10-01,323.85,332.3,634.55,328.0,-1.27,-48.96,-2.54,-7.3,"C1285,C1286,C1287,C1288,C1289,C1290,C1291,C1333,C1334,C1335,C1336,C1337,C1338,C1339,C1340,C1383,C1384,C1385,C1386,C1387,C1388,C1389,C1436,C1437,C1438,C1439,C1440,C1441,C1442,C1495,C1496,C1497,C1498,C1499,C1500",35
LOVABLE,2026-10-01,68.29,71.05,134.5,69.0,-1.03,-49.23,-3.88,-4.33,"C1285,C1286,C1287,C1288,C1289,C1290,C1291,C1333,C1334,C1335,C1336,C1337,C1338,C1339,C1340,C1383,C1384,C1385,C1386,C1387,C1388,C1389,C1436,C1437,C1438,C1439,C1440,C1441,C1442,C1495,C1496,C1497,C1498,C1499,C1500",35
PIGL,2026-10-01,93.87,96.34,155.47,94.9,-1.09,-39.62,-2.56,-6.05,"C1289,C1335,C1338,C1387,C1440,C1545,C1546,C1549,C1550,C1553,C1599,C1600,C1603,C1604,C1607,C1688,C1689,C1692,C1693,C1696,C1781,C1782,C1785,C1786,C1789,C1875,C1878,C1879,C1882,C1915,C1916,C1919,C1920,C1923,C1924",35
PIIND,2026-10-01,2236.0,2310.0,4330.0,2270.0,-1.5,-48.36,-3.2,-6.29,"C1285,C1286,C1287,C1288,C1289,C1290,C1291,C1333,C1334,C1335,C1336,C1337,C1338,C1339,C1340,C1383,C1384,C1385,C1386,C1387,C1388,C1389,C1436,C1437,C1438,C1439,C1440,C1441,C1442,C1495,C1496,C1497,C1498,C1499,C1500",35
SAGARDEEP,2026-10-01,22.52,23.13,36.21,22.76,-1.05,-37.81,-2.64,-7.55,"C1289,C1335,C1338,C1387,C1440,C1545,C1546,C1549,C1550,C1553,C1599,C1600,C1603,C1604,C1607,C1688,C1689,C1692,C1693,C1696,C1781,C1782,C1785,C1786,C1789,C1875,C1878,C1879,C1882,C1915,C1916,C1919,C1920,C1923,C1924",35
SUMICHEM,2026-10-01,417.6,433.25,665.0,424.6,-1.65,-37.2,-3.61,-10.04,"C1289,C1335,C1338,C1387,C1440,C1545,C1546,C1549,C1550,C1553,C1599,C1600,C1603,C1604,C1607,C1688,C1689,C1692,C1693,C1696,C1781,C1782,C1785,C1786,C1789,C1875,C1878,C1879,C1882,C1915,C1916,C1919,C1920,C1923,C1924",35
TIINDIA,2026-10-01,2340.0,2375.0,3693.6,2373.2,-1.4,-36.65,-1.47,-9.25,"C1289,C1335,C1338,C1387,C1440,C1545,C1546,C1549,C1550,C1553,C1599,C1600,C1603,C1604,C1607,C1688,C1689,C1692,C1693,C1696,C1781,C1782,C1785,C1786,C1789,C1875,C1878,C1879,C1882,C1915,C1916,C1919,C1920,C1923,C1924",35
VRAJ,2026-10-01,121.76,123.85,227.7,123.1,-1.09,-46.53,-1.69,-4.8,"C1285,C1286,C1287,C1288,C1289,C1290,C1291,C1333,C1334,C1335,C1336,C1337,C1338,C1339,C1340,C1383,C1384,C1385,C1386,C1387,C1388,C1389,C1436,C1437,C1438,C1439,C1440,C1441,C1442,C1495,C1496,C1497,C1498,C1499,C1500",35
WAAREEENER,2026-10-01,2340.0,2374.4,3865.0,2364.9,-1.05,-39.46,-1.45,-6.85,"C1289,C1335,C1338,C1387,C1440,C1545,C1546,C1549,C1550,C1553,C1599,C1600,C1603,C1604,C1607,C1688,C1689,C1692,C1693,C1696,C1781,C1782,C1785,C1786,C1789,C1875,C1878,C1879,C1882,C1915,C1916,C1919,C1920,C1923,C1924",35
ABREL,2026-10-01,1100.5,1130.7,2552.0,1122.1,-1.92,-56.88,-2.67,-8.78,"C1285,C1286,C1333,C1334,C1335,C1383,C1384,C1436,C1437,C1495,C1496,C1543,C1544,C1545,C1546,C1597,C1598,C1599,C1600,C1686,C1687,C1688,C1689,C1779,C1780,C1781,C1782,C1873,C1874,C1875,C1913,C1914,C1915,C1916",34
BLUESTARCO,2026-10-01,1459.6,1518.0,2417.0,1502.1,-2.83,-39.61,-3.85,-4.76,"C1274,C1275,C1278,C1279,C1282,C1284,C1289,C1322,C1323,C1326,C1327,C1330,C1332,C1335,C1338,C1372,C1373,C1376,C1377,C1380,C1382,C1387,C1425,C1426,C1429,C1430,C1433,C1435,C1440,C1485,C1486,C1489,C1490,C1493",34
MODINATUR,2026-10-01,324.45,336.0,524.8,331.3,-2.07,-38.18,-3.44,-8.0,"C1274,C1275,C1278,C1279,C1282,C1284,C1289,C1322,C1323,C1326,C1327,C1330,C1332,C1335,C1338,C1372,C1373,C1376,C1377,C1380,C1382,C1387,C1425,C1426,C1429,C1430,C1433,C1435,C1440,C1485,C1486,C1489,C1490,C1493",34
SKMEGGPROD,2026-10-01,205.29,211.15,465.0,208.3,-1.45,-55.85,-2.78,-10.65,"C1285,C1286,C1333,C1334,C1335,C1383,C1384,C1436,C1437,C1495,C1496,C1543,C1544,C1545,C1546,C1597,C1598,C1599,C1600,C1686,C1687,C1688,C1689,C1779,C1780,C1781,C1782,C1873,C1874,C1875,C1913,C1914,C1915,C1916",34
SONATSOFTW,2026-10-01,254.05,258.25,634.05,257.0,-1.15,-59.93,-1.63,-9.91,"C1285,C1286,C1333,C1334,C1335,C1383,C1384,C1436,C1437,C1495,C1496,C1543,C1544,C1545,C1546,C1597,C1598,C1599,C1600,C1686,C1687,C1688,C1689,C1779,C1780,C1781,C1782,C1873,C1874,C1875,C1913,C1914,C1915,C1916",34
SPANDANA,2026-10-01,216.34,220.76,519.65,219.01,-1.22,-58.37,-2.0,-6.82,"C1285,C1286,C1333,C1334,C1335,C1383,C1384,C1436,C1437,C1495,C1496,C1543,C1544,C1545,C1546,C1597,C1598,C1599,C1600,C1686,C1687,C1688,C1689,C1779,C1780,C1781,C1782,C1873,C1874,C1875,C1913,C1914,C1915,C1916",34
WSI,2026-10-01,53.2,54.04,123.01,53.98,-1.44,-56.75,-1.55,-8.48,"C1285,C1286,C1333,C1334,C1335,C1383,C1384,C1436,C1437,C1495,C1496,C1543,C1544,C1545,C1546,C1597,C1598,C1599,C1600,C1686,C1687,C1688,C1689,C1779,C1780,C1781,C1782,C1873,C1874,C1875,C1913,C1914,C1915,C1916",34
AIRAN,2026-10-01,15.6,16.18,37.3,16.0,-2.5,-58.18,-3.58,-7.03,"C1272,C1273,C1274,C1275,C1285,C1286,C1320,C1321,C1322,C1323,C1333,C1334,C1335,C1370,C1371,C1372,C1373,C1383,C1384,C1423,C1424,C1425,C1426,C1436,C1437,C1483,C1484,C1485,C1486,C1495,C1496",31
21STCENMGM,2026-10-01,38.0,38.67,80.7,38.59,-1.53,-52.91,-1.73,-4.81,"C1285,C1286,C1287,C1288,C1289,C1333,C1334,C1335,C1336,C1337,C1338,C1383,C1384,C1385,C1386,C1387,C1436,C1437,C1438,C1439,C1440,C1495,C1496,C1497,C1498",25
CROWN,2026-10-01,111.53,115.27,231.99,113.6,-1.82,-51.92,-3.24,-8.98,"C1285,C1286,C1287,C1288,C1289,C1333,C1334,C1335,C1336,C1337,C1338,C1383,C1384,C1385,C1386,C1387,C1436,C1437,C1438,C1439,C1440,C1495,C1496,C1497,C1498",25
DCW,2026-10-01,44.62,45.62,92.89,45.31,-1.52,-51.96,-2.19,-10.8,"C1285,C1286,C1287,C1288,C1289,C1333,C1334,C1335,C1336,C1337,C1338,C1383,C1384,C1385,C1386,C1387,C1436,C1437,C1438,C1439,C1440,C1495,C1496,C1497,C1498",25
GANECOS,2026-10-01,976.2,1000.6,2050.9,993.3,-1.72,-52.4,-2.44,-5.83,"C1285,C1286,C1287,C1288,C1289,C1333,C1334,C1335,C1336,C1337,C1338,C1383,C1384,C1385,C1386,C1387,C1436,C1437,C1438,C1439,C1440,C1495,C1496,C1497,C1498",25
PATELENG,2026-10-01,25.92,26.45,53.7,26.21,-1.11,-51.73,-2.0,-4.95,"C1285,C1286,C1287,C1288,C1289,C1333,C1334,C1335,C1336,C1337,C1338,C1383,C1384,C1385,C1386,C1387,C1436,C1437,C1438,C1439,C1440,C1495,C1496,C1497,C1498",25
SHALBY,2026-10-01,133.55,138.65,274.7,135.0,-1.07,-51.38,-3.68,-8.32,"C1285,C1286,C1287,C1288,C1289,C1333,C1334,C1335,C1336,C1337,C1338,C1383,C1384,C1385,C1386,C1387,C1436,C1437,C1438,C1439,C1440,C1495,C1496,C1497,C1498",25
TRIVENI,2026-10-01,230.92,235.7,471.9,235.0,-1.74,-51.07,-2.03,-4.72,"C1285,C1286,C1287,C1288,C1289,C1333,C1334,C1335,C1336,C1337,C1338,C1383,C1384,C1385,C1386,C1387,C1436,C1437,C1438,C1439,C1440,C1495,C1496,C1497,C1498",25
ZODIACLOTH,2026-10-01,66.71,69.03,137.0,68.01,-1.91,-51.31,-3.36,-4.3,"C1285,C1286,C1287,C1288,C1289,C1333,C1334,C1335,C1336,C1337,C1338,C1383,C1384,C1385,C1386,C1387,C1436,C1437,C1438,C1439,C1440,C1495,C1496,C1497,C1498",25
DIXON,2026-10-01,12700.0,13100.0,18700.0,13055.0,-2.72,-32.09,-3.05,-3.79,"C1275,C1279,C1323,C1327,C1373,C1377,C1426,C1430,C1486,C1490,C1546,C1550,C1600,C1604,C1689,C1693,C1782,C1786,C1879,C1916,C1920,C1924",22
PPLPHARMA,2026-10-01,197.97,206.52,267.65,205.21,-3.53,-26.03,-4.14,-6.06,"C1258,C1263,C1268,C1271,C1305,C1310,C1315,C1318,C1355,C1360,C1365,C1368,C1407,C1412,C1417,C1420,C1422,C1466,C1471,C1476,C1480,C1482",22
JSLL,2026-10-01,480.8,500.8,849.5,486.6,-1.19,-43.4,-3.99,-8.3,"C1286,C1288,C1289,C1291,C1334,C1335,C1337,C1338,C1340,C1384,C1386,C1387,C1389,C1437,C1439,C1440,C1442,C1496,C1498,C1500",20
KOTHARIPRO,2026-10-01,63.77,65.35,109.0,64.6,-1.28,-41.5,-2.42,-8.43,"C1286,C1288,C1289,C1291,C1334,C1335,C1337,C1338,C1340,C1384,C1386,C1387,C1389,C1437,C1439,C1440,C1442,C1496,C1498,C1500",20
REGAAL,2026-10-01,85.99,88.08,145.7,87.5,-1.73,-40.98,-2.37,-9.06,"C1286,C1288,C1289,C1291,C1334,C1335,C1337,C1338,C1340,C1384,C1386,C1387,C1389,C1437,C1439,C1440,C1442,C1496,C1498,C1500",20
RMC,2026-10-01,202.57,209.58,363.0,206.02,-1.67,-44.2,-3.34,-8.73,"C1286,C1288,C1289,C1291,C1334,C1335,C1337,C1338,C1340,C1384,C1386,C1387,C1389,C1437,C1439,C1440,C1442,C1496,C1498,C1500",20
GIPCL,2026-10-01,174.83,179.68,245.2,178.5,-2.06,-28.7,-2.7,-8.77,"C1531,C1536,C1585,C1590,C1673,C1678,C1683,C1766,C1771,C1776,C1860,C1865,C1870,C1904,C1907,C1910",16
M&M,2026-10-01,2860.0,2950.0,3839.9,2925.0,-2.22,-25.52,-3.05,-5.77,"C1531,C1536,C1585,C1590,C1673,C1678,C1683,C1766,C1771,C1776,C1860,C1865,C1870,C1904,C1907,C1910",16
POLYPLEX,2026-10-01,1028.0,1055.0,1410.95,1050.0,-2.1,-27.14,-2.56,-7.98,"C1531,C1536,C1585,C1590,C1673,C1678,C1683,C1766,C1771,C1776,C1860,C1865,C1870,C1904,C1907,C1910",16
PSPPROJECT,2026-10-01,747.1,767.0,1029.9,763.95,-2.21,-27.46,-2.59,-10.26,"C1531,C1536,C1585,C1590,C1673,C1678,C1683,C1766,C1771,C1776,C1860,C1865,C1870,C1904,C1907,C1910",16
SUPERHOUSE,2026-10-01,154.66,160.05,211.97,159.0,-2.73,-27.04,-3.37,-8.2,"C1531,C1536,C1585,C1590,C1673,C1678,C1683,C1766,C1771,C1776,C1860,C1865,C1870,C1904,C1907,C1910",16
ADVENZYMES,2026-10-01,274.25,281.6,419.0,279.75,-1.97,-34.55,-2.61,-7.66,"C1546,C1550,C1600,C1604,C1689,C1693,C1782,C1786,C1879,C1916,C1920,C1924",12
ALPINETEX,2026-10-01,46.63,47.8,71.14,47.22,-1.25,-34.45,-2.45,-11.08,"C1546,C1550,C1600,C1604,C1689,C1693,C1782,C1786,C1879,C1916,C1920,C1924",12
ARVINDFASN,2026-10-01,379.7,387.45,579.0,386.0,-1.63,-34.42,-2.0,-10.75,"C1546,C1550,C1600,C1604,C1689,C1693,C1782,C1786,C1879,C1916,C1920,C1924",12
BHARTIHEXA,2026-10-01,1379.2,1424.5,2052.9,1398.0,-1.34,-32.82,-3.18,-9.57,"C1546,C1550,C1600,C1604,C1689,C1693,C1782,C1786,C1879,C1916,C1920,C1924",12
CANTABIL,2026-10-01,224.66,231.22,334.0,228.21,-1.56,-32.74,-2.84,-5.82,"C1546,C1550,C1600,C1604,C1689,C1693,C1782,C1786,C1879,C1916,C1920,C1924",12
CDSL,2026-10-01,1242.5,1264.0,1828.9,1261.3,-1.49,-32.06,-1.7,-8.04,"C1546,C1550,C1600,C1604,C1689,C1693,C1782,C1786,C1879,C1916,C1920,C1924",12
DREDGECORP,2026-10-01,895.2,920.2,1286.0,912.0,-1.84,-30.39,-2.72,-12.02,"C1546,C1550,C1600,C1604,C1689,C1693,C1782,C1786,C1879,C1916,C1920,C1924",12
FRACTAL,2026-10-01,727.35,740.2,1118.0,735.0,-1.04,-34.94,-1.74,-4.5,"C1546,C1550,C1600,C1604,C1689,C1693,C1782,C1786,C1879,C1916,C1920,C1924",12
GSPCROP,2026-10-01,454.35,467.15,667.95,462.55,-1.77,-31.98,-2.74,-7.06,"C1546,C1550,C1600,C1604,C1689,C1693,C1782,C1786,C1879,C1916,C1920,C1924",12
HINDUNILVR,2026-10-01,1836.0,1879.1,2750.0,1863.8,-1.49,-33.24,-2.29,-5.85,"C1546,C1550,C1600,C1604,C1689,C1693,C1782,C1786,C1879,C1916,C1920,C1924",12
ORICONENT,2026-10-01,49.98,51.34,73.12,50.59,-1.21,-31.65,-2.65,-7.17,"C1546,C1550,C1600,C1604,C1689,C1693,C1782,C1786,C1879,C1916,C1920,C1924",12
AFCONS,2026-10-01,242.39,247.8,570.0,244.9,-1.02,-57.48,-2.18,-6.16,"C1285,C1286,C1333,C1334,C1335,C1383,C1384,C1436,C1437,C1495,C1496",11
ASHIMASYN,2026-10-01,15.31,15.98,35.34,15.55,-1.54,-56.68,-4.19,-3.16,"C1285,C1286,C1333,C1334,C1335,C1383,C1384,C1436,C1437,C1495,C1496",11
NILAINFRA,2026-10-01,6.57,6.71,15.49,6.66,-1.35,-57.59,-2.09,-3.67,"C1285,C1286,C1333,C1334,C1335,C1383,C1384,C1436,C1437,C1495,C1496",11
PIONEEREMB,2026-10-01,20.07,20.59,48.49,20.3,-1.13,-58.61,-2.53,-9.76,"C1285,C1286,C1333,C1334,C1335,C1383,C1384,C1436,C1437,C1495,C1496",11
SHIVALIK,2026-10-01,394.05,403.45,879.05,400.0,-1.49,-55.17,-2.33,-8.71,"C1285,C1286,C1333,C1334,C1335,C1383,C1384,C1436,C1437,C1495,C1496",11
TRIGYN,2026-10-01,51.8,53.1,122.4,52.34,-1.03,-57.68,-2.45,-7.73,"C1285,C1286,C1333,C1334,C1335,C1383,C1384,C1436,C1437,C1495,C1496",11
GSFC,2026-10-01,146.9,150.79,220.59,150.25,-2.23,-33.41,-2.58,-5.43,"C1275,C1279,C1323,C1327,C1373,C1377,C1426,C1430,C1486,C1490",10
PCBL,2026-10-01,321.5,331.1,471.3,328.55,-2.15,-31.78,-2.9,-6.93,"C1275,C1279,C1323,C1327,C1373,C1377,C1426,C1430,C1486,C1490",10
SRHHYPOLTD,2026-10-01,543.6,563.9,808.05,560.1,-2.95,-32.73,-3.6,-7.47,"C1275,C1279,C1323,C1327,C1373,C1377,C1426,C1430,C1486,C1490",10
BAJAJHIND,2026-10-01,19.19,19.54,31.71,19.41,-1.13,-39.48,-1.79,-6.48,"C1289,C1335,C1338,C1387,C1440",5
BANSWRAS,2026-10-01,105.1,108.61,165.49,106.21,-1.05,-36.49,-3.23,-5.55,"C1289,C1335,C1338,C1387,C1440",5
KERNEX,2026-10-01,1643.5,1686.0,2580.0,1671.0,-1.65,-36.3,-2.52,-5.05,"C1289,C1335,C1338,C1387,C1440",5
WALCHANNAG,2026-10-01,196.08,200.24,310.95,198.95,-1.44,-36.94,-2.08,-7.78,"C1289,C1335,C1338,C1387,C1440",5
ZENTEC,2026-10-01,1576.1,1605.2,2588.0,1601.0,-1.56,-39.1,-1.81,-5.75,"C1289,C1335,C1338,C1387,C1440",5
