SYMBOL,SIGNAL_DATE,SIGNAL_CLOSE,PREV_CLOSE,ATH_PRICE,MIN_5D_LOW,PCT_FROM_LOW,PCT_FROM_ATH,PCT_1D_CHANGE,CHG_5D,CONFIGS_MATCHED,CONFIG_COUNT
BORORENEW,2026-09-15,461.3,495.65,721.0,494.0,-6.62,-36.02,-6.93,-10.19,"C3,C10,C20,C21,C23,C25,C26,C28,C29,C30,C33,C42,C43,C44,C46,C47,C49,C50,C51,C54,C62,C63,C64,C65,C66,C67,C69,C70,C71,C72,C75,C98,C105,C112,C114,C115,C120,C121,C123,C124,C126,C127,C129,C130,C131,C133,C135,C136,C138,C139,C141,C142,C144,C146,C148,C150,C151,C153,C154,C156,C157,C159,C160,C162,C163,C164,C165,C167,C168,C170,C171,C173,C174,C176,C177,C179,C180,C182,C184,C185,C187,C189,C190,C191,C192,C194,C195,C196,C197,C198,C200,C202,C203,C204,C205,C207,C208,C209,C210,C211,C212,C213,C225,C226,C227,C228,C230,C232,C233,C235,C236,C239,C240,C243,C244,C247,C248,C249,C250,C251,C254,C255,C258,C260,C263,C266,C269,C271,C272,C282,C283,C286,C287,C290,C291,C292,C293,C294,C297,C298,C301,C302,C305,C307,C310,C313,C316,C317,C326,C327,C330,C331,C334,C335,C336,C337,C340,C341,C344,C345,C348,C350,C353,C356,C359,C361,C362,C372,C373,C374,C377,C379,C380,C381,C382,C383,C384,C385,C388,C389,C390,C393,C394,C397,C398,C400,C401,C404,C407,C410,C412,C413,C422,C423,C424,C427,C428,C429,C432,C433,C434,C435,C436,C437,C438,C441,C442,C443,C446,C447,C450,C452,C453,C456,C459,C461,C462,C471,C472,C475,C476,C479,C480,C482,C485,C486,C489,C490,C493,C495,C498,C501,C504,C505,C506,C513,C514,C517,C518,C521,C522,C524,C527,C528,C531,C534,C536,C539,C542,C545,C546,C547,C554,C555,C556,C559,C560,C561,C564,C565,C566,C567,C570,C571,C572,C573,C575,C578,C581,C584,C585,C586,C594,C595,C596,C599,C600,C601,C604,C605,C606,C607,C608,C609,C610,C611,C614,C615,C616,C619,C620,C623,C625,C626,C629,C632,C635,C636,C642,C643,C644,C646,C647,C648,C651,C652,C653,C655,C656,C657,C658,C659,C660,C663,C664,C665,C668,C669,C670,C673,C675,C676,C679,C682,C685,C686,C687,C694,C695,C698,C699,C702,C703,C705,C708,C709,C712,C713,C716,C718,C719,C722,C725,C727,C728,C729,C738,C739,C742,C743,C746,C748,C751,C752,C755,C756,C759,C761,C764,C765,C766,C774,C775,C776,C779,C780,C781,C784,C785,C787,C788,C791,C792,C793,C796,C797,C800,C801,C803,C806,C809,C811,C812,C813,C822,C823,C824,C827,C828,C829,C831,C832,C833,C834,C837,C838,C839,C842,C843,C846,C847,C849,C850,C853,C856,C857,C858,C859,C867,C868,C869,C872,C873,C874,C877,C878,C879,C881,C882,C883,C884,C885,C888,C889,C890,C893,C894,C895,C898,C899,C902,C905,C906,C907,C908,C916,C917,C918,C921,C922,C925,C926,C928,C929,C932,C933,C934,C937,C938,C941,C942,C944,C947,C950,C953,C954,C955,C958,C964,C965,C966,C969,C970,C973,C974,C976,C977,C980,C981,C982,C985,C986,C989,C990,C992,C995,C998,C1001,C1002,C1003,C1012,C1013,C1014,C1017,C1018,C1019,C1022,C1023,C1024,C1026,C1027,C1028,C1029,C1030,C1031,C1034,C1035,C1037,C1040,C1043,C1046,C1047,C1048,C1057,C1058,C1059,C1062,C1063,C1064,C1067,C1068,C1069,C1071,C1072,C1073,C1074,C1075,C1078,C1079,C1080,C1083,C1084,C1085,C1088,C1089,C1091,C1092,C1093,C1096,C1099,C1102,C1110,C1111,C1112,C1113,C1114,C1116,C1117,C1119,C1120,C1121,C1122,C1123,C1124,C1125,C1126,C1128,C1129,C1130,C1133,C1134,C1135,C1136,C1137,C1138,C1141,C1144,C1147,C1149,C1150,C1154,C1157,C1158,C1160,C1161,C1162,C1163,C1164,C1165,C1166,C1167,C1168,C1169,C1170,C1171,C1172,C1173,C1174,C1175,C1176,C1178,C1179,C1180,C1181,C1182,C1183,C1184,C1185,C1186,C1188,C1191,C1194,C1196,C1198,C1199,C1207,C1210,C1214,C1219,C1221,C1224,C1225,C1226,C1229,C1230,C1231,C1233,C1234,C1239,C1240,C1243,C1244,C1245,C1247,C1248,C1249,C1250,C1251,C1252,C1253,C1254,C1256,C1257,C1258,C1261,C1262,C1263,C1266,C1267,C1268,C1270,C1271,C1274,C1275,C1278,C1279,C1282,C1284,C1289,C1292,C1294,C1296,C1297,C1298,C1299,C1301,C1302,C1304,C1305,C1308,C1309,C1310,C1313,C1314,C1315,C1317,C1318,C1319,C1322,C1323,C1326,C1327,C1330,C1332,C1335,C1338,C1341,C1343,C1345,C1346,C1347,C1348,C1349,C1351,C1352,C1354,C1355,C1358,C1359,C1360,C1363,C1364,C1365,C1367,C1368,C1369,C1372,C1373,C1376,C1377,C1380,C1382,C1387,C1390,C1392,C1394,C1395,C1396,C1397,C1399,C1402,C1403,C1404,C1406,C1407,C1410,C1411,C1412,C1415,C1416,C1417,C1419,C1420,C1421,C1422,C1425,C1426,C1429,C1430,C1433,C1435,C1440,C1502,C1504,C1506,C1508,C1510,C1512,C1513,C1514,C1516,C1517,C1519,C1520,C1522,C1523,C1524,C1525,C1526,C1529,C1530,C1531,C1534,C1535,C1536,C1539,C1540,C1542,C1545,C1546,C1549,C1550,C1553,C1555,C1557,C1559,C1561,C1563,C1565,C1566,C1567,C1569,C1570,C1573,C1574,C1576,C1577,C1578,C1579,C1580,C1583,C1584,C1585,C1588,C1589,C1590,C1593,C1594,C1596,C1599,C1600,C1603,C1604,C1607,C1609,C1610,C1611,C1614,C1615,C1616,C1619,C1620,C1621,C1623,C1624,C1625,C1626,C1629,C1630,C1631,C1634,C1635,C1636,C1639,C1640,C1641,C1643,C1644,C1645,C1646,C1649,C1650,C1651,C1654,C1655,C1656,C1659,C1660,C1661,C1663,C1664,C1665,C1666,C1667,C1668,C1671,C1672,C1673,C1676,C1677,C1678,C1681,C1682,C1683,C1685,C1688,C1689,C1692,C1693,C1696,C1699,C1700,C1701,C1704,C1705,C1706,C1709,C1710,C1711,C1713,C1714,C1715,C1716,C1717,C1718,C1721,C1722,C1723,C1726,C1727,C1728,C1731,C1732,C1733,C1735,C1736,C1737,C1738,C1739,C1742,C1743,C1744,C1747,C1748,C1749,C1752,C1753,C1754,C1756,C1757,C1758,C1759,C1760,C1761,C1764,C1765,C1766,C1769,C1770,C1771,C1774,C1775,C1776,C1778,C1781,C1782,C1785,C1786,C1789,C1792,C1793,C1794,C1797,C1798,C1799,C1802,C1803,C1804,C1806,C1807,C1808,C1809,C1810,C1811,C1814,C1815,C1816,C1819,C1820,C1821,C1824,C1825,C1826,C1828,C1829,C1830,C1831,C1832,C1833,C1836,C1837,C1838,C1841,C1842,C1843,C1846,C1847,C1848,C1850,C1851,C1852,C1853,C1854,C1855,C1858,C1859,C1860,C1863,C1864,C1865,C1868,C1869,C1870,C1872,C1875,C1878,C1879,C1882,C1883,C1884,C1885,C1886,C1887,C1888,C1889,C1890,C1891,C1892,C1893,C1894,C1895,C1896,C1897,C1898,C1899,C1900,C1901,C1902,C1903,C1904,C1905,C1906,C1907,C1908,C1909,C1910,C1911,C1912,C1915,C1916,C1919,C1920,C1923,C1924",994
RMC,2026-09-15,201.09,211.68,363.0,210.31,-4.38,-44.6,-5.0,-13.81,"C9,C10,C12,C32,C33,C35,C53,C54,C74,C75,C92,C93,C98,C132,C133,C134,C135,C136,C137,C138,C139,C140,C141,C143,C144,C145,C146,C147,C148,C149,C150,C166,C167,C168,C169,C170,C171,C172,C173,C174,C175,C176,C178,C179,C180,C181,C182,C183,C184,C187,C188,C189,C190,C191,C192,C193,C194,C195,C200,C201,C202,C203,C204,C205,C206,C207,C208,C211,C212,C214,C215,C216,C217,C218,C219,C220,C221,C227,C228,C229,C230,C231,C234,C235,C236,C251,C253,C254,C255,C257,C258,C259,C260,C262,C263,C265,C266,C268,C269,C270,C271,C274,C276,C278,C279,C296,C297,C298,C300,C301,C302,C304,C305,C306,C307,C309,C310,C312,C313,C315,C316,C319,C321,C323,C339,C340,C341,C343,C344,C345,C347,C348,C349,C350,C352,C353,C355,C356,C358,C359,C360,C361,C364,C366,C368,C369,C387,C388,C389,C390,C392,C393,C394,C396,C397,C398,C399,C400,C403,C404,C406,C407,C409,C410,C411,C412,C415,C417,C419,C440,C441,C442,C443,C445,C446,C447,C449,C450,C451,C452,C455,C456,C458,C459,C460,C461,C464,C466,C468,C484,C485,C486,C488,C489,C490,C492,C493,C494,C495,C497,C498,C500,C501,C503,C504,C505,C508,C510,C526,C527,C528,C530,C531,C533,C534,C535,C536,C538,C539,C541,C542,C544,C545,C546,C549,C551,C569,C570,C571,C572,C573,C574,C575,C577,C578,C580,C581,C583,C584,C585,C588,C590,C591,C613,C614,C615,C616,C618,C619,C620,C622,C623,C624,C625,C628,C629,C631,C632,C634,C635,C636,C639,C662,C663,C664,C665,C667,C668,C669,C670,C672,C673,C674,C675,C678,C679,C681,C682,C684,C685,C686,C689,C691,C707,C708,C709,C711,C712,C713,C715,C716,C717,C718,C721,C722,C724,C725,C727,C728,C731,C733,C734,C735,C750,C751,C752,C754,C755,C756,C758,C759,C760,C761,C763,C764,C765,C768,C770,C771,C790,C791,C792,C793,C795,C796,C797,C799,C800,C801,C802,C803,C805,C806,C808,C809,C811,C812,C815,C817,C818,C819,C836,C837,C838,C839,C841,C842,C843,C845,C846,C847,C848,C849,C852,C853,C855,C856,C857,C858,C861,C863,C864,C887,C888,C889,C890,C892,C893,C894,C895,C897,C898,C899,C901,C902,C904,C905,C906,C907,C910,C912,C913,C1157,C1158,C1159,C1160,C1161,C1162,C1163,C1164,C1165,C1175,C1176,C1177,C1178,C1182,C1183,C1184,C1189,C1193,C1194,C1195,C1196,C1197,C1201,C1202,C1203,C1204,C1205,C1206,C1207,C1209,C1210,C1212,C1213,C1215,C1216,C1218,C1219,C1221,C1222,C1228,C1230,C1231,C1232,C1233,C1235,C1250,C1251,C1252,C1253,C1254,C1255,C1256,C1257,C1258,C1260,C1261,C1262,C1263,C1265,C1266,C1267,C1268,C1269,C1270,C1271,C1273,C1274,C1275,C1277,C1278,C1279,C1281,C1282,C1283,C1284,C1286,C1288,C1289,C1291,C1298,C1299,C1301,C1302,C1303,C1304,C1305,C1307,C1308,C1309,C1310,C1312,C1313,C1314,C1315,C1316,C1317,C1318,C1321,C1322,C1323,C1325,C1326,C1327,C1329,C1330,C1331,C1332,C1334,C1335,C1337,C1338,C1340,C1348,C1349,C1351,C1352,C1353,C1354,C1355,C1357,C1358,C1359,C1360,C1362,C1363,C1364,C1365,C1366,C1367,C1368,C1371,C1372,C1373,C1375,C1376,C1377,C1379,C1380,C1381,C1382,C1384,C1386,C1387,C1389,C1397,C1399,C1401,C1402,C1403,C1405,C1406,C1407,C1409,C1410,C1411,C1412,C1414,C1415,C1416,C1417,C1418,C1419,C1420,C1424,C1425,C1426,C1428,C1429,C1430,C1432,C1433,C1434,C1435,C1437,C1439,C1440,C1442,C1454,C1456,C1458,C1459,C1460,C1461,C1463,C1464,C1465,C1466,C1468,C1469,C1470,C1471,C1473,C1474,C1475,C1476,C1477,C1478,C1479,C1480,C1484,C1485,C1486,C1488,C1489,C1490,C1492,C1493,C1494,C1496,C1498,C1500,C1508,C1510,C1512,C1513,C1514,C1516,C1517,C1519,C1520,C1522,C1523,C1524,C1525,C1528,C1529,C1530,C1531,C1533,C1534,C1535,C1536,C1538,C1539,C1540,C1541,C1542,C1544,C1545,C1546,C1548,C1549,C1550,C1552,C1553,C1561,C1563,C1565,C1566,C1567,C1569,C1570,C1572,C1573,C1574,C1576,C1577,C1578,C1579,C1582,C1583,C1584,C1585,C1587,C1588,C1589,C1590,C1592,C1593,C1594,C1595,C1596,C1598,C1599,C1600,C1602,C1603,C1604,C1606,C1607,C1628,C1629,C1630,C1631,C1633,C1634,C1635,C1636,C1638,C1639,C1640,C1641,C1642,C1643,C1644,C1645,C1648,C1649,C1650,C1651,C1653,C1654,C1655,C1656,C1658,C1659,C1660,C1661,C1662,C1663,C1664,C1665,C1670,C1671,C1672,C1673,C1675,C1676,C1677,C1678,C1680,C1681,C1682,C1683,C1684,C1685,C1687,C1688,C1689,C1691,C1692,C1693,C1695,C1696,C1720,C1721,C1722,C1723,C1725,C1726,C1727,C1728,C1730,C1731,C1732,C1733,C1734,C1735,C1736,C1737,C1741,C1742,C1743,C1744,C1746,C1747,C1748,C1749,C1751,C1752,C1753,C1754,C1755,C1756,C1757,C1758,C1763,C1764,C1765,C1766,C1768,C1769,C1770,C1771,C1773,C1774,C1775,C1776,C1777,C1778,C1780,C1781,C1782,C1784,C1785,C1786,C1788,C1789,C1813,C1814,C1815,C1816,C1818,C1819,C1820,C1821,C1823,C1824,C1825,C1826,C1827,C1828,C1829,C1830,C1835,C1836,C1837,C1838,C1840,C1841,C1842,C1843,C1845,C1846,C1847,C1848,C1849,C1850,C1851,C1852,C1857,C1858,C1859,C1860,C1862,C1863,C1864,C1865,C1867,C1868,C1869,C1870,C1871,C1872,C1874,C1875,C1877,C1878,C1879,C1881,C1882,C1886,C1887,C1888,C1889,C1890,C1891,C1893,C1894,C1895,C1896,C1897,C1898,C1899,C1900,C1902,C1903,C1904,C1905,C1906,C1907,C1908,C1909,C1910,C1911,C1912,C1914,C1915,C1916,C1918,C1919,C1920,C1922,C1923,C1924,C1925",858
SHRIKRISH,2026-09-15,34.22,37.0,56.0,36.0,-4.94,-38.89,-7.51,-12.75,"C10,C33,C54,C75,C93,C98,C133,C135,C136,C138,C139,C141,C142,C144,C146,C148,C150,C151,C167,C168,C170,C171,C173,C174,C176,C177,C179,C180,C182,C184,C185,C187,C189,C190,C191,C192,C194,C195,C196,C197,C198,C200,C202,C203,C204,C205,C207,C208,C209,C210,C211,C212,C213,C214,C216,C217,C218,C220,C221,C222,C223,C224,C226,C227,C228,C230,C232,C235,C236,C251,C254,C255,C258,C260,C263,C266,C269,C271,C272,C297,C298,C301,C302,C305,C307,C310,C313,C316,C317,C340,C341,C344,C345,C348,C350,C353,C356,C359,C361,C362,C388,C389,C390,C393,C394,C397,C398,C400,C401,C404,C407,C410,C412,C413,C441,C442,C443,C446,C447,C450,C452,C453,C456,C459,C461,C462,C485,C486,C489,C490,C493,C495,C498,C501,C504,C505,C506,C527,C528,C531,C534,C536,C539,C542,C545,C546,C547,C570,C571,C572,C573,C575,C578,C581,C584,C585,C586,C614,C615,C616,C619,C620,C623,C625,C626,C629,C632,C635,C636,C663,C664,C665,C668,C669,C670,C673,C675,C676,C679,C682,C685,C686,C687,C708,C709,C712,C713,C716,C718,C719,C722,C725,C727,C728,C729,C751,C752,C755,C756,C759,C761,C764,C765,C766,C791,C792,C793,C796,C797,C800,C801,C803,C806,C809,C811,C812,C813,C837,C838,C839,C842,C843,C846,C847,C849,C850,C853,C856,C857,C858,C859,C888,C889,C890,C893,C894,C895,C898,C899,C902,C905,C906,C907,C908,C932,C933,C934,C937,C938,C941,C942,C944,C947,C950,C953,C954,C955,C958,C980,C981,C982,C985,C986,C989,C990,C992,C995,C998,C1001,C1002,C1003,C1028,C1029,C1030,C1031,C1034,C1035,C1037,C1040,C1043,C1046,C1047,C1048,C1078,C1079,C1080,C1083,C1084,C1085,C1088,C1089,C1091,C1092,C1093,C1096,C1099,C1102,C1124,C1125,C1126,C1128,C1129,C1130,C1133,C1134,C1135,C1136,C1137,C1138,C1141,C1144,C1147,C1149,C1150,C1154,C1157,C1158,C1160,C1161,C1162,C1163,C1164,C1165,C1175,C1176,C1178,C1179,C1182,C1183,C1184,C1185,C1186,C1194,C1196,C1207,C1210,C1214,C1219,C1221,C1230,C1231,C1233,C1234,C1239,C1240,C1243,C1244,C1250,C1251,C1252,C1253,C1254,C1256,C1257,C1258,C1261,C1262,C1263,C1266,C1267,C1268,C1270,C1271,C1274,C1275,C1278,C1279,C1282,C1284,C1289,C1298,C1299,C1301,C1302,C1304,C1305,C1308,C1309,C1310,C1313,C1314,C1315,C1317,C1318,C1319,C1322,C1323,C1326,C1327,C1330,C1332,C1335,C1338,C1348,C1349,C1351,C1352,C1354,C1355,C1358,C1359,C1360,C1363,C1364,C1365,C1367,C1368,C1369,C1372,C1373,C1376,C1377,C1380,C1382,C1387,C1397,C1399,C1402,C1403,C1404,C1406,C1407,C1410,C1411,C1412,C1415,C1416,C1417,C1419,C1420,C1421,C1422,C1425,C1426,C1429,C1430,C1433,C1435,C1440,C1454,C1456,C1459,C1460,C1461,C1462,C1464,C1465,C1466,C1469,C1470,C1471,C1474,C1475,C1476,C1478,C1479,C1480,C1481,C1482,C1485,C1486,C1489,C1490,C1493,C1508,C1510,C1512,C1513,C1514,C1516,C1517,C1519,C1520,C1522,C1523,C1524,C1525,C1526,C1529,C1530,C1531,C1534,C1535,C1536,C1539,C1540,C1542,C1545,C1546,C1549,C1550,C1553,C1561,C1563,C1565,C1566,C1567,C1569,C1570,C1573,C1574,C1576,C1577,C1578,C1579,C1580,C1583,C1584,C1585,C1588,C1589,C1590,C1593,C1594,C1596,C1599,C1600,C1603,C1604,C1607,C1629,C1630,C1631,C1634,C1635,C1636,C1639,C1640,C1641,C1643,C1644,C1645,C1646,C1649,C1650,C1651,C1654,C1655,C1656,C1659,C1660,C1661,C1663,C1664,C1665,C1666,C1667,C1668,C1671,C1672,C1673,C1676,C1677,C1678,C1681,C1682,C1683,C1685,C1688,C1689,C1692,C1693,C1696,C1721,C1722,C1723,C1726,C1727,C1728,C1731,C1732,C1733,C1735,C1736,C1737,C1738,C1739,C1742,C1743,C1744,C1747,C1748,C1749,C1752,C1753,C1754,C1756,C1757,C1758,C1759,C1760,C1761,C1764,C1765,C1766,C1769,C1770,C1771,C1774,C1775,C1776,C1778,C1781,C1782,C1785,C1786,C1789,C1814,C1815,C1816,C1819,C1820,C1821,C1824,C1825,C1826,C1828,C1829,C1830,C1831,C1832,C1833,C1836,C1837,C1838,C1841,C1842,C1843,C1846,C1847,C1848,C1850,C1851,C1852,C1853,C1854,C1855,C1858,C1859,C1860,C1863,C1864,C1865,C1868,C1869,C1870,C1872,C1875,C1878,C1879,C1882,C1886,C1887,C1888,C1889,C1890,C1891,C1892,C1893,C1894,C1895,C1896,C1897,C1898,C1899,C1900,C1901,C1902,C1903,C1904,C1905,C1906,C1907,C1908,C1909,C1910,C1911,C1912,C1915,C1916,C1919,C1920,C1923,C1924",684
COCHINSHIP,2026-09-15,1325.0,1381.0,2545.0,1372.0,-3.43,-47.94,-4.06,-12.04,"C14,C36,C56,C76,C94,C143,C144,C145,C146,C147,C148,C178,C179,C180,C181,C182,C211,C235,C261,C262,C263,C264,C265,C266,C267,C268,C269,C273,C274,C275,C276,C277,C278,C308,C309,C310,C311,C312,C313,C314,C315,C316,C318,C319,C320,C321,C322,C323,C351,C352,C353,C354,C355,C356,C357,C358,C359,C363,C364,C365,C366,C367,C368,C402,C403,C404,C405,C406,C407,C408,C409,C410,C414,C415,C416,C417,C418,C419,C454,C455,C456,C457,C458,C459,C463,C464,C465,C466,C467,C468,C496,C497,C498,C499,C500,C501,C502,C503,C504,C507,C508,C509,C510,C537,C538,C539,C540,C541,C542,C543,C544,C545,C548,C549,C550,C551,C576,C577,C578,C579,C580,C581,C582,C583,C584,C587,C588,C589,C590,C591,C627,C628,C629,C630,C631,C632,C633,C634,C635,C637,C638,C639,C677,C678,C679,C680,C681,C682,C683,C684,C685,C688,C689,C690,C691,C720,C721,C722,C723,C724,C725,C726,C727,C730,C731,C732,C733,C734,C762,C763,C764,C767,C768,C769,C770,C771,C804,C805,C806,C807,C808,C809,C810,C811,C814,C815,C816,C817,C818,C851,C852,C853,C854,C855,C856,C857,C860,C861,C862,C863,C864,C900,C901,C902,C903,C904,C905,C906,C909,C910,C911,C912,C913,C945,C946,C947,C948,C949,C950,C951,C952,C953,C956,C957,C958,C959,C960,C993,C994,C995,C996,C997,C998,C999,C1000,C1001,C1004,C1005,C1006,C1007,C1008,C1038,C1039,C1040,C1041,C1042,C1043,C1044,C1045,C1046,C1049,C1050,C1051,C1052,C1053,C1094,C1095,C1096,C1097,C1098,C1099,C1100,C1101,C1102,C1103,C1104,C1105,C1106,C1107,C1139,C1140,C1141,C1142,C1143,C1144,C1145,C1146,C1147,C1151,C1152,C1153,C1154,C1155,C1158,C1159,C1164,C1202,C1204,C1217,C1218,C1219,C1220,C1221,C1236,C1255,C1256,C1257,C1258,C1259,C1260,C1261,C1262,C1263,C1264,C1265,C1266,C1267,C1268,C1272,C1273,C1274,C1275,C1276,C1277,C1278,C1279,C1280,C1281,C1282,C1285,C1286,C1287,C1288,C1289,C1290,C1291,C1303,C1304,C1305,C1306,C1307,C1308,C1309,C1310,C1311,C1312,C1313,C1314,C1315,C1320,C1321,C1322,C1323,C1324,C1325,C1326,C1327,C1328,C1329,C1330,C1333,C1334,C1335,C1336,C1337,C1338,C1339,C1340,C1353,C1354,C1355,C1356,C1357,C1358,C1359,C1360,C1361,C1362,C1363,C1364,C1365,C1370,C1371,C1372,C1373,C1374,C1375,C1376,C1377,C1378,C1379,C1380,C1383,C1384,C1385,C1386,C1387,C1388,C1389,C1405,C1406,C1407,C1408,C1409,C1410,C1411,C1412,C1413,C1414,C1415,C1416,C1417,C1423,C1424,C1425,C1426,C1427,C1428,C1429,C1430,C1431,C1432,C1433,C1436,C1437,C1438,C1439,C1440,C1441,C1442,C1463,C1464,C1465,C1466,C1467,C1468,C1469,C1470,C1471,C1472,C1473,C1474,C1475,C1476,C1483,C1484,C1485,C1486,C1487,C1488,C1489,C1490,C1491,C1492,C1493,C1495,C1496,C1497,C1498,C1499,C1500,C1515,C1516,C1517,C1518,C1519,C1520,C1521,C1522,C1523,C1527,C1528,C1529,C1530,C1531,C1532,C1533,C1534,C1535,C1536,C1537,C1538,C1539,C1540,C1543,C1544,C1545,C1546,C1547,C1548,C1549,C1550,C1551,C1552,C1553,C1568,C1569,C1570,C1571,C1572,C1573,C1574,C1575,C1576,C1577,C1581,C1582,C1583,C1584,C1585,C1586,C1587,C1588,C1589,C1590,C1591,C1592,C1593,C1594,C1597,C1598,C1599,C1600,C1601,C1602,C1603,C1604,C1605,C1606,C1607,C1647,C1648,C1649,C1650,C1651,C1652,C1653,C1654,C1655,C1656,C1657,C1658,C1659,C1660,C1661,C1669,C1670,C1671,C1672,C1673,C1674,C1675,C1676,C1677,C1678,C1679,C1680,C1681,C1682,C1683,C1686,C1687,C1688,C1689,C1690,C1691,C1692,C1693,C1694,C1695,C1696,C1740,C1741,C1742,C1743,C1744,C1745,C1746,C1747,C1748,C1749,C1750,C1751,C1752,C1753,C1754,C1762,C1763,C1764,C1765,C1766,C1767,C1768,C1769,C1770,C1771,C1772,C1773,C1774,C1775,C1776,C1779,C1780,C1781,C1782,C1783,C1784,C1785,C1786,C1787,C1788,C1789,C1834,C1835,C1836,C1837,C1838,C1839,C1840,C1841,C1842,C1843,C1844,C1845,C1846,C1847,C1848,C1856,C1857,C1858,C1859,C1860,C1861,C1862,C1863,C1864,C1865,C1866,C1867,C1868,C1869,C1870,C1873,C1874,C1875,C1876,C1877,C1878,C1879,C1880,C1881,C1882,C1893,C1894,C1895,C1896,C1897,C1898,C1902,C1903,C1904,C1905,C1906,C1907,C1908,C1909,C1910,C1913,C1914,C1915,C1916,C1917,C1918,C1919,C1920,C1921,C1922,C1923,C1924",669
KIOCL,2026-09-15,340.8,355.9,634.55,354.3,-3.81,-46.29,-4.24,-9.48,"C14,C36,C56,C76,C94,C143,C144,C145,C146,C147,C148,C178,C179,C180,C181,C182,C211,C235,C261,C262,C263,C264,C265,C266,C267,C268,C269,C273,C274,C275,C276,C277,C278,C308,C309,C310,C311,C312,C313,C314,C315,C316,C318,C319,C320,C321,C322,C323,C351,C352,C353,C354,C355,C356,C357,C358,C359,C363,C364,C365,C366,C367,C368,C402,C403,C404,C405,C406,C407,C408,C409,C410,C414,C415,C416,C417,C418,C419,C454,C455,C456,C457,C458,C459,C463,C464,C465,C466,C467,C468,C496,C497,C498,C499,C500,C501,C502,C503,C504,C507,C508,C509,C510,C537,C538,C539,C540,C541,C542,C543,C544,C545,C548,C549,C550,C551,C576,C577,C578,C579,C580,C581,C582,C583,C584,C587,C588,C589,C590,C591,C627,C628,C629,C630,C631,C632,C633,C634,C635,C637,C638,C639,C677,C678,C679,C680,C681,C682,C683,C684,C685,C688,C689,C690,C691,C720,C721,C722,C723,C724,C725,C726,C727,C730,C731,C732,C733,C734,C762,C763,C764,C767,C768,C769,C770,C771,C804,C805,C806,C807,C808,C809,C810,C811,C814,C815,C816,C817,C818,C851,C852,C853,C854,C855,C856,C857,C860,C861,C862,C863,C864,C900,C901,C902,C903,C904,C905,C906,C909,C910,C911,C912,C913,C945,C946,C947,C948,C949,C950,C951,C952,C953,C956,C957,C958,C959,C960,C993,C994,C995,C996,C997,C998,C999,C1000,C1001,C1004,C1005,C1006,C1007,C1008,C1038,C1039,C1040,C1041,C1042,C1043,C1044,C1045,C1046,C1049,C1050,C1051,C1052,C1053,C1094,C1095,C1096,C1097,C1098,C1099,C1100,C1101,C1102,C1103,C1104,C1105,C1106,C1107,C1139,C1140,C1141,C1142,C1143,C1144,C1145,C1146,C1147,C1151,C1152,C1153,C1154,C1155,C1158,C1159,C1164,C1202,C1204,C1217,C1218,C1219,C1220,C1221,C1236,C1255,C1256,C1257,C1258,C1259,C1260,C1261,C1262,C1263,C1264,C1265,C1266,C1267,C1268,C1272,C1273,C1274,C1275,C1276,C1277,C1278,C1279,C1280,C1281,C1282,C1285,C1286,C1287,C1288,C1289,C1290,C1291,C1303,C1304,C1305,C1306,C1307,C1308,C1309,C1310,C1311,C1312,C1313,C1314,C1315,C1320,C1321,C1322,C1323,C1324,C1325,C1326,C1327,C1328,C1329,C1330,C1333,C1334,C1335,C1336,C1337,C1338,C1339,C1340,C1353,C1354,C1355,C1356,C1357,C1358,C1359,C1360,C1361,C1362,C1363,C1364,C1365,C1370,C1371,C1372,C1373,C1374,C1375,C1376,C1377,C1378,C1379,C1380,C1383,C1384,C1385,C1386,C1387,C1388,C1389,C1405,C1406,C1407,C1408,C1409,C1410,C1411,C1412,C1413,C1414,C1415,C1416,C1417,C1423,C1424,C1425,C1426,C1427,C1428,C1429,C1430,C1431,C1432,C1433,C1436,C1437,C1438,C1439,C1440,C1441,C1442,C1463,C1464,C1465,C1466,C1467,C1468,C1469,C1470,C1471,C1472,C1473,C1474,C1475,C1476,C1483,C1484,C1485,C1486,C1487,C1488,C1489,C1490,C1491,C1492,C1493,C1495,C1496,C1497,C1498,C1499,C1500,C1515,C1516,C1517,C1518,C1519,C1520,C1521,C1522,C1523,C1527,C1528,C1529,C1530,C1531,C1532,C1533,C1534,C1535,C1536,C1537,C1538,C1539,C1540,C1543,C1544,C1545,C1546,C1547,C1548,C1549,C1550,C1551,C1552,C1553,C1568,C1569,C1570,C1571,C1572,C1573,C1574,C1575,C1576,C1577,C1581,C1582,C1583,C1584,C1585,C1586,C1587,C1588,C1589,C1590,C1591,C1592,C1593,C1594,C1597,C1598,C1599,C1600,C1601,C1602,C1603,C1604,C1605,C1606,C1607,C1647,C1648,C1649,C1650,C1651,C1652,C1653,C1654,C1655,C1656,C1657,C1658,C1659,C1660,C1661,C1669,C1670,C1671,C1672,C1673,C1674,C1675,C1676,C1677,C1678,C1679,C1680,C1681,C1682,C1683,C1686,C1687,C1688,C1689,C1690,C1691,C1692,C1693,C1694,C1695,C1696,C1740,C1741,C1742,C1743,C1744,C1745,C1746,C1747,C1748,C1749,C1750,C1751,C1752,C1753,C1754,C1762,C1763,C1764,C1765,C1766,C1767,C1768,C1769,C1770,C1771,C1772,C1773,C1774,C1775,C1776,C1779,C1780,C1781,C1782,C1783,C1784,C1785,C1786,C1787,C1788,C1789,C1834,C1835,C1836,C1837,C1838,C1839,C1840,C1841,C1842,C1843,C1844,C1845,C1846,C1847,C1848,C1856,C1857,C1858,C1859,C1860,C1861,C1862,C1863,C1864,C1865,C1866,C1867,C1868,C1869,C1870,C1873,C1874,C1875,C1876,C1877,C1878,C1879,C1880,C1881,C1882,C1893,C1894,C1895,C1896,C1897,C1898,C1902,C1903,C1904,C1905,C1906,C1907,C1908,C1909,C1910,C1913,C1914,C1915,C1916,C1917,C1918,C1919,C1920,C1921,C1922,C1923,C1924",669
MIDWESTLTD,2026-09-15,974.3,1016.4,1859.9,1005.5,-3.1,-47.62,-4.14,-8.31,"C14,C36,C56,C76,C94,C143,C144,C145,C146,C147,C148,C178,C179,C180,C181,C182,C211,C235,C261,C262,C263,C264,C265,C266,C267,C268,C269,C273,C274,C275,C276,C277,C278,C308,C309,C310,C311,C312,C313,C314,C315,C316,C318,C319,C320,C321,C322,C323,C351,C352,C353,C354,C355,C356,C357,C358,C359,C363,C364,C365,C366,C367,C368,C402,C403,C404,C405,C406,C407,C408,C409,C410,C414,C415,C416,C417,C418,C419,C454,C455,C456,C457,C458,C459,C463,C464,C465,C466,C467,C468,C496,C497,C498,C499,C500,C501,C502,C503,C504,C507,C508,C509,C510,C537,C538,C539,C540,C541,C542,C543,C544,C545,C548,C549,C550,C551,C576,C577,C578,C579,C580,C581,C582,C583,C584,C587,C588,C589,C590,C591,C627,C628,C629,C630,C631,C632,C633,C634,C635,C637,C638,C639,C677,C678,C679,C680,C681,C682,C683,C684,C685,C688,C689,C690,C691,C720,C721,C722,C723,C724,C725,C726,C727,C730,C731,C732,C733,C734,C762,C763,C764,C767,C768,C769,C770,C771,C804,C805,C806,C807,C808,C809,C810,C811,C814,C815,C816,C817,C818,C851,C852,C853,C854,C855,C856,C857,C860,C861,C862,C863,C864,C900,C901,C902,C903,C904,C905,C906,C909,C910,C911,C912,C913,C945,C946,C947,C948,C949,C950,C951,C952,C953,C956,C957,C958,C959,C960,C993,C994,C995,C996,C997,C998,C999,C1000,C1001,C1004,C1005,C1006,C1007,C1008,C1038,C1039,C1040,C1041,C1042,C1043,C1044,C1045,C1046,C1049,C1050,C1051,C1052,C1053,C1094,C1095,C1096,C1097,C1098,C1099,C1100,C1101,C1102,C1103,C1104,C1105,C1106,C1107,C1139,C1140,C1141,C1142,C1143,C1144,C1145,C1146,C1147,C1151,C1152,C1153,C1154,C1155,C1158,C1159,C1164,C1202,C1204,C1217,C1218,C1219,C1220,C1221,C1236,C1255,C1256,C1257,C1258,C1259,C1260,C1261,C1262,C1263,C1264,C1265,C1266,C1267,C1268,C1272,C1273,C1274,C1275,C1276,C1277,C1278,C1279,C1280,C1281,C1282,C1285,C1286,C1287,C1288,C1289,C1290,C1291,C1303,C1304,C1305,C1306,C1307,C1308,C1309,C1310,C1311,C1312,C1313,C1314,C1315,C1320,C1321,C1322,C1323,C1324,C1325,C1326,C1327,C1328,C1329,C1330,C1333,C1334,C1335,C1336,C1337,C1338,C1339,C1340,C1353,C1354,C1355,C1356,C1357,C1358,C1359,C1360,C1361,C1362,C1363,C1364,C1365,C1370,C1371,C1372,C1373,C1374,C1375,C1376,C1377,C1378,C1379,C1380,C1383,C1384,C1385,C1386,C1387,C1388,C1389,C1405,C1406,C1407,C1408,C1409,C1410,C1411,C1412,C1413,C1414,C1415,C1416,C1417,C1423,C1424,C1425,C1426,C1427,C1428,C1429,C1430,C1431,C1432,C1433,C1436,C1437,C1438,C1439,C1440,C1441,C1442,C1463,C1464,C1465,C1466,C1467,C1468,C1469,C1470,C1471,C1472,C1473,C1474,C1475,C1476,C1483,C1484,C1485,C1486,C1487,C1488,C1489,C1490,C1491,C1492,C1493,C1495,C1496,C1497,C1498,C1499,C1500,C1515,C1516,C1517,C1518,C1519,C1520,C1521,C1522,C1523,C1527,C1528,C1529,C1530,C1531,C1532,C1533,C1534,C1535,C1536,C1537,C1538,C1539,C1540,C1543,C1544,C1545,C1546,C1547,C1548,C1549,C1550,C1551,C1552,C1553,C1568,C1569,C1570,C1571,C1572,C1573,C1574,C1575,C1576,C1577,C1581,C1582,C1583,C1584,C1585,C1586,C1587,C1588,C1589,C1590,C1591,C1592,C1593,C1594,C1597,C1598,C1599,C1600,C1601,C1602,C1603,C1604,C1605,C1606,C1607,C1647,C1648,C1649,C1650,C1651,C1652,C1653,C1654,C1655,C1656,C1657,C1658,C1659,C1660,C1661,C1669,C1670,C1671,C1672,C1673,C1674,C1675,C1676,C1677,C1678,C1679,C1680,C1681,C1682,C1683,C1686,C1687,C1688,C1689,C1690,C1691,C1692,C1693,C1694,C1695,C1696,C1740,C1741,C1742,C1743,C1744,C1745,C1746,C1747,C1748,C1749,C1750,C1751,C1752,C1753,C1754,C1762,C1763,C1764,C1765,C1766,C1767,C1768,C1769,C1770,C1771,C1772,C1773,C1774,C1775,C1776,C1779,C1780,C1781,C1782,C1783,C1784,C1785,C1786,C1787,C1788,C1789,C1834,C1835,C1836,C1837,C1838,C1839,C1840,C1841,C1842,C1843,C1844,C1845,C1846,C1847,C1848,C1856,C1857,C1858,C1859,C1860,C1861,C1862,C1863,C1864,C1865,C1866,C1867,C1868,C1869,C1870,C1873,C1874,C1875,C1876,C1877,C1878,C1879,C1880,C1881,C1882,C1893,C1894,C1895,C1896,C1897,C1898,C1902,C1903,C1904,C1905,C1906,C1907,C1908,C1909,C1910,C1913,C1914,C1915,C1916,C1917,C1918,C1919,C1920,C1921,C1922,C1923,C1924",669
BAJAJHIND,2026-09-15,19.71,20.94,31.71,20.8,-5.24,-37.84,-5.87,-13.44,"C3,C10,C20,C21,C23,C25,C26,C28,C29,C30,C33,C42,C43,C44,C46,C47,C49,C50,C51,C54,C62,C63,C64,C65,C66,C67,C69,C70,C71,C72,C75,C80,C81,C82,C83,C84,C85,C87,C88,C89,C90,C93,C98,C120,C121,C123,C124,C126,C127,C129,C130,C131,C133,C135,C136,C138,C139,C141,C142,C144,C146,C148,C150,C151,C153,C154,C156,C157,C159,C160,C162,C163,C164,C165,C167,C168,C170,C171,C173,C174,C176,C177,C179,C180,C182,C184,C185,C187,C189,C190,C191,C192,C194,C195,C196,C197,C198,C200,C202,C203,C204,C205,C207,C208,C209,C210,C211,C212,C213,C214,C216,C217,C218,C220,C221,C222,C223,C224,C225,C226,C227,C228,C230,C232,C233,C235,C236,C251,C254,C255,C258,C260,C263,C266,C269,C271,C272,C297,C298,C301,C302,C305,C307,C310,C313,C316,C317,C340,C341,C344,C345,C348,C350,C353,C356,C359,C361,C362,C388,C389,C390,C393,C394,C397,C398,C400,C401,C404,C407,C410,C412,C413,C441,C442,C443,C446,C447,C450,C452,C453,C456,C459,C461,C462,C1157,C1158,C1160,C1161,C1162,C1163,C1164,C1165,C1166,C1167,C1168,C1169,C1170,C1171,C1172,C1173,C1174,C1175,C1176,C1178,C1179,C1180,C1181,C1182,C1183,C1184,C1185,C1186,C1188,C1194,C1196,C1245,C1247,C1248,C1249,C1250,C1251,C1252,C1253,C1254,C1256,C1257,C1258,C1261,C1262,C1263,C1266,C1267,C1268,C1270,C1271,C1274,C1275,C1278,C1279,C1282,C1284,C1289,C1292,C1294,C1296,C1297,C1298,C1299,C1301,C1302,C1304,C1305,C1308,C1309,C1310,C1313,C1314,C1315,C1317,C1318,C1319,C1322,C1323,C1326,C1327,C1330,C1332,C1335,C1338,C1341,C1343,C1345,C1346,C1347,C1348,C1349,C1351,C1352,C1354,C1355,C1358,C1359,C1360,C1363,C1364,C1365,C1367,C1368,C1369,C1372,C1373,C1376,C1377,C1380,C1382,C1387,C1390,C1392,C1394,C1395,C1396,C1397,C1399,C1402,C1403,C1404,C1406,C1407,C1410,C1411,C1412,C1415,C1416,C1417,C1419,C1420,C1421,C1422,C1425,C1426,C1429,C1430,C1433,C1435,C1440,C1445,C1448,C1451,C1452,C1453,C1454,C1456,C1459,C1460,C1461,C1462,C1464,C1465,C1466,C1469,C1470,C1471,C1474,C1475,C1476,C1478,C1479,C1480,C1481,C1482,C1485,C1486,C1489,C1490,C1493,C1502,C1504,C1506,C1508,C1510,C1512,C1513,C1514,C1516,C1517,C1519,C1520,C1522,C1523,C1524,C1525,C1526,C1529,C1530,C1531,C1534,C1535,C1536,C1539,C1540,C1542,C1545,C1546,C1549,C1550,C1553,C1555,C1557,C1559,C1561,C1563,C1565,C1566,C1567,C1569,C1570,C1573,C1574,C1576,C1577,C1578,C1579,C1580,C1583,C1584,C1585,C1588,C1589,C1590,C1593,C1594,C1596,C1599,C1600,C1603,C1604,C1607,C1609,C1610,C1611,C1614,C1615,C1616,C1619,C1620,C1621,C1623,C1624,C1625,C1626,C1629,C1630,C1631,C1634,C1635,C1636,C1639,C1640,C1641,C1643,C1644,C1645,C1646,C1649,C1650,C1651,C1654,C1655,C1656,C1659,C1660,C1661,C1663,C1664,C1665,C1666,C1667,C1668,C1671,C1672,C1673,C1676,C1677,C1678,C1681,C1682,C1683,C1685,C1688,C1689,C1692,C1693,C1696,C1699,C1700,C1701,C1704,C1705,C1706,C1709,C1710,C1711,C1713,C1714,C1715,C1716,C1717,C1718,C1721,C1722,C1723,C1726,C1727,C1728,C1731,C1732,C1733,C1735,C1736,C1737,C1738,C1739,C1742,C1743,C1744,C1747,C1748,C1749,C1752,C1753,C1754,C1756,C1757,C1758,C1759,C1760,C1761,C1764,C1765,C1766,C1769,C1770,C1771,C1774,C1775,C1776,C1778,C1781,C1782,C1785,C1786,C1789,C1792,C1793,C1794,C1797,C1798,C1799,C1802,C1803,C1804,C1806,C1807,C1808,C1809,C1810,C1811,C1814,C1815,C1816,C1819,C1820,C1821,C1824,C1825,C1826,C1828,C1829,C1830,C1831,C1832,C1833,C1836,C1837,C1838,C1841,C1842,C1843,C1846,C1847,C1848,C1850,C1851,C1852,C1853,C1854,C1855,C1858,C1859,C1860,C1863,C1864,C1865,C1868,C1869,C1870,C1872,C1875,C1878,C1879,C1882,C1886,C1887,C1888,C1889,C1890,C1891,C1892,C1893,C1894,C1895,C1896,C1897,C1898,C1899,C1900,C1901,C1902,C1903,C1904,C1905,C1906,C1907,C1908,C1909,C1910,C1911,C1912,C1915,C1916,C1919,C1920,C1923,C1924",624
REGAAL,2026-09-15,79.72,83.71,145.7,82.3,-3.13,-45.28,-4.77,-9.57,"C14,C36,C56,C76,C94,C143,C144,C145,C146,C147,C148,C178,C179,C180,C181,C182,C211,C235,C261,C262,C263,C264,C265,C266,C267,C268,C269,C273,C274,C275,C276,C277,C278,C308,C309,C310,C311,C312,C313,C314,C315,C316,C318,C319,C320,C321,C322,C323,C351,C352,C353,C354,C355,C356,C357,C358,C359,C363,C364,C365,C366,C367,C368,C402,C403,C404,C405,C406,C407,C408,C409,C410,C414,C415,C416,C417,C418,C419,C454,C455,C456,C457,C458,C459,C463,C464,C465,C466,C467,C468,C496,C497,C498,C499,C500,C501,C502,C503,C504,C507,C508,C509,C510,C537,C538,C539,C540,C541,C542,C543,C544,C545,C548,C549,C550,C551,C576,C577,C578,C579,C580,C581,C582,C583,C584,C587,C588,C589,C590,C591,C627,C628,C629,C630,C631,C632,C633,C634,C635,C637,C638,C639,C677,C678,C679,C680,C681,C682,C683,C684,C685,C688,C689,C690,C691,C730,C731,C732,C733,C734,C767,C768,C769,C770,C771,C814,C815,C816,C817,C818,C860,C861,C862,C863,C864,C909,C910,C911,C912,C913,C956,C957,C958,C959,C960,C1004,C1005,C1006,C1007,C1008,C1049,C1050,C1051,C1052,C1053,C1103,C1104,C1105,C1106,C1107,C1151,C1152,C1153,C1154,C1155,C1158,C1159,C1164,C1202,C1204,C1236,C1255,C1256,C1257,C1258,C1259,C1260,C1261,C1262,C1263,C1264,C1265,C1266,C1267,C1268,C1272,C1273,C1274,C1275,C1276,C1277,C1278,C1279,C1280,C1281,C1282,C1285,C1286,C1287,C1288,C1289,C1290,C1291,C1303,C1304,C1305,C1306,C1307,C1308,C1309,C1310,C1311,C1312,C1313,C1314,C1315,C1320,C1321,C1322,C1323,C1324,C1325,C1326,C1327,C1328,C1329,C1330,C1333,C1334,C1335,C1336,C1337,C1338,C1339,C1340,C1353,C1354,C1355,C1356,C1357,C1358,C1359,C1360,C1361,C1362,C1363,C1364,C1365,C1370,C1371,C1372,C1373,C1374,C1375,C1376,C1377,C1378,C1379,C1380,C1383,C1384,C1385,C1386,C1387,C1388,C1389,C1405,C1406,C1407,C1408,C1409,C1410,C1411,C1412,C1413,C1414,C1415,C1416,C1417,C1423,C1424,C1425,C1426,C1427,C1428,C1429,C1430,C1431,C1432,C1433,C1436,C1437,C1438,C1439,C1440,C1441,C1442,C1463,C1464,C1465,C1466,C1467,C1468,C1469,C1470,C1471,C1472,C1473,C1474,C1475,C1476,C1483,C1484,C1485,C1486,C1487,C1488,C1489,C1490,C1491,C1492,C1493,C1495,C1496,C1497,C1498,C1499,C1500,C1515,C1516,C1517,C1518,C1519,C1520,C1521,C1522,C1523,C1527,C1528,C1529,C1530,C1531,C1532,C1533,C1534,C1535,C1536,C1537,C1538,C1539,C1540,C1543,C1544,C1545,C1546,C1547,C1548,C1549,C1550,C1551,C1552,C1553,C1568,C1569,C1570,C1571,C1572,C1573,C1574,C1575,C1576,C1577,C1581,C1582,C1583,C1584,C1585,C1586,C1587,C1588,C1589,C1590,C1591,C1592,C1593,C1594,C1597,C1598,C1599,C1600,C1601,C1602,C1603,C1604,C1605,C1606,C1607,C1647,C1648,C1649,C1650,C1651,C1652,C1653,C1654,C1655,C1656,C1657,C1658,C1659,C1660,C1661,C1669,C1670,C1671,C1672,C1673,C1674,C1675,C1676,C1677,C1678,C1679,C1680,C1681,C1682,C1683,C1686,C1687,C1688,C1689,C1690,C1691,C1692,C1693,C1694,C1695,C1696,C1740,C1741,C1742,C1743,C1744,C1745,C1746,C1747,C1748,C1749,C1750,C1751,C1752,C1753,C1754,C1762,C1763,C1764,C1765,C1766,C1767,C1768,C1769,C1770,C1771,C1772,C1773,C1774,C1775,C1776,C1779,C1780,C1781,C1782,C1783,C1784,C1785,C1786,C1787,C1788,C1789,C1834,C1835,C1836,C1837,C1838,C1839,C1840,C1841,C1842,C1843,C1844,C1845,C1846,C1847,C1848,C1856,C1857,C1858,C1859,C1860,C1861,C1862,C1863,C1864,C1865,C1866,C1867,C1868,C1869,C1870,C1873,C1874,C1875,C1876,C1877,C1878,C1879,C1880,C1881,C1882,C1893,C1894,C1895,C1896,C1897,C1898,C1902,C1903,C1904,C1905,C1906,C1907,C1908,C1909,C1910,C1913,C1914,C1915,C1916,C1917,C1918,C1919,C1920,C1921,C1922,C1923,C1924",586
GODREJPROP,2026-09-15,1659.3,1748.0,2830.6,1719.0,-3.47,-41.38,-5.07,-13.68,"C143,C144,C145,C146,C147,C148,C149,C150,C178,C179,C180,C181,C182,C183,C184,C211,C212,C235,C236,C262,C263,C265,C266,C268,C269,C270,C271,C274,C276,C278,C279,C309,C310,C312,C313,C315,C316,C319,C321,C323,C352,C353,C355,C356,C358,C359,C360,C361,C364,C366,C368,C369,C403,C404,C406,C407,C409,C410,C411,C412,C415,C417,C419,C455,C456,C458,C459,C460,C461,C464,C466,C468,C497,C498,C500,C501,C503,C504,C505,C508,C510,C538,C539,C541,C542,C544,C545,C546,C549,C551,C577,C578,C580,C581,C583,C584,C585,C588,C590,C591,C628,C629,C631,C632,C634,C635,C636,C639,C678,C679,C681,C682,C684,C685,C686,C689,C691,C721,C722,C724,C725,C727,C728,C731,C733,C734,C735,C763,C764,C765,C768,C770,C771,C805,C806,C808,C809,C811,C812,C815,C817,C818,C819,C852,C853,C855,C856,C857,C858,C861,C863,C864,C901,C902,C904,C905,C906,C907,C910,C912,C913,C946,C947,C949,C950,C952,C953,C954,C957,C958,C960,C961,C994,C995,C997,C998,C1000,C1001,C1002,C1005,C1007,C1008,C1009,C1039,C1040,C1042,C1043,C1045,C1046,C1047,C1050,C1052,C1053,C1054,C1095,C1096,C1098,C1099,C1101,C1102,C1104,C1106,C1107,C1108,C1140,C1141,C1143,C1144,C1146,C1147,C1148,C1149,C1151,C1153,C1154,C1155,C1156,C1157,C1158,C1159,C1164,C1165,C1195,C1196,C1197,C1201,C1202,C1203,C1204,C1205,C1206,C1213,C1215,C1216,C1218,C1219,C1221,C1222,C1228,C1235,C1236,C1243,C1255,C1256,C1257,C1258,C1260,C1261,C1262,C1263,C1265,C1266,C1267,C1268,C1269,C1270,C1271,C1273,C1274,C1275,C1277,C1278,C1279,C1281,C1282,C1283,C1284,C1286,C1288,C1289,C1291,C1303,C1304,C1305,C1307,C1308,C1309,C1310,C1312,C1313,C1314,C1315,C1316,C1317,C1318,C1321,C1322,C1323,C1325,C1326,C1327,C1329,C1330,C1331,C1332,C1334,C1335,C1337,C1338,C1340,C1353,C1354,C1355,C1357,C1358,C1359,C1360,C1362,C1363,C1364,C1365,C1366,C1367,C1368,C1371,C1372,C1373,C1375,C1376,C1377,C1379,C1380,C1381,C1382,C1384,C1386,C1387,C1389,C1405,C1406,C1407,C1409,C1410,C1411,C1412,C1414,C1415,C1416,C1417,C1418,C1419,C1420,C1424,C1425,C1426,C1428,C1429,C1430,C1432,C1433,C1434,C1435,C1437,C1439,C1440,C1442,C1463,C1464,C1465,C1466,C1468,C1469,C1470,C1471,C1473,C1474,C1475,C1476,C1477,C1478,C1479,C1480,C1484,C1485,C1486,C1488,C1489,C1490,C1492,C1493,C1494,C1496,C1498,C1500,C1516,C1517,C1519,C1520,C1522,C1523,C1524,C1525,C1528,C1529,C1530,C1531,C1533,C1534,C1535,C1536,C1538,C1539,C1540,C1541,C1542,C1544,C1545,C1546,C1548,C1549,C1550,C1552,C1553,C1569,C1570,C1572,C1573,C1574,C1576,C1577,C1578,C1579,C1582,C1583,C1584,C1585,C1587,C1588,C1589,C1590,C1592,C1593,C1594,C1595,C1596,C1598,C1599,C1600,C1602,C1603,C1604,C1606,C1607,C1648,C1649,C1650,C1651,C1653,C1654,C1655,C1656,C1658,C1659,C1660,C1661,C1662,C1663,C1664,C1665,C1670,C1671,C1672,C1673,C1675,C1676,C1677,C1678,C1680,C1681,C1682,C1683,C1684,C1685,C1687,C1688,C1689,C1691,C1692,C1693,C1695,C1696,C1741,C1742,C1743,C1744,C1746,C1747,C1748,C1749,C1751,C1752,C1753,C1754,C1755,C1756,C1757,C1758,C1763,C1764,C1765,C1766,C1768,C1769,C1770,C1771,C1773,C1774,C1775,C1776,C1777,C1778,C1780,C1781,C1782,C1784,C1785,C1786,C1788,C1789,C1835,C1836,C1837,C1838,C1840,C1841,C1842,C1843,C1845,C1846,C1847,C1848,C1849,C1850,C1851,C1852,C1857,C1858,C1859,C1860,C1862,C1863,C1864,C1865,C1867,C1868,C1869,C1870,C1871,C1872,C1874,C1875,C1877,C1878,C1879,C1881,C1882,C1893,C1894,C1895,C1896,C1897,C1898,C1899,C1900,C1902,C1903,C1904,C1905,C1906,C1907,C1908,C1909,C1910,C1911,C1912,C1914,C1915,C1916,C1918,C1919,C1920,C1922,C1923,C1924,C1925",585
MALLCOM,2026-09-15,911.95,952.15,1564.0,943.0,-3.29,-41.69,-4.22,-6.69,"C143,C144,C145,C146,C147,C148,C149,C150,C178,C179,C180,C181,C182,C183,C184,C211,C212,C235,C236,C262,C263,C265,C266,C268,C269,C270,C271,C274,C276,C278,C279,C309,C310,C312,C313,C315,C316,C319,C321,C323,C352,C353,C355,C356,C358,C359,C360,C361,C364,C366,C368,C369,C403,C404,C406,C407,C409,C410,C411,C412,C415,C417,C419,C455,C456,C458,C459,C460,C461,C464,C466,C468,C497,C498,C500,C501,C503,C504,C505,C508,C510,C538,C539,C541,C542,C544,C545,C546,C549,C551,C577,C578,C580,C581,C583,C584,C585,C588,C590,C591,C628,C629,C631,C632,C634,C635,C636,C639,C678,C679,C681,C682,C684,C685,C686,C689,C691,C721,C722,C724,C725,C727,C728,C731,C733,C734,C735,C763,C764,C765,C768,C770,C771,C805,C806,C808,C809,C811,C812,C815,C817,C818,C819,C852,C853,C855,C856,C857,C858,C861,C863,C864,C901,C902,C904,C905,C906,C907,C910,C912,C913,C946,C947,C949,C950,C952,C953,C954,C957,C958,C960,C961,C994,C995,C997,C998,C1000,C1001,C1002,C1005,C1007,C1008,C1009,C1039,C1040,C1042,C1043,C1045,C1046,C1047,C1050,C1052,C1053,C1054,C1095,C1096,C1098,C1099,C1101,C1102,C1104,C1106,C1107,C1108,C1140,C1141,C1143,C1144,C1146,C1147,C1148,C1149,C1151,C1153,C1154,C1155,C1156,C1157,C1158,C1159,C1164,C1165,C1195,C1196,C1197,C1201,C1202,C1203,C1204,C1205,C1206,C1213,C1215,C1216,C1218,C1219,C1221,C1222,C1228,C1235,C1236,C1243,C1255,C1256,C1257,C1258,C1260,C1261,C1262,C1263,C1265,C1266,C1267,C1268,C1269,C1270,C1271,C1273,C1274,C1275,C1277,C1278,C1279,C1281,C1282,C1283,C1284,C1286,C1288,C1289,C1291,C1303,C1304,C1305,C1307,C1308,C1309,C1310,C1312,C1313,C1314,C1315,C1316,C1317,C1318,C1321,C1322,C1323,C1325,C1326,C1327,C1329,C1330,C1331,C1332,C1334,C1335,C1337,C1338,C1340,C1353,C1354,C1355,C1357,C1358,C1359,C1360,C1362,C1363,C1364,C1365,C1366,C1367,C1368,C1371,C1372,C1373,C1375,C1376,C1377,C1379,C1380,C1381,C1382,C1384,C1386,C1387,C1389,C1405,C1406,C1407,C1409,C1410,C1411,C1412,C1414,C1415,C1416,C1417,C1418,C1419,C1420,C1424,C1425,C1426,C1428,C1429,C1430,C1432,C1433,C1434,C1435,C1437,C1439,C1440,C1442,C1463,C1464,C1465,C1466,C1468,C1469,C1470,C1471,C1473,C1474,C1475,C1476,C1477,C1478,C1479,C1480,C1484,C1485,C1486,C1488,C1489,C1490,C1492,C1493,C1494,C1496,C1498,C1500,C1516,C1517,C1519,C1520,C1522,C1523,C1524,C1525,C1528,C1529,C1530,C1531,C1533,C1534,C1535,C1536,C1538,C1539,C1540,C1541,C1542,C1544,C1545,C1546,C1548,C1549,C1550,C1552,C1553,C1569,C1570,C1572,C1573,C1574,C1576,C1577,C1578,C1579,C1582,C1583,C1584,C1585,C1587,C1588,C1589,C1590,C1592,C1593,C1594,C1595,C1596,C1598,C1599,C1600,C1602,C1603,C1604,C1606,C1607,C1648,C1649,C1650,C1651,C1653,C1654,C1655,C1656,C1658,C1659,C1660,C1661,C1662,C1663,C1664,C1665,C1670,C1671,C1672,C1673,C1675,C1676,C1677,C1678,C1680,C1681,C1682,C1683,C1684,C1685,C1687,C1688,C1689,C1691,C1692,C1693,C1695,C1696,C1741,C1742,C1743,C1744,C1746,C1747,C1748,C1749,C1751,C1752,C1753,C1754,C1755,C1756,C1757,C1758,C1763,C1764,C1765,C1766,C1768,C1769,C1770,C1771,C1773,C1774,C1775,C1776,C1777,C1778,C1780,C1781,C1782,C1784,C1785,C1786,C1788,C1789,C1835,C1836,C1837,C1838,C1840,C1841,C1842,C1843,C1845,C1846,C1847,C1848,C1849,C1850,C1851,C1852,C1857,C1858,C1859,C1860,C1862,C1863,C1864,C1865,C1867,C1868,C1869,C1870,C1871,C1872,C1874,C1875,C1877,C1878,C1879,C1881,C1882,C1893,C1894,C1895,C1896,C1897,C1898,C1899,C1900,C1902,C1903,C1904,C1905,C1906,C1907,C1908,C1909,C1910,C1911,C1912,C1914,C1915,C1916,C1918,C1919,C1920,C1922,C1923,C1924,C1925",585
MAZDOCK,2026-09-15,2236.0,2339.0,3775.0,2315.4,-3.43,-40.77,-4.4,-8.89,"C143,C144,C145,C146,C147,C148,C149,C150,C178,C179,C180,C181,C182,C183,C184,C211,C212,C235,C236,C262,C263,C265,C266,C268,C269,C270,C271,C274,C276,C278,C279,C309,C310,C312,C313,C315,C316,C319,C321,C323,C352,C353,C355,C356,C358,C359,C360,C361,C364,C366,C368,C369,C403,C404,C406,C407,C409,C410,C411,C412,C415,C417,C419,C455,C456,C458,C459,C460,C461,C464,C466,C468,C497,C498,C500,C501,C503,C504,C505,C508,C510,C538,C539,C541,C542,C544,C545,C546,C549,C551,C577,C578,C580,C581,C583,C584,C585,C588,C590,C591,C628,C629,C631,C632,C634,C635,C636,C639,C678,C679,C681,C682,C684,C685,C686,C689,C691,C721,C722,C724,C725,C727,C728,C731,C733,C734,C735,C763,C764,C765,C768,C770,C771,C805,C806,C808,C809,C811,C812,C815,C817,C818,C819,C852,C853,C855,C856,C857,C858,C861,C863,C864,C901,C902,C904,C905,C906,C907,C910,C912,C913,C946,C947,C949,C950,C952,C953,C954,C957,C958,C960,C961,C994,C995,C997,C998,C1000,C1001,C1002,C1005,C1007,C1008,C1009,C1039,C1040,C1042,C1043,C1045,C1046,C1047,C1050,C1052,C1053,C1054,C1095,C1096,C1098,C1099,C1101,C1102,C1104,C1106,C1107,C1108,C1140,C1141,C1143,C1144,C1146,C1147,C1148,C1149,C1151,C1153,C1154,C1155,C1156,C1157,C1158,C1159,C1164,C1165,C1195,C1196,C1197,C1201,C1202,C1203,C1204,C1205,C1206,C1213,C1215,C1216,C1218,C1219,C1221,C1222,C1228,C1235,C1236,C1243,C1255,C1256,C1257,C1258,C1260,C1261,C1262,C1263,C1265,C1266,C1267,C1268,C1269,C1270,C1271,C1273,C1274,C1275,C1277,C1278,C1279,C1281,C1282,C1283,C1284,C1286,C1288,C1289,C1291,C1303,C1304,C1305,C1307,C1308,C1309,C1310,C1312,C1313,C1314,C1315,C1316,C1317,C1318,C1321,C1322,C1323,C1325,C1326,C1327,C1329,C1330,C1331,C1332,C1334,C1335,C1337,C1338,C1340,C1353,C1354,C1355,C1357,C1358,C1359,C1360,C1362,C1363,C1364,C1365,C1366,C1367,C1368,C1371,C1372,C1373,C1375,C1376,C1377,C1379,C1380,C1381,C1382,C1384,C1386,C1387,C1389,C1405,C1406,C1407,C1409,C1410,C1411,C1412,C1414,C1415,C1416,C1417,C1418,C1419,C1420,C1424,C1425,C1426,C1428,C1429,C1430,C1432,C1433,C1434,C1435,C1437,C1439,C1440,C1442,C1463,C1464,C1465,C1466,C1468,C1469,C1470,C1471,C1473,C1474,C1475,C1476,C1477,C1478,C1479,C1480,C1484,C1485,C1486,C1488,C1489,C1490,C1492,C1493,C1494,C1496,C1498,C1500,C1516,C1517,C1519,C1520,C1522,C1523,C1524,C1525,C1528,C1529,C1530,C1531,C1533,C1534,C1535,C1536,C1538,C1539,C1540,C1541,C1542,C1544,C1545,C1546,C1548,C1549,C1550,C1552,C1553,C1569,C1570,C1572,C1573,C1574,C1576,C1577,C1578,C1579,C1582,C1583,C1584,C1585,C1587,C1588,C1589,C1590,C1592,C1593,C1594,C1595,C1596,C1598,C1599,C1600,C1602,C1603,C1604,C1606,C1607,C1648,C1649,C1650,C1651,C1653,C1654,C1655,C1656,C1658,C1659,C1660,C1661,C1662,C1663,C1664,C1665,C1670,C1671,C1672,C1673,C1675,C1676,C1677,C1678,C1680,C1681,C1682,C1683,C1684,C1685,C1687,C1688,C1689,C1691,C1692,C1693,C1695,C1696,C1741,C1742,C1743,C1744,C1746,C1747,C1748,C1749,C1751,C1752,C1753,C1754,C1755,C1756,C1757,C1758,C1763,C1764,C1765,C1766,C1768,C1769,C1770,C1771,C1773,C1774,C1775,C1776,C1777,C1778,C1780,C1781,C1782,C1784,C1785,C1786,C1788,C1789,C1835,C1836,C1837,C1838,C1840,C1841,C1842,C1843,C1845,C1846,C1847,C1848,C1849,C1850,C1851,C1852,C1857,C1858,C1859,C1860,C1862,C1863,C1864,C1865,C1867,C1868,C1869,C1870,C1871,C1872,C1874,C1875,C1877,C1878,C1879,C1881,C1882,C1893,C1894,C1895,C1896,C1897,C1898,C1899,C1900,C1902,C1903,C1904,C1905,C1906,C1907,C1908,C1909,C1910,C1911,C1912,C1914,C1915,C1916,C1918,C1919,C1920,C1922,C1923,C1924,C1925",585
DCM,2026-09-15,76.42,92.89,136.0,82.01,-6.82,-43.81,-17.73,-19.63,"C98,C119,C120,C121,C122,C123,C124,C125,C126,C127,C128,C129,C130,C132,C133,C134,C135,C136,C137,C138,C139,C140,C141,C143,C144,C145,C146,C147,C148,C149,C150,C152,C153,C154,C155,C156,C157,C158,C159,C160,C161,C162,C163,C166,C167,C168,C169,C170,C171,C172,C173,C174,C175,C176,C178,C179,C180,C181,C182,C183,C184,C186,C251,C253,C254,C255,C257,C258,C259,C260,C262,C263,C265,C266,C268,C269,C270,C271,C274,C276,C278,C279,C296,C297,C298,C300,C301,C302,C304,C305,C306,C307,C309,C310,C312,C313,C315,C316,C319,C321,C323,C339,C340,C341,C343,C344,C345,C347,C348,C349,C350,C352,C353,C355,C356,C358,C359,C360,C361,C364,C366,C368,C369,C387,C388,C389,C390,C392,C393,C394,C396,C397,C398,C399,C400,C403,C404,C406,C407,C409,C410,C411,C412,C415,C417,C419,C440,C441,C442,C443,C445,C446,C447,C449,C450,C451,C452,C455,C456,C458,C459,C460,C461,C464,C466,C468,C484,C485,C486,C488,C489,C490,C492,C493,C494,C495,C497,C498,C500,C501,C503,C504,C505,C508,C510,C526,C527,C528,C530,C531,C533,C534,C535,C536,C538,C539,C541,C542,C544,C545,C546,C549,C551,C569,C570,C571,C572,C573,C574,C575,C577,C578,C580,C581,C583,C584,C585,C588,C590,C591,C613,C614,C615,C616,C618,C619,C620,C622,C623,C624,C625,C628,C629,C631,C632,C634,C635,C636,C639,C662,C663,C664,C665,C667,C668,C669,C670,C672,C673,C674,C675,C678,C679,C681,C682,C684,C685,C686,C689,C691,C731,C733,C734,C735,C768,C770,C771,C815,C817,C818,C819,C861,C863,C864,C910,C912,C913,C957,C958,C960,C961,C1005,C1007,C1008,C1009,C1050,C1052,C1053,C1054,C1104,C1106,C1107,C1108,C1151,C1153,C1154,C1155,C1156,C1158,C1159,C1193,C1194,C1195,C1196,C1197,C1201,C1202,C1203,C1204,C1205,C1206,C1207,C1209,C1210,C1212,C1213,C1215,C1216,C1222,C1228,C1235,C1236,C1502,C1504,C1506,C1508,C1510,C1512,C1513,C1514,C1516,C1517,C1519,C1520,C1522,C1523,C1524,C1525,C1528,C1529,C1530,C1531,C1533,C1534,C1535,C1536,C1538,C1539,C1540,C1541,C1542,C1544,C1545,C1546,C1548,C1549,C1550,C1552,C1553,C1555,C1557,C1559,C1561,C1563,C1565,C1566,C1567,C1569,C1570,C1572,C1573,C1574,C1576,C1577,C1578,C1579,C1582,C1583,C1584,C1585,C1587,C1588,C1589,C1590,C1592,C1593,C1594,C1595,C1596,C1598,C1599,C1600,C1602,C1603,C1604,C1606,C1607,C1609,C1610,C1611,C1613,C1614,C1615,C1616,C1618,C1619,C1620,C1621,C1622,C1623,C1624,C1625,C1628,C1629,C1630,C1631,C1633,C1634,C1635,C1636,C1638,C1639,C1640,C1641,C1642,C1643,C1644,C1645,C1648,C1649,C1650,C1651,C1653,C1654,C1655,C1656,C1658,C1659,C1660,C1661,C1662,C1663,C1664,C1665,C1670,C1671,C1672,C1673,C1675,C1676,C1677,C1678,C1680,C1681,C1682,C1683,C1684,C1685,C1687,C1688,C1689,C1691,C1692,C1693,C1695,C1696,C1698,C1699,C1700,C1701,C1703,C1704,C1705,C1706,C1708,C1709,C1710,C1711,C1712,C1713,C1714,C1715,C1720,C1721,C1722,C1723,C1725,C1726,C1727,C1728,C1730,C1731,C1732,C1733,C1734,C1735,C1736,C1737,C1741,C1742,C1743,C1744,C1746,C1747,C1748,C1749,C1751,C1752,C1753,C1754,C1755,C1756,C1757,C1758,C1763,C1764,C1765,C1766,C1768,C1769,C1770,C1771,C1773,C1774,C1775,C1776,C1777,C1778,C1780,C1781,C1782,C1784,C1785,C1786,C1788,C1789,C1886,C1887,C1888,C1889,C1890,C1891,C1893,C1894,C1895,C1896,C1897,C1898,C1899,C1900,C1902,C1903,C1904,C1905,C1906,C1907,C1908,C1909,C1910,C1911,C1912,C1914,C1915,C1916,C1918,C1919,C1920,C1922,C1923,C1924,C1925",571
AVANTEL,2026-09-15,144.5,156.46,215.0,153.65,-5.96,-32.79,-7.64,-7.81,"C21,C26,C29,C43,C44,C47,C50,C51,C63,C65,C67,C70,C72,C81,C83,C85,C88,C90,C121,C124,C127,C130,C133,C136,C139,C154,C157,C160,C163,C165,C168,C171,C174,C187,C190,C192,C195,C197,C200,C203,C205,C208,C210,C214,C217,C221,C223,C225,C228,C230,C240,C244,C248,C250,C251,C255,C283,C287,C291,C293,C298,C302,C327,C331,C335,C337,C341,C345,C373,C374,C380,C381,C383,C385,C389,C390,C394,C398,C423,C424,C428,C429,C433,C434,C435,C436,C438,C442,C443,C447,C472,C476,C480,C486,C490,C514,C518,C522,C528,C555,C556,C560,C561,C565,C567,C571,C595,C596,C600,C601,C605,C606,C608,C609,C611,C615,C616,C620,C643,C644,C647,C648,C652,C653,C656,C657,C659,C660,C664,C665,C669,C670,C695,C699,C703,C709,C713,C739,C743,C752,C756,C775,C776,C780,C781,C785,C788,C792,C793,C797,C801,C823,C824,C828,C829,C832,C834,C838,C839,C843,C847,C868,C869,C873,C874,C878,C879,C882,C883,C885,C889,C890,C894,C895,C917,C918,C922,C926,C929,C933,C934,C938,C942,C965,C966,C970,C974,C977,C981,C982,C986,C990,C1013,C1014,C1018,C1019,C1023,C1024,C1027,C1030,C1031,C1035,C1058,C1059,C1063,C1064,C1068,C1069,C1072,C1073,C1075,C1079,C1080,C1084,C1085,C1089,C1092,C1111,C1112,C1113,C1114,C1116,C1117,C1119,C1120,C1122,C1123,C1125,C1126,C1129,C1130,C1134,C1135,C1137,C1160,C1161,C1162,C1163,C1166,C1167,C1169,C1172,C1174,C1180,C1181,C1184,C1185,C1198,C1199,C1207,C1210,C1225,C1226,C1229,C1230,C1231,C1233,C1239,C1240,C1245,C1247,C1248,C1249,C1250,C1251,C1252,C1253,C1254,C1257,C1258,C1262,C1263,C1267,C1268,C1270,C1271,C1275,C1279,C1292,C1294,C1296,C1297,C1298,C1299,C1301,C1302,C1304,C1305,C1309,C1310,C1314,C1315,C1317,C1318,C1319,C1323,C1327,C1341,C1343,C1345,C1346,C1347,C1348,C1349,C1351,C1352,C1354,C1355,C1359,C1360,C1364,C1365,C1367,C1368,C1369,C1373,C1377,C1390,C1392,C1394,C1395,C1396,C1397,C1399,C1402,C1403,C1404,C1406,C1407,C1411,C1412,C1416,C1417,C1419,C1420,C1421,C1422,C1426,C1430,C1445,C1448,C1451,C1452,C1453,C1454,C1456,C1459,C1460,C1461,C1462,C1465,C1466,C1470,C1471,C1475,C1476,C1479,C1480,C1481,C1482,C1486,C1490,C1502,C1504,C1506,C1508,C1510,C1512,C1513,C1514,C1516,C1517,C1519,C1520,C1522,C1523,C1524,C1525,C1526,C1530,C1531,C1535,C1536,C1540,C1546,C1550,C1555,C1557,C1559,C1561,C1563,C1565,C1566,C1567,C1569,C1570,C1573,C1574,C1576,C1577,C1578,C1579,C1580,C1584,C1585,C1589,C1590,C1594,C1600,C1604,C1610,C1611,C1615,C1616,C1620,C1621,C1624,C1625,C1630,C1631,C1635,C1636,C1640,C1641,C1644,C1645,C1650,C1651,C1655,C1656,C1660,C1661,C1664,C1665,C1667,C1668,C1672,C1673,C1677,C1678,C1682,C1683,C1689,C1693,C1700,C1701,C1705,C1706,C1710,C1711,C1714,C1715,C1717,C1718,C1722,C1723,C1727,C1728,C1732,C1733,C1736,C1737,C1739,C1743,C1744,C1748,C1749,C1753,C1754,C1757,C1758,C1760,C1761,C1765,C1766,C1770,C1771,C1775,C1776,C1782,C1786,C1793,C1794,C1798,C1799,C1803,C1804,C1807,C1808,C1810,C1811,C1815,C1816,C1820,C1821,C1825,C1826,C1829,C1830,C1832,C1833,C1837,C1838,C1842,C1843,C1847,C1848,C1851,C1852,C1854,C1855,C1859,C1860,C1864,C1865,C1869,C1870,C1879,C1883,C1884,C1885,C1886,C1887,C1888,C1889,C1890,C1891,C1893,C1894,C1895,C1896,C1897,C1898,C1899,C1900,C1901,C1903,C1904,C1906,C1907,C1909,C1910,C1912,C1916,C1920,C1924",546
KAMATHOTEL,2026-09-15,207.6,224.2,353.6,220.2,-5.72,-41.29,-7.4,-9.02,"C2,C3,C4,C6,C7,C9,C10,C12,C19,C20,C21,C22,C23,C24,C25,C26,C27,C28,C29,C32,C33,C35,C41,C42,C43,C44,C45,C46,C47,C48,C49,C50,C53,C54,C61,C62,C63,C64,C65,C66,C67,C68,C69,C70,C74,C75,C80,C81,C82,C83,C84,C85,C86,C87,C88,C92,C93,C143,C144,C145,C146,C147,C148,C149,C150,C178,C179,C180,C181,C182,C183,C184,C187,C188,C189,C190,C191,C192,C193,C194,C195,C199,C200,C201,C202,C203,C204,C205,C206,C207,C208,C211,C212,C214,C215,C216,C217,C218,C219,C220,C221,C225,C227,C228,C229,C230,C231,C234,C235,C236,C1157,C1160,C1161,C1162,C1163,C1164,C1165,C1167,C1168,C1169,C1170,C1171,C1172,C1175,C1176,C1177,C1178,C1180,C1182,C1183,C1184,C1187,C1188,C1189,C1190,C1245,C1247,C1248,C1249,C1250,C1251,C1252,C1253,C1254,C1255,C1256,C1257,C1258,C1260,C1261,C1262,C1263,C1265,C1266,C1267,C1268,C1269,C1270,C1271,C1273,C1274,C1275,C1277,C1278,C1279,C1281,C1282,C1283,C1284,C1286,C1288,C1289,C1291,C1292,C1294,C1296,C1297,C1298,C1299,C1301,C1302,C1303,C1304,C1305,C1307,C1308,C1309,C1310,C1312,C1313,C1314,C1315,C1316,C1317,C1318,C1321,C1322,C1323,C1325,C1326,C1327,C1329,C1330,C1331,C1332,C1334,C1335,C1337,C1338,C1340,C1341,C1343,C1345,C1346,C1348,C1349,C1351,C1352,C1353,C1354,C1355,C1357,C1358,C1359,C1360,C1362,C1363,C1364,C1365,C1366,C1367,C1368,C1371,C1372,C1373,C1375,C1376,C1377,C1379,C1380,C1381,C1382,C1384,C1386,C1387,C1389,C1390,C1392,C1394,C1395,C1397,C1399,C1401,C1402,C1403,C1405,C1406,C1407,C1409,C1410,C1411,C1412,C1414,C1415,C1416,C1417,C1418,C1419,C1420,C1424,C1425,C1426,C1428,C1429,C1430,C1432,C1433,C1434,C1435,C1437,C1439,C1440,C1442,C1444,C1445,C1447,C1448,C1450,C1451,C1452,C1454,C1456,C1458,C1459,C1460,C1461,C1463,C1464,C1465,C1466,C1468,C1469,C1470,C1471,C1473,C1474,C1475,C1476,C1477,C1478,C1479,C1480,C1484,C1485,C1486,C1488,C1489,C1490,C1492,C1493,C1494,C1496,C1498,C1500,C1516,C1517,C1519,C1520,C1522,C1523,C1524,C1525,C1528,C1529,C1530,C1531,C1533,C1534,C1535,C1536,C1538,C1539,C1540,C1541,C1542,C1544,C1545,C1546,C1548,C1549,C1550,C1552,C1553,C1569,C1570,C1572,C1573,C1574,C1576,C1577,C1578,C1579,C1582,C1583,C1584,C1585,C1587,C1588,C1589,C1590,C1592,C1593,C1594,C1595,C1596,C1598,C1599,C1600,C1602,C1603,C1604,C1606,C1607,C1648,C1649,C1650,C1651,C1653,C1654,C1655,C1656,C1658,C1659,C1660,C1661,C1662,C1663,C1664,C1665,C1670,C1671,C1672,C1673,C1675,C1676,C1677,C1678,C1680,C1681,C1682,C1683,C1684,C1685,C1687,C1688,C1689,C1691,C1692,C1693,C1695,C1696,C1741,C1742,C1743,C1744,C1746,C1747,C1748,C1749,C1751,C1752,C1753,C1754,C1755,C1756,C1757,C1758,C1763,C1764,C1765,C1766,C1768,C1769,C1770,C1771,C1773,C1774,C1775,C1776,C1777,C1778,C1780,C1781,C1782,C1784,C1785,C1786,C1788,C1789,C1835,C1836,C1837,C1838,C1840,C1841,C1842,C1843,C1845,C1846,C1847,C1848,C1849,C1850,C1851,C1852,C1857,C1858,C1859,C1860,C1862,C1863,C1864,C1865,C1867,C1868,C1869,C1870,C1871,C1872,C1874,C1875,C1877,C1878,C1879,C1881,C1882",496
BALUFORGE,2026-09-15,498.2,533.4,817.9,523.3,-4.8,-39.09,-6.6,-10.65,"C10,C33,C54,C75,C93,C98,C133,C135,C136,C138,C139,C141,C142,C144,C146,C148,C150,C151,C167,C168,C170,C171,C173,C174,C176,C177,C179,C180,C182,C184,C185,C187,C189,C190,C191,C192,C194,C195,C196,C197,C198,C200,C202,C203,C204,C205,C207,C208,C209,C210,C211,C212,C213,C214,C216,C217,C218,C220,C221,C222,C223,C224,C226,C227,C228,C230,C232,C235,C236,C251,C254,C255,C258,C260,C263,C266,C269,C271,C272,C297,C298,C301,C302,C305,C307,C310,C313,C316,C317,C340,C341,C344,C345,C348,C350,C353,C356,C359,C361,C362,C388,C389,C390,C393,C394,C397,C398,C400,C401,C404,C407,C410,C412,C413,C441,C442,C443,C446,C447,C450,C452,C453,C456,C459,C461,C462,C1157,C1158,C1160,C1161,C1162,C1163,C1164,C1165,C1175,C1176,C1178,C1179,C1182,C1183,C1184,C1185,C1186,C1194,C1196,C1250,C1251,C1252,C1253,C1254,C1256,C1257,C1258,C1261,C1262,C1263,C1266,C1267,C1268,C1270,C1271,C1274,C1275,C1278,C1279,C1282,C1284,C1289,C1298,C1299,C1301,C1302,C1304,C1305,C1308,C1309,C1310,C1313,C1314,C1315,C1317,C1318,C1319,C1322,C1323,C1326,C1327,C1330,C1332,C1335,C1338,C1348,C1349,C1351,C1352,C1354,C1355,C1358,C1359,C1360,C1363,C1364,C1365,C1367,C1368,C1369,C1372,C1373,C1376,C1377,C1380,C1382,C1387,C1397,C1399,C1402,C1403,C1404,C1406,C1407,C1410,C1411,C1412,C1415,C1416,C1417,C1419,C1420,C1421,C1422,C1425,C1426,C1429,C1430,C1433,C1435,C1440,C1454,C1456,C1459,C1460,C1461,C1462,C1464,C1465,C1466,C1469,C1470,C1471,C1474,C1475,C1476,C1478,C1479,C1480,C1481,C1482,C1485,C1486,C1489,C1490,C1493,C1508,C1510,C1512,C1513,C1514,C1516,C1517,C1519,C1520,C1522,C1523,C1524,C1525,C1526,C1529,C1530,C1531,C1534,C1535,C1536,C1539,C1540,C1542,C1545,C1546,C1549,C1550,C1553,C1561,C1563,C1565,C1566,C1567,C1569,C1570,C1573,C1574,C1576,C1577,C1578,C1579,C1580,C1583,C1584,C1585,C1588,C1589,C1590,C1593,C1594,C1596,C1599,C1600,C1603,C1604,C1607,C1629,C1630,C1631,C1634,C1635,C1636,C1639,C1640,C1641,C1643,C1644,C1645,C1646,C1649,C1650,C1651,C1654,C1655,C1656,C1659,C1660,C1661,C1663,C1664,C1665,C1666,C1667,C1668,C1671,C1672,C1673,C1676,C1677,C1678,C1681,C1682,C1683,C1685,C1688,C1689,C1692,C1693,C1696,C1721,C1722,C1723,C1726,C1727,C1728,C1731,C1732,C1733,C1735,C1736,C1737,C1738,C1739,C1742,C1743,C1744,C1747,C1748,C1749,C1752,C1753,C1754,C1756,C1757,C1758,C1759,C1760,C1761,C1764,C1765,C1766,C1769,C1770,C1771,C1774,C1775,C1776,C1778,C1781,C1782,C1785,C1786,C1789,C1814,C1815,C1816,C1819,C1820,C1821,C1824,C1825,C1826,C1828,C1829,C1830,C1831,C1832,C1833,C1836,C1837,C1838,C1841,C1842,C1843,C1846,C1847,C1848,C1850,C1851,C1852,C1853,C1854,C1855,C1858,C1859,C1860,C1863,C1864,C1865,C1868,C1869,C1870,C1872,C1875,C1878,C1879,C1882,C1886,C1887,C1888,C1889,C1890,C1891,C1892,C1893,C1894,C1895,C1896,C1897,C1898,C1899,C1900,C1901,C1902,C1903,C1904,C1905,C1906,C1907,C1908,C1909,C1910,C1911,C1912,C1915,C1916,C1919,C1920,C1923,C1924",482
LUXIND,2026-09-15,1056.7,1098.6,2146.0,1097.0,-3.67,-50.76,-3.81,-8.86,"C14,C36,C56,C76,C94,C143,C144,C145,C146,C178,C179,C180,C211,C235,C261,C262,C263,C264,C265,C266,C273,C274,C275,C276,C308,C309,C310,C311,C312,C313,C318,C319,C320,C321,C351,C352,C353,C354,C355,C356,C363,C364,C365,C366,C402,C403,C404,C405,C406,C407,C414,C415,C416,C417,C454,C455,C456,C463,C464,C465,C466,C496,C497,C498,C499,C500,C501,C507,C508,C509,C510,C537,C538,C539,C540,C541,C542,C548,C549,C550,C551,C576,C577,C578,C579,C580,C581,C587,C588,C589,C590,C627,C628,C629,C630,C631,C632,C637,C638,C639,C677,C678,C679,C680,C681,C682,C688,C689,C690,C691,C720,C721,C722,C723,C724,C725,C730,C731,C732,C733,C762,C763,C764,C767,C768,C769,C770,C804,C805,C806,C807,C808,C809,C814,C815,C816,C817,C851,C852,C853,C854,C855,C856,C860,C861,C862,C863,C900,C901,C902,C903,C904,C905,C909,C910,C911,C912,C945,C946,C947,C948,C949,C950,C956,C957,C958,C959,C960,C993,C994,C995,C996,C997,C998,C1004,C1005,C1006,C1007,C1038,C1039,C1040,C1041,C1042,C1043,C1049,C1050,C1051,C1052,C1094,C1095,C1096,C1097,C1098,C1099,C1103,C1104,C1105,C1106,C1139,C1140,C1141,C1142,C1143,C1144,C1151,C1152,C1153,C1154,C1158,C1159,C1164,C1202,C1217,C1218,C1219,C1255,C1256,C1257,C1258,C1259,C1260,C1261,C1262,C1263,C1272,C1273,C1274,C1275,C1276,C1277,C1278,C1279,C1285,C1286,C1287,C1288,C1289,C1303,C1304,C1305,C1306,C1307,C1308,C1309,C1310,C1320,C1321,C1322,C1323,C1324,C1325,C1326,C1327,C1333,C1334,C1335,C1336,C1337,C1338,C1353,C1354,C1355,C1356,C1357,C1358,C1359,C1360,C1370,C1371,C1372,C1373,C1374,C1375,C1376,C1377,C1383,C1384,C1385,C1386,C1387,C1405,C1406,C1407,C1408,C1409,C1410,C1411,C1412,C1423,C1424,C1425,C1426,C1427,C1428,C1429,C1430,C1436,C1437,C1438,C1439,C1440,C1463,C1464,C1465,C1466,C1467,C1468,C1469,C1470,C1471,C1483,C1484,C1485,C1486,C1487,C1488,C1489,C1490,C1495,C1496,C1497,C1498,C1515,C1516,C1517,C1518,C1519,C1520,C1527,C1528,C1529,C1530,C1531,C1532,C1533,C1534,C1535,C1536,C1543,C1544,C1545,C1546,C1547,C1548,C1549,C1550,C1568,C1569,C1570,C1571,C1572,C1573,C1574,C1581,C1582,C1583,C1584,C1585,C1586,C1587,C1588,C1589,C1590,C1597,C1598,C1599,C1600,C1601,C1602,C1603,C1604,C1647,C1648,C1649,C1650,C1651,C1652,C1653,C1654,C1655,C1656,C1669,C1670,C1671,C1672,C1673,C1674,C1675,C1676,C1677,C1678,C1686,C1687,C1688,C1689,C1690,C1691,C1692,C1693,C1740,C1741,C1742,C1743,C1744,C1745,C1746,C1747,C1748,C1749,C1762,C1763,C1764,C1765,C1766,C1767,C1768,C1769,C1770,C1771,C1779,C1780,C1781,C1782,C1783,C1784,C1785,C1786,C1834,C1835,C1836,C1837,C1838,C1839,C1840,C1841,C1842,C1843,C1856,C1857,C1858,C1859,C1860,C1861,C1862,C1863,C1864,C1865,C1873,C1874,C1875,C1876,C1877,C1878,C1879,C1893,C1894,C1895,C1896,C1902,C1903,C1904,C1905,C1906,C1907,C1913,C1914,C1915,C1916,C1917,C1918,C1919,C1920",472
MAXIND,2026-09-15,139.12,146.0,282.95,144.47,-3.7,-50.83,-4.71,-5.8,"C14,C36,C56,C76,C94,C143,C144,C145,C146,C178,C179,C180,C211,C235,C261,C262,C263,C264,C265,C266,C273,C274,C275,C276,C308,C309,C310,C311,C312,C313,C318,C319,C320,C321,C351,C352,C353,C354,C355,C356,C363,C364,C365,C366,C402,C403,C404,C405,C406,C407,C414,C415,C416,C417,C454,C455,C456,C463,C464,C465,C466,C496,C497,C498,C499,C500,C501,C507,C508,C509,C510,C537,C538,C539,C540,C541,C542,C548,C549,C550,C551,C576,C577,C578,C579,C580,C581,C587,C588,C589,C590,C627,C628,C629,C630,C631,C632,C637,C638,C639,C677,C678,C679,C680,C681,C682,C688,C689,C690,C691,C720,C721,C722,C723,C724,C725,C730,C731,C732,C733,C762,C763,C764,C767,C768,C769,C770,C804,C805,C806,C807,C808,C809,C814,C815,C816,C817,C851,C852,C853,C854,C855,C856,C860,C861,C862,C863,C900,C901,C902,C903,C904,C905,C909,C910,C911,C912,C945,C946,C947,C948,C949,C950,C956,C957,C958,C959,C960,C993,C994,C995,C996,C997,C998,C1004,C1005,C1006,C1007,C1038,C1039,C1040,C1041,C1042,C1043,C1049,C1050,C1051,C1052,C1094,C1095,C1096,C1097,C1098,C1099,C1103,C1104,C1105,C1106,C1139,C1140,C1141,C1142,C1143,C1144,C1151,C1152,C1153,C1154,C1158,C1159,C1164,C1202,C1217,C1218,C1219,C1255,C1256,C1257,C1258,C1259,C1260,C1261,C1262,C1263,C1272,C1273,C1274,C1275,C1276,C1277,C1278,C1279,C1285,C1286,C1287,C1288,C1289,C1303,C1304,C1305,C1306,C1307,C1308,C1309,C1310,C1320,C1321,C1322,C1323,C1324,C1325,C1326,C1327,C1333,C1334,C1335,C1336,C1337,C1338,C1353,C1354,C1355,C1356,C1357,C1358,C1359,C1360,C1370,C1371,C1372,C1373,C1374,C1375,C1376,C1377,C1383,C1384,C1385,C1386,C1387,C1405,C1406,C1407,C1408,C1409,C1410,C1411,C1412,C1423,C1424,C1425,C1426,C1427,C1428,C1429,C1430,C1436,C1437,C1438,C1439,C1440,C1463,C1464,C1465,C1466,C1467,C1468,C1469,C1470,C1471,C1483,C1484,C1485,C1486,C1487,C1488,C1489,C1490,C1495,C1496,C1497,C1498,C1515,C1516,C1517,C1518,C1519,C1520,C1527,C1528,C1529,C1530,C1531,C1532,C1533,C1534,C1535,C1536,C1543,C1544,C1545,C1546,C1547,C1548,C1549,C1550,C1568,C1569,C1570,C1571,C1572,C1573,C1574,C1581,C1582,C1583,C1584,C1585,C1586,C1587,C1588,C1589,C1590,C1597,C1598,C1599,C1600,C1601,C1602,C1603,C1604,C1647,C1648,C1649,C1650,C1651,C1652,C1653,C1654,C1655,C1656,C1669,C1670,C1671,C1672,C1673,C1674,C1675,C1676,C1677,C1678,C1686,C1687,C1688,C1689,C1690,C1691,C1692,C1693,C1740,C1741,C1742,C1743,C1744,C1745,C1746,C1747,C1748,C1749,C1762,C1763,C1764,C1765,C1766,C1767,C1768,C1769,C1770,C1771,C1779,C1780,C1781,C1782,C1783,C1784,C1785,C1786,C1834,C1835,C1836,C1837,C1838,C1839,C1840,C1841,C1842,C1843,C1856,C1857,C1858,C1859,C1860,C1861,C1862,C1863,C1864,C1865,C1873,C1874,C1875,C1876,C1877,C1878,C1879,C1893,C1894,C1895,C1896,C1902,C1903,C1904,C1905,C1906,C1907,C1913,C1914,C1915,C1916,C1917,C1918,C1919,C1920",472
SHALBY,2026-09-15,137.21,144.78,274.7,141.7,-3.17,-50.05,-5.23,-9.28,"C14,C36,C56,C76,C94,C143,C144,C145,C146,C178,C179,C180,C211,C235,C261,C262,C263,C264,C265,C266,C273,C274,C275,C276,C308,C309,C310,C311,C312,C313,C318,C319,C320,C321,C351,C352,C353,C354,C355,C356,C363,C364,C365,C366,C402,C403,C404,C405,C406,C407,C414,C415,C416,C417,C454,C455,C456,C463,C464,C465,C466,C496,C497,C498,C499,C500,C501,C507,C508,C509,C510,C537,C538,C539,C540,C541,C542,C548,C549,C550,C551,C576,C577,C578,C579,C580,C581,C587,C588,C589,C590,C627,C628,C629,C630,C631,C632,C637,C638,C639,C677,C678,C679,C680,C681,C682,C688,C689,C690,C691,C720,C721,C722,C723,C724,C725,C730,C731,C732,C733,C762,C763,C764,C767,C768,C769,C770,C804,C805,C806,C807,C808,C809,C814,C815,C816,C817,C851,C852,C853,C854,C855,C856,C860,C861,C862,C863,C900,C901,C902,C903,C904,C905,C909,C910,C911,C912,C945,C946,C947,C948,C949,C950,C956,C957,C958,C959,C960,C993,C994,C995,C996,C997,C998,C1004,C1005,C1006,C1007,C1038,C1039,C1040,C1041,C1042,C1043,C1049,C1050,C1051,C1052,C1094,C1095,C1096,C1097,C1098,C1099,C1103,C1104,C1105,C1106,C1139,C1140,C1141,C1142,C1143,C1144,C1151,C1152,C1153,C1154,C1158,C1159,C1164,C1202,C1217,C1218,C1219,C1255,C1256,C1257,C1258,C1259,C1260,C1261,C1262,C1263,C1272,C1273,C1274,C1275,C1276,C1277,C1278,C1279,C1285,C1286,C1287,C1288,C1289,C1303,C1304,C1305,C1306,C1307,C1308,C1309,C1310,C1320,C1321,C1322,C1323,C1324,C1325,C1326,C1327,C1333,C1334,C1335,C1336,C1337,C1338,C1353,C1354,C1355,C1356,C1357,C1358,C1359,C1360,C1370,C1371,C1372,C1373,C1374,C1375,C1376,C1377,C1383,C1384,C1385,C1386,C1387,C1405,C1406,C1407,C1408,C1409,C1410,C1411,C1412,C1423,C1424,C1425,C1426,C1427,C1428,C1429,C1430,C1436,C1437,C1438,C1439,C1440,C1463,C1464,C1465,C1466,C1467,C1468,C1469,C1470,C1471,C1483,C1484,C1485,C1486,C1487,C1488,C1489,C1490,C1495,C1496,C1497,C1498,C1515,C1516,C1517,C1518,C1519,C1520,C1527,C1528,C1529,C1530,C1531,C1532,C1533,C1534,C1535,C1536,C1543,C1544,C1545,C1546,C1547,C1548,C1549,C1550,C1568,C1569,C1570,C1571,C1572,C1573,C1574,C1581,C1582,C1583,C1584,C1585,C1586,C1587,C1588,C1589,C1590,C1597,C1598,C1599,C1600,C1601,C1602,C1603,C1604,C1647,C1648,C1649,C1650,C1651,C1652,C1653,C1654,C1655,C1656,C1669,C1670,C1671,C1672,C1673,C1674,C1675,C1676,C1677,C1678,C1686,C1687,C1688,C1689,C1690,C1691,C1692,C1693,C1740,C1741,C1742,C1743,C1744,C1745,C1746,C1747,C1748,C1749,C1762,C1763,C1764,C1765,C1766,C1767,C1768,C1769,C1770,C1771,C1779,C1780,C1781,C1782,C1783,C1784,C1785,C1786,C1834,C1835,C1836,C1837,C1838,C1839,C1840,C1841,C1842,C1843,C1856,C1857,C1858,C1859,C1860,C1861,C1862,C1863,C1864,C1865,C1873,C1874,C1875,C1876,C1877,C1878,C1879,C1893,C1894,C1895,C1896,C1902,C1903,C1904,C1905,C1906,C1907,C1913,C1914,C1915,C1916,C1917,C1918,C1919,C1920",472
ARDEE,2026-09-15,47.78,50.91,73.19,50.48,-5.35,-34.72,-6.15,-14.82,"C21,C26,C29,C43,C44,C47,C50,C51,C63,C65,C67,C70,C72,C81,C83,C85,C88,C90,C121,C124,C127,C130,C133,C136,C139,C154,C157,C160,C163,C165,C168,C171,C174,C187,C190,C192,C195,C197,C200,C203,C205,C208,C210,C214,C217,C221,C223,C225,C228,C230,C240,C244,C248,C250,C251,C255,C283,C287,C291,C293,C298,C302,C327,C331,C335,C337,C341,C345,C373,C374,C380,C381,C383,C385,C389,C390,C394,C398,C423,C424,C428,C429,C433,C434,C435,C436,C438,C442,C443,C447,C472,C476,C480,C486,C490,C514,C518,C522,C528,C555,C556,C560,C561,C565,C567,C571,C595,C596,C600,C601,C605,C606,C608,C609,C611,C615,C616,C620,C643,C644,C647,C648,C652,C653,C656,C657,C659,C660,C664,C665,C669,C670,C1160,C1161,C1162,C1163,C1166,C1167,C1169,C1172,C1174,C1180,C1181,C1184,C1185,C1198,C1199,C1207,C1210,C1245,C1247,C1248,C1249,C1250,C1251,C1252,C1253,C1254,C1257,C1258,C1262,C1263,C1267,C1268,C1270,C1271,C1275,C1279,C1292,C1294,C1296,C1297,C1298,C1299,C1301,C1302,C1304,C1305,C1309,C1310,C1314,C1315,C1317,C1318,C1319,C1323,C1327,C1341,C1343,C1345,C1346,C1347,C1348,C1349,C1351,C1352,C1354,C1355,C1359,C1360,C1364,C1365,C1367,C1368,C1369,C1373,C1377,C1390,C1392,C1394,C1395,C1396,C1397,C1399,C1402,C1403,C1404,C1406,C1407,C1411,C1412,C1416,C1417,C1419,C1420,C1421,C1422,C1426,C1430,C1445,C1448,C1451,C1452,C1453,C1454,C1456,C1459,C1460,C1461,C1462,C1465,C1466,C1470,C1471,C1475,C1476,C1479,C1480,C1481,C1482,C1486,C1490,C1502,C1504,C1506,C1508,C1510,C1512,C1513,C1514,C1516,C1517,C1519,C1520,C1522,C1523,C1524,C1525,C1526,C1530,C1531,C1535,C1536,C1540,C1546,C1550,C1555,C1557,C1559,C1561,C1563,C1565,C1566,C1567,C1569,C1570,C1573,C1574,C1576,C1577,C1578,C1579,C1580,C1584,C1585,C1589,C1590,C1594,C1600,C1604,C1610,C1611,C1615,C1616,C1620,C1621,C1624,C1625,C1630,C1631,C1635,C1636,C1640,C1641,C1644,C1645,C1650,C1651,C1655,C1656,C1660,C1661,C1664,C1665,C1667,C1668,C1672,C1673,C1677,C1678,C1682,C1683,C1689,C1693,C1700,C1701,C1705,C1706,C1710,C1711,C1714,C1715,C1717,C1718,C1722,C1723,C1727,C1728,C1732,C1733,C1736,C1737,C1739,C1743,C1744,C1748,C1749,C1753,C1754,C1757,C1758,C1760,C1761,C1765,C1766,C1770,C1771,C1775,C1776,C1782,C1786,C1793,C1794,C1798,C1799,C1803,C1804,C1807,C1808,C1810,C1811,C1815,C1816,C1820,C1821,C1825,C1826,C1829,C1830,C1832,C1833,C1837,C1838,C1842,C1843,C1847,C1848,C1851,C1852,C1854,C1855,C1859,C1860,C1864,C1865,C1869,C1870,C1879,C1883,C1884,C1885,C1886,C1887,C1888,C1889,C1890,C1891,C1893,C1894,C1895,C1896,C1897,C1898,C1899,C1900,C1901,C1903,C1904,C1906,C1907,C1909,C1910,C1912,C1916,C1920,C1924",436
ABREL,2026-09-15,1232.5,1281.6,2552.0,1276.0,-3.41,-51.7,-3.83,-10.55,"C14,C36,C56,C76,C94,C143,C144,C145,C146,C178,C179,C180,C211,C235,C261,C262,C263,C264,C265,C266,C273,C274,C275,C276,C308,C309,C310,C311,C312,C313,C318,C319,C320,C321,C351,C352,C353,C354,C355,C356,C363,C364,C365,C366,C402,C403,C404,C405,C406,C407,C414,C415,C416,C417,C454,C455,C456,C463,C464,C465,C466,C496,C497,C498,C499,C500,C501,C507,C508,C509,C510,C537,C538,C539,C540,C541,C542,C548,C549,C550,C551,C576,C577,C578,C579,C580,C581,C587,C588,C589,C590,C627,C628,C629,C630,C631,C632,C637,C638,C639,C677,C678,C679,C680,C681,C682,C688,C689,C690,C691,C720,C721,C722,C723,C724,C725,C730,C731,C732,C733,C762,C763,C764,C767,C768,C769,C770,C804,C805,C806,C807,C808,C809,C814,C815,C816,C817,C851,C852,C853,C854,C855,C856,C860,C861,C862,C863,C900,C901,C902,C903,C904,C905,C909,C910,C911,C912,C1158,C1159,C1164,C1202,C1217,C1218,C1219,C1255,C1256,C1257,C1258,C1259,C1260,C1261,C1262,C1263,C1272,C1273,C1274,C1275,C1276,C1277,C1278,C1279,C1285,C1286,C1287,C1288,C1289,C1303,C1304,C1305,C1306,C1307,C1308,C1309,C1310,C1320,C1321,C1322,C1323,C1324,C1325,C1326,C1327,C1333,C1334,C1335,C1336,C1337,C1338,C1353,C1354,C1355,C1356,C1357,C1358,C1359,C1360,C1370,C1371,C1372,C1373,C1374,C1375,C1376,C1377,C1383,C1384,C1385,C1386,C1387,C1405,C1406,C1407,C1408,C1409,C1410,C1411,C1412,C1423,C1424,C1425,C1426,C1427,C1428,C1429,C1430,C1436,C1437,C1438,C1439,C1440,C1463,C1464,C1465,C1466,C1467,C1468,C1469,C1470,C1471,C1483,C1484,C1485,C1486,C1487,C1488,C1489,C1490,C1495,C1496,C1497,C1498,C1515,C1516,C1517,C1518,C1519,C1520,C1527,C1528,C1529,C1530,C1531,C1532,C1533,C1534,C1535,C1536,C1543,C1544,C1545,C1546,C1547,C1548,C1549,C1550,C1568,C1569,C1570,C1571,C1572,C1573,C1574,C1581,C1582,C1583,C1584,C1585,C1586,C1587,C1588,C1589,C1590,C1597,C1598,C1599,C1600,C1601,C1602,C1603,C1604,C1647,C1648,C1649,C1650,C1651,C1652,C1653,C1654,C1655,C1656,C1669,C1670,C1671,C1672,C1673,C1674,C1675,C1676,C1677,C1678,C1686,C1687,C1688,C1689,C1690,C1691,C1692,C1693,C1740,C1741,C1742,C1743,C1744,C1745,C1746,C1747,C1748,C1749,C1762,C1763,C1764,C1765,C1766,C1767,C1768,C1769,C1770,C1771,C1779,C1780,C1781,C1782,C1783,C1784,C1785,C1786,C1834,C1835,C1836,C1837,C1838,C1839,C1840,C1841,C1842,C1843,C1856,C1857,C1858,C1859,C1860,C1861,C1862,C1863,C1864,C1865,C1873,C1874,C1875,C1876,C1877,C1878,C1879,C1893,C1894,C1895,C1896,C1902,C1903,C1904,C1905,C1906,C1907,C1913,C1914,C1915,C1916,C1917,C1918,C1919,C1920",421
NITCO,2026-09-15,88.24,93.71,163.95,91.5,-3.56,-46.18,-5.84,-5.97,"C14,C36,C56,C76,C94,C143,C144,C145,C146,C147,C148,C178,C179,C180,C181,C182,C211,C235,C1164,C1255,C1256,C1257,C1258,C1259,C1260,C1261,C1262,C1263,C1264,C1265,C1266,C1267,C1268,C1272,C1273,C1274,C1275,C1276,C1277,C1278,C1279,C1280,C1281,C1282,C1285,C1286,C1287,C1288,C1289,C1290,C1291,C1303,C1304,C1305,C1306,C1307,C1308,C1309,C1310,C1311,C1312,C1313,C1314,C1315,C1320,C1321,C1322,C1323,C1324,C1325,C1326,C1327,C1328,C1329,C1330,C1333,C1334,C1335,C1336,C1337,C1338,C1339,C1340,C1353,C1354,C1355,C1356,C1357,C1358,C1359,C1360,C1361,C1362,C1363,C1364,C1365,C1370,C1371,C1372,C1373,C1374,C1375,C1376,C1377,C1378,C1379,C1380,C1383,C1384,C1385,C1386,C1387,C1388,C1389,C1405,C1406,C1407,C1408,C1409,C1410,C1411,C1412,C1413,C1414,C1415,C1416,C1417,C1423,C1424,C1425,C1426,C1427,C1428,C1429,C1430,C1431,C1432,C1433,C1436,C1437,C1438,C1439,C1440,C1441,C1442,C1463,C1464,C1465,C1466,C1467,C1468,C1469,C1470,C1471,C1472,C1473,C1474,C1475,C1476,C1483,C1484,C1485,C1486,C1487,C1488,C1489,C1490,C1491,C1492,C1493,C1495,C1496,C1497,C1498,C1499,C1500,C1515,C1516,C1517,C1518,C1519,C1520,C1521,C1522,C1523,C1527,C1528,C1529,C1530,C1531,C1532,C1533,C1534,C1535,C1536,C1537,C1538,C1539,C1540,C1543,C1544,C1545,C1546,C1547,C1548,C1549,C1550,C1551,C1552,C1553,C1568,C1569,C1570,C1571,C1572,C1573,C1574,C1575,C1576,C1577,C1581,C1582,C1583,C1584,C1585,C1586,C1587,C1588,C1589,C1590,C1591,C1592,C1593,C1594,C1597,C1598,C1599,C1600,C1601,C1602,C1603,C1604,C1605,C1606,C1607,C1647,C1648,C1649,C1650,C1651,C1652,C1653,C1654,C1655,C1656,C1657,C1658,C1659,C1660,C1661,C1669,C1670,C1671,C1672,C1673,C1674,C1675,C1676,C1677,C1678,C1679,C1680,C1681,C1682,C1683,C1686,C1687,C1688,C1689,C1690,C1691,C1692,C1693,C1694,C1695,C1696,C1740,C1741,C1742,C1743,C1744,C1745,C1746,C1747,C1748,C1749,C1750,C1751,C1752,C1753,C1754,C1762,C1763,C1764,C1765,C1766,C1767,C1768,C1769,C1770,C1771,C1772,C1773,C1774,C1775,C1776,C1779,C1780,C1781,C1782,C1783,C1784,C1785,C1786,C1787,C1788,C1789,C1834,C1835,C1836,C1837,C1838,C1839,C1840,C1841,C1842,C1843,C1844,C1845,C1846,C1847,C1848,C1856,C1857,C1858,C1859,C1860,C1861,C1862,C1863,C1864,C1865,C1866,C1867,C1868,C1869,C1870,C1873,C1874,C1875,C1876,C1877,C1878,C1879,C1880,C1881,C1882,C1913,C1914,C1915,C1916,C1917,C1918,C1919,C1920,C1921,C1922,C1923,C1924",379
ARVSMART,2026-09-15,564.15,598.05,927.95,585.15,-3.59,-39.2,-5.67,-12.78,"C144,C146,C148,C150,C151,C179,C180,C182,C184,C185,C198,C211,C212,C213,C224,C235,C236,C263,C266,C269,C271,C272,C310,C313,C316,C317,C353,C356,C359,C361,C362,C404,C407,C410,C412,C413,C456,C459,C461,C462,C498,C501,C504,C505,C506,C539,C542,C545,C546,C547,C578,C581,C584,C585,C586,C629,C632,C635,C636,C679,C682,C685,C686,C687,C722,C725,C727,C728,C729,C764,C765,C766,C806,C809,C811,C812,C813,C853,C856,C857,C858,C859,C902,C905,C906,C907,C908,C947,C950,C953,C954,C955,C958,C995,C998,C1001,C1002,C1003,C1040,C1043,C1046,C1047,C1048,C1096,C1099,C1102,C1141,C1144,C1147,C1149,C1150,C1154,C1157,C1158,C1164,C1165,C1179,C1186,C1196,C1214,C1219,C1221,C1243,C1244,C1256,C1257,C1258,C1261,C1262,C1263,C1266,C1267,C1268,C1270,C1271,C1274,C1275,C1278,C1279,C1282,C1284,C1289,C1304,C1305,C1308,C1309,C1310,C1313,C1314,C1315,C1317,C1318,C1319,C1322,C1323,C1326,C1327,C1330,C1332,C1335,C1338,C1354,C1355,C1358,C1359,C1360,C1363,C1364,C1365,C1367,C1368,C1369,C1372,C1373,C1376,C1377,C1380,C1382,C1387,C1406,C1407,C1410,C1411,C1412,C1415,C1416,C1417,C1419,C1420,C1421,C1422,C1425,C1426,C1429,C1430,C1433,C1435,C1440,C1464,C1465,C1466,C1469,C1470,C1471,C1474,C1475,C1476,C1478,C1479,C1480,C1481,C1482,C1485,C1486,C1489,C1490,C1493,C1516,C1517,C1519,C1520,C1522,C1523,C1524,C1525,C1526,C1529,C1530,C1531,C1534,C1535,C1536,C1539,C1540,C1542,C1545,C1546,C1549,C1550,C1553,C1569,C1570,C1573,C1574,C1576,C1577,C1578,C1579,C1580,C1583,C1584,C1585,C1588,C1589,C1590,C1593,C1594,C1596,C1599,C1600,C1603,C1604,C1607,C1649,C1650,C1651,C1654,C1655,C1656,C1659,C1660,C1661,C1663,C1664,C1665,C1666,C1667,C1668,C1671,C1672,C1673,C1676,C1677,C1678,C1681,C1682,C1683,C1685,C1688,C1689,C1692,C1693,C1696,C1742,C1743,C1744,C1747,C1748,C1749,C1752,C1753,C1754,C1756,C1757,C1758,C1759,C1760,C1761,C1764,C1765,C1766,C1769,C1770,C1771,C1774,C1775,C1776,C1778,C1781,C1782,C1785,C1786,C1789,C1836,C1837,C1838,C1841,C1842,C1843,C1846,C1847,C1848,C1850,C1851,C1852,C1853,C1854,C1855,C1858,C1859,C1860,C1863,C1864,C1865,C1868,C1869,C1870,C1872,C1875,C1878,C1879,C1882,C1893,C1894,C1895,C1896,C1897,C1898,C1899,C1900,C1901,C1902,C1903,C1904,C1905,C1906,C1907,C1908,C1909,C1910,C1911,C1912,C1915,C1916,C1919,C1920,C1923,C1924",378
BAJEL,2026-09-15,168.87,179.89,280.0,175.0,-3.5,-39.69,-6.13,-9.91,"C144,C146,C148,C150,C151,C179,C180,C182,C184,C185,C198,C211,C212,C213,C224,C235,C236,C263,C266,C269,C271,C272,C310,C313,C316,C317,C353,C356,C359,C361,C362,C404,C407,C410,C412,C413,C456,C459,C461,C462,C498,C501,C504,C505,C506,C539,C542,C545,C546,C547,C578,C581,C584,C585,C586,C629,C632,C635,C636,C679,C682,C685,C686,C687,C722,C725,C727,C728,C729,C764,C765,C766,C806,C809,C811,C812,C813,C853,C856,C857,C858,C859,C902,C905,C906,C907,C908,C947,C950,C953,C954,C955,C958,C995,C998,C1001,C1002,C1003,C1040,C1043,C1046,C1047,C1048,C1096,C1099,C1102,C1141,C1144,C1147,C1149,C1150,C1154,C1157,C1158,C1164,C1165,C1179,C1186,C1196,C1214,C1219,C1221,C1243,C1244,C1256,C1257,C1258,C1261,C1262,C1263,C1266,C1267,C1268,C1270,C1271,C1274,C1275,C1278,C1279,C1282,C1284,C1289,C1304,C1305,C1308,C1309,C1310,C1313,C1314,C1315,C1317,C1318,C1319,C1322,C1323,C1326,C1327,C1330,C1332,C1335,C1338,C1354,C1355,C1358,C1359,C1360,C1363,C1364,C1365,C1367,C1368,C1369,C1372,C1373,C1376,C1377,C1380,C1382,C1387,C1406,C1407,C1410,C1411,C1412,C1415,C1416,C1417,C1419,C1420,C1421,C1422,C1425,C1426,C1429,C1430,C1433,C1435,C1440,C1464,C1465,C1466,C1469,C1470,C1471,C1474,C1475,C1476,C1478,C1479,C1480,C1481,C1482,C1485,C1486,C1489,C1490,C1493,C1516,C1517,C1519,C1520,C1522,C1523,C1524,C1525,C1526,C1529,C1530,C1531,C1534,C1535,C1536,C1539,C1540,C1542,C1545,C1546,C1549,C1550,C1553,C1569,C1570,C1573,C1574,C1576,C1577,C1578,C1579,C1580,C1583,C1584,C1585,C1588,C1589,C1590,C1593,C1594,C1596,C1599,C1600,C1603,C1604,C1607,C1649,C1650,C1651,C1654,C1655,C1656,C1659,C1660,C1661,C1663,C1664,C1665,C1666,C1667,C1668,C1671,C1672,C1673,C1676,C1677,C1678,C1681,C1682,C1683,C1685,C1688,C1689,C1692,C1693,C1696,C1742,C1743,C1744,C1747,C1748,C1749,C1752,C1753,C1754,C1756,C1757,C1758,C1759,C1760,C1761,C1764,C1765,C1766,C1769,C1770,C1771,C1774,C1775,C1776,C1778,C1781,C1782,C1785,C1786,C1789,C1836,C1837,C1838,C1841,C1842,C1843,C1846,C1847,C1848,C1850,C1851,C1852,C1853,C1854,C1855,C1858,C1859,C1860,C1863,C1864,C1865,C1868,C1869,C1870,C1872,C1875,C1878,C1879,C1882,C1893,C1894,C1895,C1896,C1897,C1898,C1899,C1900,C1901,C1902,C1903,C1904,C1905,C1906,C1907,C1908,C1909,C1910,C1911,C1912,C1915,C1916,C1919,C1920,C1923,C1924",378
BCLIND,2026-09-15,32.95,34.18,52.01,34.01,-3.12,-36.65,-3.6,-9.68,"C144,C146,C148,C150,C151,C179,C180,C182,C184,C185,C198,C211,C212,C213,C224,C235,C236,C263,C266,C269,C271,C272,C310,C313,C316,C317,C353,C356,C359,C361,C362,C404,C407,C410,C412,C413,C456,C459,C461,C462,C498,C501,C504,C505,C506,C539,C542,C545,C546,C547,C578,C581,C584,C585,C586,C629,C632,C635,C636,C679,C682,C685,C686,C687,C722,C725,C727,C728,C729,C764,C765,C766,C806,C809,C811,C812,C813,C853,C856,C857,C858,C859,C902,C905,C906,C907,C908,C947,C950,C953,C954,C955,C958,C995,C998,C1001,C1002,C1003,C1040,C1043,C1046,C1047,C1048,C1096,C1099,C1102,C1141,C1144,C1147,C1149,C1150,C1154,C1157,C1158,C1164,C1165,C1179,C1186,C1196,C1214,C1219,C1221,C1243,C1244,C1256,C1257,C1258,C1261,C1262,C1263,C1266,C1267,C1268,C1270,C1271,C1274,C1275,C1278,C1279,C1282,C1284,C1289,C1304,C1305,C1308,C1309,C1310,C1313,C1314,C1315,C1317,C1318,C1319,C1322,C1323,C1326,C1327,C1330,C1332,C1335,C1338,C1354,C1355,C1358,C1359,C1360,C1363,C1364,C1365,C1367,C1368,C1369,C1372,C1373,C1376,C1377,C1380,C1382,C1387,C1406,C1407,C1410,C1411,C1412,C1415,C1416,C1417,C1419,C1420,C1421,C1422,C1425,C1426,C1429,C1430,C1433,C1435,C1440,C1464,C1465,C1466,C1469,C1470,C1471,C1474,C1475,C1476,C1478,C1479,C1480,C1481,C1482,C1485,C1486,C1489,C1490,C1493,C1516,C1517,C1519,C1520,C1522,C1523,C1524,C1525,C1526,C1529,C1530,C1531,C1534,C1535,C1536,C1539,C1540,C1542,C1545,C1546,C1549,C1550,C1553,C1569,C1570,C1573,C1574,C1576,C1577,C1578,C1579,C1580,C1583,C1584,C1585,C1588,C1589,C1590,C1593,C1594,C1596,C1599,C1600,C1603,C1604,C1607,C1649,C1650,C1651,C1654,C1655,C1656,C1659,C1660,C1661,C1663,C1664,C1665,C1666,C1667,C1668,C1671,C1672,C1673,C1676,C1677,C1678,C1681,C1682,C1683,C1685,C1688,C1689,C1692,C1693,C1696,C1742,C1743,C1744,C1747,C1748,C1749,C1752,C1753,C1754,C1756,C1757,C1758,C1759,C1760,C1761,C1764,C1765,C1766,C1769,C1770,C1771,C1774,C1775,C1776,C1778,C1781,C1782,C1785,C1786,C1789,C1836,C1837,C1838,C1841,C1842,C1843,C1846,C1847,C1848,C1850,C1851,C1852,C1853,C1854,C1855,C1858,C1859,C1860,C1863,C1864,C1865,C1868,C1869,C1870,C1872,C1875,C1878,C1879,C1882,C1893,C1894,C1895,C1896,C1897,C1898,C1899,C1900,C1901,C1902,C1903,C1904,C1905,C1906,C1907,C1908,C1909,C1910,C1911,C1912,C1915,C1916,C1919,C1920,C1923,C1924",378
NIBE,2026-09-15,1224.4,1282.4,2001.0,1266.5,-3.32,-38.81,-4.52,-7.1,"C144,C146,C148,C150,C151,C179,C180,C182,C184,C185,C198,C211,C212,C213,C224,C235,C236,C263,C266,C269,C271,C272,C310,C313,C316,C317,C353,C356,C359,C361,C362,C404,C407,C410,C412,C413,C456,C459,C461,C462,C498,C501,C504,C505,C506,C539,C542,C545,C546,C547,C578,C581,C584,C585,C586,C629,C632,C635,C636,C679,C682,C685,C686,C687,C722,C725,C727,C728,C729,C764,C765,C766,C806,C809,C811,C812,C813,C853,C856,C857,C858,C859,C902,C905,C906,C907,C908,C947,C950,C953,C954,C955,C958,C995,C998,C1001,C1002,C1003,C1040,C1043,C1046,C1047,C1048,C1096,C1099,C1102,C1141,C1144,C1147,C1149,C1150,C1154,C1157,C1158,C1164,C1165,C1179,C1186,C1196,C1214,C1219,C1221,C1243,C1244,C1256,C1257,C1258,C1261,C1262,C1263,C1266,C1267,C1268,C1270,C1271,C1274,C1275,C1278,C1279,C1282,C1284,C1289,C1304,C1305,C1308,C1309,C1310,C1313,C1314,C1315,C1317,C1318,C1319,C1322,C1323,C1326,C1327,C1330,C1332,C1335,C1338,C1354,C1355,C1358,C1359,C1360,C1363,C1364,C1365,C1367,C1368,C1369,C1372,C1373,C1376,C1377,C1380,C1382,C1387,C1406,C1407,C1410,C1411,C1412,C1415,C1416,C1417,C1419,C1420,C1421,C1422,C1425,C1426,C1429,C1430,C1433,C1435,C1440,C1464,C1465,C1466,C1469,C1470,C1471,C1474,C1475,C1476,C1478,C1479,C1480,C1481,C1482,C1485,C1486,C1489,C1490,C1493,C1516,C1517,C1519,C1520,C1522,C1523,C1524,C1525,C1526,C1529,C1530,C1531,C1534,C1535,C1536,C1539,C1540,C1542,C1545,C1546,C1549,C1550,C1553,C1569,C1570,C1573,C1574,C1576,C1577,C1578,C1579,C1580,C1583,C1584,C1585,C1588,C1589,C1590,C1593,C1594,C1596,C1599,C1600,C1603,C1604,C1607,C1649,C1650,C1651,C1654,C1655,C1656,C1659,C1660,C1661,C1663,C1664,C1665,C1666,C1667,C1668,C1671,C1672,C1673,C1676,C1677,C1678,C1681,C1682,C1683,C1685,C1688,C1689,C1692,C1693,C1696,C1742,C1743,C1744,C1747,C1748,C1749,C1752,C1753,C1754,C1756,C1757,C1758,C1759,C1760,C1761,C1764,C1765,C1766,C1769,C1770,C1771,C1774,C1775,C1776,C1778,C1781,C1782,C1785,C1786,C1789,C1836,C1837,C1838,C1841,C1842,C1843,C1846,C1847,C1848,C1850,C1851,C1852,C1853,C1854,C1855,C1858,C1859,C1860,C1863,C1864,C1865,C1868,C1869,C1870,C1872,C1875,C1878,C1879,C1882,C1893,C1894,C1895,C1896,C1897,C1898,C1899,C1900,C1901,C1902,C1903,C1904,C1905,C1906,C1907,C1908,C1909,C1910,C1911,C1912,C1915,C1916,C1919,C1920,C1923,C1924",378
NIITLTD,2026-09-15,87.32,92.49,204.2,92.0,-5.09,-57.24,-5.59,-10.18,"C1,C2,C3,C8,C9,C10,C14,C18,C19,C20,C21,C31,C32,C33,C36,C40,C41,C42,C43,C52,C53,C54,C56,C60,C61,C62,C63,C73,C74,C75,C76,C80,C81,C91,C92,C93,C94,C98,C119,C120,C121,C132,C133,C143,C144,C152,C153,C154,C166,C167,C168,C178,C179,C186,C187,C200,C211,C214,C235,C251,C261,C262,C263,C273,C274,C295,C296,C297,C298,C308,C309,C310,C318,C319,C338,C339,C340,C341,C351,C352,C353,C363,C364,C386,C387,C388,C389,C390,C402,C403,C404,C414,C415,C439,C440,C441,C442,C443,C454,C463,C464,C483,C484,C485,C486,C496,C497,C498,C507,C508,C525,C526,C527,C528,C537,C538,C539,C548,C549,C568,C569,C570,C571,C576,C577,C578,C587,C588,C612,C613,C614,C615,C616,C627,C628,C629,C637,C661,C662,C663,C664,C665,C677,C678,C679,C688,C689,C706,C707,C708,C709,C720,C721,C722,C730,C731,C749,C750,C751,C752,C762,C763,C764,C767,C768,C789,C790,C791,C792,C793,C804,C805,C806,C814,C815,C835,C836,C837,C838,C839,C851,C852,C853,C860,C861,C886,C887,C888,C889,C890,C900,C901,C902,C909,C910,C1158,C1159,C1160,C1163,C1164,C1167,C1192,C1193,C1194,C1202,C1207,C1245,C1250,C1255,C1256,C1257,C1258,C1272,C1273,C1274,C1275,C1285,C1286,C1292,C1298,C1303,C1304,C1305,C1320,C1321,C1322,C1323,C1333,C1334,C1335,C1341,C1348,C1353,C1354,C1355,C1370,C1371,C1372,C1373,C1383,C1384,C1390,C1397,C1405,C1406,C1407,C1423,C1424,C1425,C1426,C1436,C1437,C1443,C1444,C1445,C1454,C1463,C1464,C1465,C1466,C1483,C1484,C1485,C1486,C1495,C1496,C1501,C1502,C1507,C1508,C1515,C1516,C1517,C1527,C1528,C1529,C1530,C1531,C1543,C1544,C1545,C1546,C1554,C1555,C1560,C1561,C1568,C1569,C1570,C1581,C1582,C1583,C1584,C1585,C1597,C1598,C1599,C1600,C1608,C1609,C1610,C1611,C1627,C1628,C1629,C1630,C1631,C1647,C1648,C1649,C1650,C1651,C1669,C1670,C1671,C1672,C1673,C1686,C1687,C1688,C1689,C1697,C1698,C1699,C1700,C1701,C1719,C1720,C1721,C1722,C1723,C1740,C1741,C1742,C1743,C1744,C1762,C1763,C1764,C1765,C1766,C1779,C1780,C1781,C1782,C1790,C1791,C1792,C1793,C1794,C1812,C1813,C1814,C1815,C1816,C1834,C1835,C1836,C1837,C1838,C1856,C1857,C1858,C1859,C1860,C1873,C1874,C1875,C1886,C1893,C1894,C1902,C1903,C1904,C1913,C1914,C1915,C1916",378
SERVOTECH,2026-09-15,72.86,77.28,172.9,76.26,-4.46,-57.86,-5.72,-7.81,"C8,C9,C10,C14,C31,C32,C33,C36,C52,C53,C54,C56,C73,C74,C75,C76,C91,C92,C93,C94,C98,C99,C116,C132,C133,C143,C144,C166,C167,C168,C178,C179,C187,C200,C211,C214,C235,C251,C261,C262,C263,C273,C274,C295,C296,C297,C298,C308,C309,C310,C318,C319,C338,C339,C340,C341,C351,C352,C353,C363,C364,C386,C387,C388,C389,C390,C402,C403,C404,C414,C415,C439,C440,C441,C442,C443,C454,C463,C464,C483,C484,C485,C486,C496,C497,C498,C507,C508,C525,C526,C527,C528,C537,C538,C539,C548,C549,C568,C569,C570,C571,C576,C577,C578,C587,C588,C612,C613,C614,C615,C616,C627,C628,C629,C637,C661,C662,C663,C664,C665,C677,C678,C679,C688,C689,C706,C707,C708,C709,C720,C721,C722,C730,C731,C749,C750,C751,C752,C762,C763,C764,C767,C768,C789,C790,C791,C792,C793,C804,C805,C806,C814,C815,C835,C836,C837,C838,C839,C851,C852,C853,C860,C861,C886,C887,C888,C889,C890,C900,C901,C902,C909,C910,C930,C931,C932,C933,C934,C945,C946,C947,C956,C957,C958,C978,C979,C980,C981,C982,C993,C994,C995,C1004,C1005,C1028,C1038,C1039,C1040,C1049,C1050,C1076,C1077,C1078,C1079,C1080,C1094,C1095,C1096,C1103,C1104,C1124,C1125,C1126,C1139,C1140,C1141,C1151,C1158,C1159,C1160,C1163,C1164,C1192,C1193,C1194,C1202,C1207,C1237,C1238,C1239,C1240,C1250,C1255,C1256,C1257,C1258,C1272,C1273,C1274,C1275,C1285,C1286,C1298,C1303,C1304,C1305,C1320,C1321,C1322,C1323,C1333,C1334,C1335,C1348,C1353,C1354,C1355,C1370,C1371,C1372,C1373,C1383,C1384,C1397,C1405,C1406,C1407,C1423,C1424,C1425,C1426,C1436,C1437,C1454,C1463,C1464,C1465,C1466,C1483,C1484,C1485,C1486,C1495,C1496,C1507,C1508,C1515,C1516,C1517,C1527,C1528,C1529,C1530,C1531,C1543,C1544,C1545,C1546,C1560,C1561,C1568,C1569,C1570,C1581,C1582,C1583,C1584,C1585,C1597,C1598,C1599,C1600,C1627,C1628,C1629,C1630,C1631,C1647,C1648,C1649,C1650,C1651,C1669,C1670,C1671,C1672,C1673,C1686,C1687,C1688,C1689,C1719,C1720,C1721,C1722,C1723,C1740,C1741,C1742,C1743,C1744,C1762,C1763,C1764,C1765,C1766,C1779,C1780,C1781,C1782,C1812,C1813,C1814,C1815,C1816,C1834,C1835,C1836,C1837,C1838,C1856,C1857,C1858,C1859,C1860,C1873,C1874,C1875,C1886,C1893,C1894,C1902,C1903,C1904,C1913,C1914,C1915,C1916",378
SHREDIGCEM,2026-09-15,65.87,68.49,107.7,68.0,-3.13,-38.84,-3.83,-8.56,"C144,C146,C148,C150,C151,C179,C180,C182,C184,C185,C198,C211,C212,C213,C224,C235,C236,C263,C266,C269,C271,C272,C310,C313,C316,C317,C353,C356,C359,C361,C362,C404,C407,C410,C412,C413,C456,C459,C461,C462,C498,C501,C504,C505,C506,C539,C542,C545,C546,C547,C578,C581,C584,C585,C586,C629,C632,C635,C636,C679,C682,C685,C686,C687,C722,C725,C727,C728,C729,C764,C765,C766,C806,C809,C811,C812,C813,C853,C856,C857,C858,C859,C902,C905,C906,C907,C908,C947,C950,C953,C954,C955,C958,C995,C998,C1001,C1002,C1003,C1040,C1043,C1046,C1047,C1048,C1096,C1099,C1102,C1141,C1144,C1147,C1149,C1150,C1154,C1157,C1158,C1164,C1165,C1179,C1186,C1196,C1214,C1219,C1221,C1243,C1244,C1256,C1257,C1258,C1261,C1262,C1263,C1266,C1267,C1268,C1270,C1271,C1274,C1275,C1278,C1279,C1282,C1284,C1289,C1304,C1305,C1308,C1309,C1310,C1313,C1314,C1315,C1317,C1318,C1319,C1322,C1323,C1326,C1327,C1330,C1332,C1335,C1338,C1354,C1355,C1358,C1359,C1360,C1363,C1364,C1365,C1367,C1368,C1369,C1372,C1373,C1376,C1377,C1380,C1382,C1387,C1406,C1407,C1410,C1411,C1412,C1415,C1416,C1417,C1419,C1420,C1421,C1422,C1425,C1426,C1429,C1430,C1433,C1435,C1440,C1464,C1465,C1466,C1469,C1470,C1471,C1474,C1475,C1476,C1478,C1479,C1480,C1481,C1482,C1485,C1486,C1489,C1490,C1493,C1516,C1517,C1519,C1520,C1522,C1523,C1524,C1525,C1526,C1529,C1530,C1531,C1534,C1535,C1536,C1539,C1540,C1542,C1545,C1546,C1549,C1550,C1553,C1569,C1570,C1573,C1574,C1576,C1577,C1578,C1579,C1580,C1583,C1584,C1585,C1588,C1589,C1590,C1593,C1594,C1596,C1599,C1600,C1603,C1604,C1607,C1649,C1650,C1651,C1654,C1655,C1656,C1659,C1660,C1661,C1663,C1664,C1665,C1666,C1667,C1668,C1671,C1672,C1673,C1676,C1677,C1678,C1681,C1682,C1683,C1685,C1688,C1689,C1692,C1693,C1696,C1742,C1743,C1744,C1747,C1748,C1749,C1752,C1753,C1754,C1756,C1757,C1758,C1759,C1760,C1761,C1764,C1765,C1766,C1769,C1770,C1771,C1774,C1775,C1776,C1778,C1781,C1782,C1785,C1786,C1789,C1836,C1837,C1838,C1841,C1842,C1843,C1846,C1847,C1848,C1850,C1851,C1852,C1853,C1854,C1855,C1858,C1859,C1860,C1863,C1864,C1865,C1868,C1869,C1870,C1872,C1875,C1878,C1879,C1882,C1893,C1894,C1895,C1896,C1897,C1898,C1899,C1900,C1901,C1902,C1903,C1904,C1905,C1906,C1907,C1908,C1909,C1910,C1911,C1912,C1915,C1916,C1919,C1920,C1923,C1924",378
SRM,2026-09-15,419.9,439.35,649.95,434.95,-3.46,-35.4,-4.43,-8.73,"C144,C146,C148,C150,C151,C179,C180,C182,C184,C185,C198,C211,C212,C213,C224,C235,C236,C263,C266,C269,C271,C272,C310,C313,C316,C317,C353,C356,C359,C361,C362,C404,C407,C410,C412,C413,C456,C459,C461,C462,C498,C501,C504,C505,C506,C539,C542,C545,C546,C547,C578,C581,C584,C585,C586,C629,C632,C635,C636,C679,C682,C685,C686,C687,C722,C725,C727,C728,C729,C764,C765,C766,C806,C809,C811,C812,C813,C853,C856,C857,C858,C859,C902,C905,C906,C907,C908,C947,C950,C953,C954,C955,C958,C995,C998,C1001,C1002,C1003,C1040,C1043,C1046,C1047,C1048,C1096,C1099,C1102,C1141,C1144,C1147,C1149,C1150,C1154,C1157,C1158,C1164,C1165,C1179,C1186,C1196,C1214,C1219,C1221,C1243,C1244,C1256,C1257,C1258,C1261,C1262,C1263,C1266,C1267,C1268,C1270,C1271,C1274,C1275,C1278,C1279,C1282,C1284,C1289,C1304,C1305,C1308,C1309,C1310,C1313,C1314,C1315,C1317,C1318,C1319,C1322,C1323,C1326,C1327,C1330,C1332,C1335,C1338,C1354,C1355,C1358,C1359,C1360,C1363,C1364,C1365,C1367,C1368,C1369,C1372,C1373,C1376,C1377,C1380,C1382,C1387,C1406,C1407,C1410,C1411,C1412,C1415,C1416,C1417,C1419,C1420,C1421,C1422,C1425,C1426,C1429,C1430,C1433,C1435,C1440,C1464,C1465,C1466,C1469,C1470,C1471,C1474,C1475,C1476,C1478,C1479,C1480,C1481,C1482,C1485,C1486,C1489,C1490,C1493,C1516,C1517,C1519,C1520,C1522,C1523,C1524,C1525,C1526,C1529,C1530,C1531,C1534,C1535,C1536,C1539,C1540,C1542,C1545,C1546,C1549,C1550,C1553,C1569,C1570,C1573,C1574,C1576,C1577,C1578,C1579,C1580,C1583,C1584,C1585,C1588,C1589,C1590,C1593,C1594,C1596,C1599,C1600,C1603,C1604,C1607,C1649,C1650,C1651,C1654,C1655,C1656,C1659,C1660,C1661,C1663,C1664,C1665,C1666,C1667,C1668,C1671,C1672,C1673,C1676,C1677,C1678,C1681,C1682,C1683,C1685,C1688,C1689,C1692,C1693,C1696,C1742,C1743,C1744,C1747,C1748,C1749,C1752,C1753,C1754,C1756,C1757,C1758,C1759,C1760,C1761,C1764,C1765,C1766,C1769,C1770,C1771,C1774,C1775,C1776,C1778,C1781,C1782,C1785,C1786,C1789,C1836,C1837,C1838,C1841,C1842,C1843,C1846,C1847,C1848,C1850,C1851,C1852,C1853,C1854,C1855,C1858,C1859,C1860,C1863,C1864,C1865,C1868,C1869,C1870,C1872,C1875,C1878,C1879,C1882,C1893,C1894,C1895,C1896,C1897,C1898,C1899,C1900,C1901,C1902,C1903,C1904,C1905,C1906,C1907,C1908,C1909,C1910,C1911,C1912,C1915,C1916,C1919,C1920,C1923,C1924",378
UMESLTD,2026-09-15,4.53,4.97,7.28,4.7,-3.62,-37.77,-8.85,-11.0,"C144,C146,C148,C150,C151,C179,C180,C182,C184,C185,C198,C211,C212,C213,C224,C235,C236,C263,C266,C269,C271,C272,C310,C313,C316,C317,C353,C356,C359,C361,C362,C404,C407,C410,C412,C413,C456,C459,C461,C462,C498,C501,C504,C505,C506,C539,C542,C545,C546,C547,C578,C581,C584,C585,C586,C629,C632,C635,C636,C679,C682,C685,C686,C687,C722,C725,C727,C728,C729,C764,C765,C766,C806,C809,C811,C812,C813,C853,C856,C857,C858,C859,C902,C905,C906,C907,C908,C947,C950,C953,C954,C955,C958,C995,C998,C1001,C1002,C1003,C1040,C1043,C1046,C1047,C1048,C1096,C1099,C1102,C1141,C1144,C1147,C1149,C1150,C1154,C1157,C1158,C1164,C1165,C1179,C1186,C1196,C1214,C1219,C1221,C1243,C1244,C1256,C1257,C1258,C1261,C1262,C1263,C1266,C1267,C1268,C1270,C1271,C1274,C1275,C1278,C1279,C1282,C1284,C1289,C1304,C1305,C1308,C1309,C1310,C1313,C1314,C1315,C1317,C1318,C1319,C1322,C1323,C1326,C1327,C1330,C1332,C1335,C1338,C1354,C1355,C1358,C1359,C1360,C1363,C1364,C1365,C1367,C1368,C1369,C1372,C1373,C1376,C1377,C1380,C1382,C1387,C1406,C1407,C1410,C1411,C1412,C1415,C1416,C1417,C1419,C1420,C1421,C1422,C1425,C1426,C1429,C1430,C1433,C1435,C1440,C1464,C1465,C1466,C1469,C1470,C1471,C1474,C1475,C1476,C1478,C1479,C1480,C1481,C1482,C1485,C1486,C1489,C1490,C1493,C1516,C1517,C1519,C1520,C1522,C1523,C1524,C1525,C1526,C1529,C1530,C1531,C1534,C1535,C1536,C1539,C1540,C1542,C1545,C1546,C1549,C1550,C1553,C1569,C1570,C1573,C1574,C1576,C1577,C1578,C1579,C1580,C1583,C1584,C1585,C1588,C1589,C1590,C1593,C1594,C1596,C1599,C1600,C1603,C1604,C1607,C1649,C1650,C1651,C1654,C1655,C1656,C1659,C1660,C1661,C1663,C1664,C1665,C1666,C1667,C1668,C1671,C1672,C1673,C1676,C1677,C1678,C1681,C1682,C1683,C1685,C1688,C1689,C1692,C1693,C1696,C1742,C1743,C1744,C1747,C1748,C1749,C1752,C1753,C1754,C1756,C1757,C1758,C1759,C1760,C1761,C1764,C1765,C1766,C1769,C1770,C1771,C1774,C1775,C1776,C1778,C1781,C1782,C1785,C1786,C1789,C1836,C1837,C1838,C1841,C1842,C1843,C1846,C1847,C1848,C1850,C1851,C1852,C1853,C1854,C1855,C1858,C1859,C1860,C1863,C1864,C1865,C1868,C1869,C1870,C1872,C1875,C1878,C1879,C1882,C1893,C1894,C1895,C1896,C1897,C1898,C1899,C1900,C1901,C1902,C1903,C1904,C1905,C1906,C1907,C1908,C1909,C1910,C1911,C1912,C1915,C1916,C1919,C1920,C1923,C1924",378
SKMEGGPROD,2026-09-15,231.9,241.3,465.0,240.0,-3.37,-50.13,-3.9,-6.06,"C14,C36,C56,C76,C94,C143,C144,C145,C146,C178,C179,C180,C211,C235,C261,C262,C263,C264,C265,C266,C273,C274,C275,C276,C308,C309,C310,C311,C312,C313,C318,C319,C320,C321,C351,C352,C353,C354,C355,C356,C363,C364,C365,C366,C402,C403,C404,C405,C406,C407,C414,C415,C416,C417,C454,C455,C456,C463,C464,C465,C466,C496,C497,C498,C499,C500,C501,C507,C508,C509,C510,C537,C538,C539,C540,C541,C542,C548,C549,C550,C551,C576,C577,C578,C579,C580,C581,C587,C588,C589,C590,C627,C628,C629,C630,C631,C632,C637,C638,C639,C677,C678,C679,C680,C681,C682,C688,C689,C690,C691,C1158,C1159,C1164,C1202,C1255,C1256,C1257,C1258,C1259,C1260,C1261,C1262,C1263,C1272,C1273,C1274,C1275,C1276,C1277,C1278,C1279,C1285,C1286,C1287,C1288,C1289,C1303,C1304,C1305,C1306,C1307,C1308,C1309,C1310,C1320,C1321,C1322,C1323,C1324,C1325,C1326,C1327,C1333,C1334,C1335,C1336,C1337,C1338,C1353,C1354,C1355,C1356,C1357,C1358,C1359,C1360,C1370,C1371,C1372,C1373,C1374,C1375,C1376,C1377,C1383,C1384,C1385,C1386,C1387,C1405,C1406,C1407,C1408,C1409,C1410,C1411,C1412,C1423,C1424,C1425,C1426,C1427,C1428,C1429,C1430,C1436,C1437,C1438,C1439,C1440,C1463,C1464,C1465,C1466,C1467,C1468,C1469,C1470,C1471,C1483,C1484,C1485,C1486,C1487,C1488,C1489,C1490,C1495,C1496,C1497,C1498,C1515,C1516,C1517,C1518,C1519,C1520,C1527,C1528,C1529,C1530,C1531,C1532,C1533,C1534,C1535,C1536,C1543,C1544,C1545,C1546,C1547,C1548,C1549,C1550,C1568,C1569,C1570,C1571,C1572,C1573,C1574,C1581,C1582,C1583,C1584,C1585,C1586,C1587,C1588,C1589,C1590,C1597,C1598,C1599,C1600,C1601,C1602,C1603,C1604,C1647,C1648,C1649,C1650,C1651,C1652,C1653,C1654,C1655,C1656,C1669,C1670,C1671,C1672,C1673,C1674,C1675,C1676,C1677,C1678,C1686,C1687,C1688,C1689,C1690,C1691,C1692,C1693,C1740,C1741,C1742,C1743,C1744,C1745,C1746,C1747,C1748,C1749,C1762,C1763,C1764,C1765,C1766,C1767,C1768,C1769,C1770,C1771,C1779,C1780,C1781,C1782,C1783,C1784,C1785,C1786,C1834,C1835,C1836,C1837,C1838,C1839,C1840,C1841,C1842,C1843,C1856,C1857,C1858,C1859,C1860,C1861,C1862,C1863,C1864,C1865,C1873,C1874,C1875,C1876,C1877,C1878,C1879,C1893,C1894,C1895,C1896,C1902,C1903,C1904,C1905,C1906,C1907,C1913,C1914,C1915,C1916,C1917,C1918,C1919,C1920",371
MANAKALUCO,2026-09-15,35.47,36.87,64.88,36.75,-3.48,-45.33,-3.8,-10.07,"C14,C36,C56,C76,C94,C211,C235,C273,C274,C275,C276,C277,C278,C318,C319,C320,C321,C322,C323,C363,C364,C365,C366,C367,C368,C414,C415,C416,C417,C418,C419,C463,C464,C465,C466,C467,C468,C507,C508,C509,C510,C548,C549,C550,C551,C587,C588,C589,C590,C591,C637,C638,C639,C688,C689,C690,C691,C1159,C1164,C1204,C1255,C1256,C1257,C1258,C1259,C1260,C1261,C1262,C1263,C1264,C1265,C1266,C1267,C1268,C1272,C1273,C1274,C1275,C1276,C1277,C1278,C1279,C1280,C1281,C1282,C1285,C1286,C1287,C1288,C1289,C1290,C1291,C1303,C1304,C1305,C1306,C1307,C1308,C1309,C1310,C1311,C1312,C1313,C1314,C1315,C1320,C1321,C1322,C1323,C1324,C1325,C1326,C1327,C1328,C1329,C1330,C1333,C1334,C1335,C1336,C1337,C1338,C1339,C1340,C1353,C1354,C1355,C1356,C1357,C1358,C1359,C1360,C1361,C1362,C1363,C1364,C1365,C1370,C1371,C1372,C1373,C1374,C1375,C1376,C1377,C1378,C1379,C1380,C1383,C1384,C1385,C1386,C1387,C1388,C1389,C1405,C1406,C1407,C1408,C1409,C1410,C1411,C1412,C1413,C1414,C1415,C1416,C1417,C1423,C1424,C1425,C1426,C1427,C1428,C1429,C1430,C1431,C1432,C1433,C1436,C1437,C1438,C1439,C1440,C1441,C1442,C1463,C1464,C1465,C1466,C1467,C1468,C1469,C1470,C1471,C1472,C1473,C1474,C1475,C1476,C1483,C1484,C1485,C1486,C1487,C1488,C1489,C1490,C1491,C1492,C1493,C1495,C1496,C1497,C1498,C1499,C1500,C1527,C1528,C1529,C1530,C1531,C1532,C1533,C1534,C1535,C1536,C1537,C1538,C1539,C1540,C1543,C1544,C1545,C1546,C1547,C1548,C1549,C1550,C1551,C1552,C1553,C1581,C1582,C1583,C1584,C1585,C1586,C1587,C1588,C1589,C1590,C1591,C1592,C1593,C1594,C1597,C1598,C1599,C1600,C1601,C1602,C1603,C1604,C1605,C1606,C1607,C1669,C1670,C1671,C1672,C1673,C1674,C1675,C1676,C1677,C1678,C1679,C1680,C1681,C1682,C1683,C1686,C1687,C1688,C1689,C1690,C1691,C1692,C1693,C1694,C1695,C1696,C1762,C1763,C1764,C1765,C1766,C1767,C1768,C1769,C1770,C1771,C1772,C1773,C1774,C1775,C1776,C1779,C1780,C1781,C1782,C1783,C1784,C1785,C1786,C1787,C1788,C1789,C1856,C1857,C1858,C1859,C1860,C1861,C1862,C1863,C1864,C1865,C1866,C1867,C1868,C1869,C1870,C1873,C1874,C1875,C1876,C1877,C1878,C1879,C1880,C1881,C1882,C1902,C1903,C1904,C1905,C1906,C1907,C1908,C1909,C1910,C1913,C1914,C1915,C1916,C1917,C1918,C1919,C1920,C1921,C1922,C1923,C1924",365
BDL,2026-09-15,1135.0,1190.0,2096.6,1165.0,-2.58,-45.86,-4.62,-8.59,"C273,C274,C275,C276,C277,C278,C318,C319,C320,C321,C322,C323,C363,C364,C365,C366,C367,C368,C414,C415,C416,C417,C418,C419,C463,C464,C465,C466,C467,C468,C507,C508,C509,C510,C548,C549,C550,C551,C587,C588,C589,C590,C591,C637,C638,C639,C688,C689,C690,C691,C730,C731,C732,C733,C734,C767,C768,C769,C770,C771,C814,C815,C816,C817,C818,C860,C861,C862,C863,C864,C909,C910,C911,C912,C913,C956,C957,C958,C959,C960,C1004,C1005,C1006,C1007,C1008,C1049,C1050,C1051,C1052,C1053,C1103,C1104,C1105,C1106,C1107,C1151,C1152,C1153,C1154,C1155,C1159,C1204,C1236,C1272,C1273,C1274,C1275,C1276,C1277,C1278,C1279,C1280,C1281,C1282,C1285,C1286,C1287,C1288,C1289,C1290,C1291,C1320,C1321,C1322,C1323,C1324,C1325,C1326,C1327,C1328,C1329,C1330,C1333,C1334,C1335,C1336,C1337,C1338,C1339,C1340,C1370,C1371,C1372,C1373,C1374,C1375,C1376,C1377,C1378,C1379,C1380,C1383,C1384,C1385,C1386,C1387,C1388,C1389,C1423,C1424,C1425,C1426,C1427,C1428,C1429,C1430,C1431,C1432,C1433,C1436,C1437,C1438,C1439,C1440,C1441,C1442,C1483,C1484,C1485,C1486,C1487,C1488,C1489,C1490,C1491,C1492,C1493,C1495,C1496,C1497,C1498,C1499,C1500,C1527,C1528,C1529,C1530,C1531,C1532,C1533,C1534,C1535,C1536,C1537,C1538,C1539,C1540,C1543,C1544,C1545,C1546,C1547,C1548,C1549,C1550,C1551,C1552,C1553,C1581,C1582,C1583,C1584,C1585,C1586,C1587,C1588,C1589,C1590,C1591,C1592,C1593,C1594,C1597,C1598,C1599,C1600,C1601,C1602,C1603,C1604,C1605,C1606,C1607,C1669,C1670,C1671,C1672,C1673,C1674,C1675,C1676,C1677,C1678,C1679,C1680,C1681,C1682,C1683,C1686,C1687,C1688,C1689,C1690,C1691,C1692,C1693,C1694,C1695,C1696,C1762,C1763,C1764,C1765,C1766,C1767,C1768,C1769,C1770,C1771,C1772,C1773,C1774,C1775,C1776,C1779,C1780,C1781,C1782,C1783,C1784,C1785,C1786,C1787,C1788,C1789,C1856,C1857,C1858,C1859,C1860,C1861,C1862,C1863,C1864,C1865,C1866,C1867,C1868,C1869,C1870,C1873,C1874,C1875,C1876,C1877,C1878,C1879,C1880,C1881,C1882,C1902,C1903,C1904,C1905,C1906,C1907,C1908,C1909,C1910,C1913,C1914,C1915,C1916,C1917,C1918,C1919,C1920,C1921,C1922,C1923,C1924",341
CSBBANK,2026-09-15,296.35,305.7,574.4,304.0,-2.52,-48.41,-3.06,-7.72,"C273,C274,C275,C276,C277,C278,C318,C319,C320,C321,C322,C323,C363,C364,C365,C366,C367,C368,C414,C415,C416,C417,C418,C419,C463,C464,C465,C466,C467,C468,C507,C508,C509,C510,C548,C549,C550,C551,C587,C588,C589,C590,C591,C637,C638,C639,C688,C689,C690,C691,C730,C731,C732,C733,C734,C767,C768,C769,C770,C771,C814,C815,C816,C817,C818,C860,C861,C862,C863,C864,C909,C910,C911,C912,C913,C956,C957,C958,C959,C960,C1004,C1005,C1006,C1007,C1008,C1049,C1050,C1051,C1052,C1053,C1103,C1104,C1105,C1106,C1107,C1151,C1152,C1153,C1154,C1155,C1159,C1204,C1236,C1272,C1273,C1274,C1275,C1276,C1277,C1278,C1279,C1280,C1281,C1282,C1285,C1286,C1287,C1288,C1289,C1290,C1291,C1320,C1321,C1322,C1323,C1324,C1325,C1326,C1327,C1328,C1329,C1330,C1333,C1334,C1335,C1336,C1337,C1338,C1339,C1340,C1370,C1371,C1372,C1373,C1374,C1375,C1376,C1377,C1378,C1379,C1380,C1383,C1384,C1385,C1386,C1387,C1388,C1389,C1423,C1424,C1425,C1426,C1427,C1428,C1429,C1430,C1431,C1432,C1433,C1436,C1437,C1438,C1439,C1440,C1441,C1442,C1483,C1484,C1485,C1486,C1487,C1488,C1489,C1490,C1491,C1492,C1493,C1495,C1496,C1497,C1498,C1499,C1500,C1527,C1528,C1529,C1530,C1531,C1532,C1533,C1534,C1535,C1536,C1537,C1538,C1539,C1540,C1543,C1544,C1545,C1546,C1547,C1548,C1549,C1550,C1551,C1552,C1553,C1581,C1582,C1583,C1584,C1585,C1586,C1587,C1588,C1589,C1590,C1591,C1592,C1593,C1594,C1597,C1598,C1599,C1600,C1601,C1602,C1603,C1604,C1605,C1606,C1607,C1669,C1670,C1671,C1672,C1673,C1674,C1675,C1676,C1677,C1678,C1679,C1680,C1681,C1682,C1683,C1686,C1687,C1688,C1689,C1690,C1691,C1692,C1693,C1694,C1695,C1696,C1762,C1763,C1764,C1765,C1766,C1767,C1768,C1769,C1770,C1771,C1772,C1773,C1774,C1775,C1776,C1779,C1780,C1781,C1782,C1783,C1784,C1785,C1786,C1787,C1788,C1789,C1856,C1857,C1858,C1859,C1860,C1861,C1862,C1863,C1864,C1865,C1866,C1867,C1868,C1869,C1870,C1873,C1874,C1875,C1876,C1877,C1878,C1879,C1880,C1881,C1882,C1902,C1903,C1904,C1905,C1906,C1907,C1908,C1909,C1910,C1913,C1914,C1915,C1916,C1917,C1918,C1919,C1920,C1921,C1922,C1923,C1924",341
MSUMI,2026-09-15,35.06,36.3,65.96,36.02,-2.67,-46.85,-3.42,-4.99,"C273,C274,C275,C276,C277,C278,C318,C319,C320,C321,C322,C323,C363,C364,C365,C366,C367,C368,C414,C415,C416,C417,C418,C419,C463,C464,C465,C466,C467,C468,C507,C508,C509,C510,C548,C549,C550,C551,C587,C588,C589,C590,C591,C637,C638,C639,C688,C689,C690,C691,C730,C731,C732,C733,C734,C767,C768,C769,C770,C771,C814,C815,C816,C817,C818,C860,C861,C862,C863,C864,C909,C910,C911,C912,C913,C956,C957,C958,C959,C960,C1004,C1005,C1006,C1007,C1008,C1049,C1050,C1051,C1052,C1053,C1103,C1104,C1105,C1106,C1107,C1151,C1152,C1153,C1154,C1155,C1159,C1204,C1236,C1272,C1273,C1274,C1275,C1276,C1277,C1278,C1279,C1280,C1281,C1282,C1285,C1286,C1287,C1288,C1289,C1290,C1291,C1320,C1321,C1322,C1323,C1324,C1325,C1326,C1327,C1328,C1329,C1330,C1333,C1334,C1335,C1336,C1337,C1338,C1339,C1340,C1370,C1371,C1372,C1373,C1374,C1375,C1376,C1377,C1378,C1379,C1380,C1383,C1384,C1385,C1386,C1387,C1388,C1389,C1423,C1424,C1425,C1426,C1427,C1428,C1429,C1430,C1431,C1432,C1433,C1436,C1437,C1438,C1439,C1440,C1441,C1442,C1483,C1484,C1485,C1486,C1487,C1488,C1489,C1490,C1491,C1492,C1493,C1495,C1496,C1497,C1498,C1499,C1500,C1527,C1528,C1529,C1530,C1531,C1532,C1533,C1534,C1535,C1536,C1537,C1538,C1539,C1540,C1543,C1544,C1545,C1546,C1547,C1548,C1549,C1550,C1551,C1552,C1553,C1581,C1582,C1583,C1584,C1585,C1586,C1587,C1588,C1589,C1590,C1591,C1592,C1593,C1594,C1597,C1598,C1599,C1600,C1601,C1602,C1603,C1604,C1605,C1606,C1607,C1669,C1670,C1671,C1672,C1673,C1674,C1675,C1676,C1677,C1678,C1679,C1680,C1681,C1682,C1683,C1686,C1687,C1688,C1689,C1690,C1691,C1692,C1693,C1694,C1695,C1696,C1762,C1763,C1764,C1765,C1766,C1767,C1768,C1769,C1770,C1771,C1772,C1773,C1774,C1775,C1776,C1779,C1780,C1781,C1782,C1783,C1784,C1785,C1786,C1787,C1788,C1789,C1856,C1857,C1858,C1859,C1860,C1861,C1862,C1863,C1864,C1865,C1866,C1867,C1868,C1869,C1870,C1873,C1874,C1875,C1876,C1877,C1878,C1879,C1880,C1881,C1882,C1902,C1903,C1904,C1905,C1906,C1907,C1908,C1909,C1910,C1913,C1914,C1915,C1916,C1917,C1918,C1919,C1920,C1921,C1922,C1923,C1924",341
PARKHOTELS,2026-09-15,106.83,110.77,206.2,109.2,-2.17,-48.19,-3.56,-3.94,"C273,C274,C275,C276,C277,C278,C318,C319,C320,C321,C322,C323,C363,C364,C365,C366,C367,C368,C414,C415,C416,C417,C418,C419,C463,C464,C465,C466,C467,C468,C507,C508,C509,C510,C548,C549,C550,C551,C587,C588,C589,C590,C591,C637,C638,C639,C688,C689,C690,C691,C730,C731,C732,C733,C734,C767,C768,C769,C770,C771,C814,C815,C816,C817,C818,C860,C861,C862,C863,C864,C909,C910,C911,C912,C913,C956,C957,C958,C959,C960,C1004,C1005,C1006,C1007,C1008,C1049,C1050,C1051,C1052,C1053,C1103,C1104,C1105,C1106,C1107,C1151,C1152,C1153,C1154,C1155,C1159,C1204,C1236,C1272,C1273,C1274,C1275,C1276,C1277,C1278,C1279,C1280,C1281,C1282,C1285,C1286,C1287,C1288,C1289,C1290,C1291,C1320,C1321,C1322,C1323,C1324,C1325,C1326,C1327,C1328,C1329,C1330,C1333,C1334,C1335,C1336,C1337,C1338,C1339,C1340,C1370,C1371,C1372,C1373,C1374,C1375,C1376,C1377,C1378,C1379,C1380,C1383,C1384,C1385,C1386,C1387,C1388,C1389,C1423,C1424,C1425,C1426,C1427,C1428,C1429,C1430,C1431,C1432,C1433,C1436,C1437,C1438,C1439,C1440,C1441,C1442,C1483,C1484,C1485,C1486,C1487,C1488,C1489,C1490,C1491,C1492,C1493,C1495,C1496,C1497,C1498,C1499,C1500,C1527,C1528,C1529,C1530,C1531,C1532,C1533,C1534,C1535,C1536,C1537,C1538,C1539,C1540,C1543,C1544,C1545,C1546,C1547,C1548,C1549,C1550,C1551,C1552,C1553,C1581,C1582,C1583,C1584,C1585,C1586,C1587,C1588,C1589,C1590,C1591,C1592,C1593,C1594,C1597,C1598,C1599,C1600,C1601,C1602,C1603,C1604,C1605,C1606,C1607,C1669,C1670,C1671,C1672,C1673,C1674,C1675,C1676,C1677,C1678,C1679,C1680,C1681,C1682,C1683,C1686,C1687,C1688,C1689,C1690,C1691,C1692,C1693,C1694,C1695,C1696,C1762,C1763,C1764,C1765,C1766,C1767,C1768,C1769,C1770,C1771,C1772,C1773,C1774,C1775,C1776,C1779,C1780,C1781,C1782,C1783,C1784,C1785,C1786,C1787,C1788,C1789,C1856,C1857,C1858,C1859,C1860,C1861,C1862,C1863,C1864,C1865,C1866,C1867,C1868,C1869,C1870,C1873,C1874,C1875,C1876,C1877,C1878,C1879,C1880,C1881,C1882,C1902,C1903,C1904,C1905,C1906,C1907,C1908,C1909,C1910,C1913,C1914,C1915,C1916,C1917,C1918,C1919,C1920,C1921,C1922,C1923,C1924",341
SUNTECK,2026-09-15,276.2,288.0,545.0,282.1,-2.09,-49.32,-4.1,-6.05,"C273,C274,C275,C276,C277,C278,C318,C319,C320,C321,C322,C323,C363,C364,C365,C366,C367,C368,C414,C415,C416,C417,C418,C419,C463,C464,C465,C466,C467,C468,C507,C508,C509,C510,C548,C549,C550,C551,C587,C588,C589,C590,C591,C637,C638,C639,C688,C689,C690,C691,C730,C731,C732,C733,C734,C767,C768,C769,C770,C771,C814,C815,C816,C817,C818,C860,C861,C862,C863,C864,C909,C910,C911,C912,C913,C956,C957,C958,C959,C960,C1004,C1005,C1006,C1007,C1008,C1049,C1050,C1051,C1052,C1053,C1103,C1104,C1105,C1106,C1107,C1151,C1152,C1153,C1154,C1155,C1159,C1204,C1236,C1272,C1273,C1274,C1275,C1276,C1277,C1278,C1279,C1280,C1281,C1282,C1285,C1286,C1287,C1288,C1289,C1290,C1291,C1320,C1321,C1322,C1323,C1324,C1325,C1326,C1327,C1328,C1329,C1330,C1333,C1334,C1335,C1336,C1337,C1338,C1339,C1340,C1370,C1371,C1372,C1373,C1374,C1375,C1376,C1377,C1378,C1379,C1380,C1383,C1384,C1385,C1386,C1387,C1388,C1389,C1423,C1424,C1425,C1426,C1427,C1428,C1429,C1430,C1431,C1432,C1433,C1436,C1437,C1438,C1439,C1440,C1441,C1442,C1483,C1484,C1485,C1486,C1487,C1488,C1489,C1490,C1491,C1492,C1493,C1495,C1496,C1497,C1498,C1499,C1500,C1527,C1528,C1529,C1530,C1531,C1532,C1533,C1534,C1535,C1536,C1537,C1538,C1539,C1540,C1543,C1544,C1545,C1546,C1547,C1548,C1549,C1550,C1551,C1552,C1553,C1581,C1582,C1583,C1584,C1585,C1586,C1587,C1588,C1589,C1590,C1591,C1592,C1593,C1594,C1597,C1598,C1599,C1600,C1601,C1602,C1603,C1604,C1605,C1606,C1607,C1669,C1670,C1671,C1672,C1673,C1674,C1675,C1676,C1677,C1678,C1679,C1680,C1681,C1682,C1683,C1686,C1687,C1688,C1689,C1690,C1691,C1692,C1693,C1694,C1695,C1696,C1762,C1763,C1764,C1765,C1766,C1767,C1768,C1769,C1770,C1771,C1772,C1773,C1774,C1775,C1776,C1779,C1780,C1781,C1782,C1783,C1784,C1785,C1786,C1787,C1788,C1789,C1856,C1857,C1858,C1859,C1860,C1861,C1862,C1863,C1864,C1865,C1866,C1867,C1868,C1869,C1870,C1873,C1874,C1875,C1876,C1877,C1878,C1879,C1880,C1881,C1882,C1902,C1903,C1904,C1905,C1906,C1907,C1908,C1909,C1910,C1913,C1914,C1915,C1916,C1917,C1918,C1919,C1920,C1921,C1922,C1923,C1924",341
TERASOFT,2026-09-15,238.35,248.8,474.15,245.0,-2.71,-49.73,-4.2,-12.77,"C273,C274,C275,C276,C277,C278,C318,C319,C320,C321,C322,C323,C363,C364,C365,C366,C367,C368,C414,C415,C416,C417,C418,C419,C463,C464,C465,C466,C467,C468,C507,C508,C509,C510,C548,C549,C550,C551,C587,C588,C589,C590,C591,C637,C638,C639,C688,C689,C690,C691,C730,C731,C732,C733,C734,C767,C768,C769,C770,C771,C814,C815,C816,C817,C818,C860,C861,C862,C863,C864,C909,C910,C911,C912,C913,C956,C957,C958,C959,C960,C1004,C1005,C1006,C1007,C1008,C1049,C1050,C1051,C1052,C1053,C1103,C1104,C1105,C1106,C1107,C1151,C1152,C1153,C1154,C1155,C1159,C1204,C1236,C1272,C1273,C1274,C1275,C1276,C1277,C1278,C1279,C1280,C1281,C1282,C1285,C1286,C1287,C1288,C1289,C1290,C1291,C1320,C1321,C1322,C1323,C1324,C1325,C1326,C1327,C1328,C1329,C1330,C1333,C1334,C1335,C1336,C1337,C1338,C1339,C1340,C1370,C1371,C1372,C1373,C1374,C1375,C1376,C1377,C1378,C1379,C1380,C1383,C1384,C1385,C1386,C1387,C1388,C1389,C1423,C1424,C1425,C1426,C1427,C1428,C1429,C1430,C1431,C1432,C1433,C1436,C1437,C1438,C1439,C1440,C1441,C1442,C1483,C1484,C1485,C1486,C1487,C1488,C1489,C1490,C1491,C1492,C1493,C1495,C1496,C1497,C1498,C1499,C1500,C1527,C1528,C1529,C1530,C1531,C1532,C1533,C1534,C1535,C1536,C1537,C1538,C1539,C1540,C1543,C1544,C1545,C1546,C1547,C1548,C1549,C1550,C1551,C1552,C1553,C1581,C1582,C1583,C1584,C1585,C1586,C1587,C1588,C1589,C1590,C1591,C1592,C1593,C1594,C1597,C1598,C1599,C1600,C1601,C1602,C1603,C1604,C1605,C1606,C1607,C1669,C1670,C1671,C1672,C1673,C1674,C1675,C1676,C1677,C1678,C1679,C1680,C1681,C1682,C1683,C1686,C1687,C1688,C1689,C1690,C1691,C1692,C1693,C1694,C1695,C1696,C1762,C1763,C1764,C1765,C1766,C1767,C1768,C1769,C1770,C1771,C1772,C1773,C1774,C1775,C1776,C1779,C1780,C1781,C1782,C1783,C1784,C1785,C1786,C1787,C1788,C1789,C1856,C1857,C1858,C1859,C1860,C1861,C1862,C1863,C1864,C1865,C1866,C1867,C1868,C1869,C1870,C1873,C1874,C1875,C1876,C1877,C1878,C1879,C1880,C1881,C1882,C1902,C1903,C1904,C1905,C1906,C1907,C1908,C1909,C1910,C1913,C1914,C1915,C1916,C1917,C1918,C1919,C1920,C1921,C1922,C1923,C1924",341
ZEEL,2026-09-15,77.41,79.36,151.7,79.2,-2.26,-48.97,-2.46,-9.98,"C273,C274,C275,C276,C277,C278,C318,C319,C320,C321,C322,C323,C363,C364,C365,C366,C367,C368,C414,C415,C416,C417,C418,C419,C463,C464,C465,C466,C467,C468,C507,C508,C509,C510,C548,C549,C550,C551,C587,C588,C589,C590,C591,C637,C638,C639,C688,C689,C690,C691,C730,C731,C732,C733,C734,C767,C768,C769,C770,C771,C814,C815,C816,C817,C818,C860,C861,C862,C863,C864,C909,C910,C911,C912,C913,C956,C957,C958,C959,C960,C1004,C1005,C1006,C1007,C1008,C1049,C1050,C1051,C1052,C1053,C1103,C1104,C1105,C1106,C1107,C1151,C1152,C1153,C1154,C1155,C1159,C1204,C1236,C1272,C1273,C1274,C1275,C1276,C1277,C1278,C1279,C1280,C1281,C1282,C1285,C1286,C1287,C1288,C1289,C1290,C1291,C1320,C1321,C1322,C1323,C1324,C1325,C1326,C1327,C1328,C1329,C1330,C1333,C1334,C1335,C1336,C1337,C1338,C1339,C1340,C1370,C1371,C1372,C1373,C1374,C1375,C1376,C1377,C1378,C1379,C1380,C1383,C1384,C1385,C1386,C1387,C1388,C1389,C1423,C1424,C1425,C1426,C1427,C1428,C1429,C1430,C1431,C1432,C1433,C1436,C1437,C1438,C1439,C1440,C1441,C1442,C1483,C1484,C1485,C1486,C1487,C1488,C1489,C1490,C1491,C1492,C1493,C1495,C1496,C1497,C1498,C1499,C1500,C1527,C1528,C1529,C1530,C1531,C1532,C1533,C1534,C1535,C1536,C1537,C1538,C1539,C1540,C1543,C1544,C1545,C1546,C1547,C1548,C1549,C1550,C1551,C1552,C1553,C1581,C1582,C1583,C1584,C1585,C1586,C1587,C1588,C1589,C1590,C1591,C1592,C1593,C1594,C1597,C1598,C1599,C1600,C1601,C1602,C1603,C1604,C1605,C1606,C1607,C1669,C1670,C1671,C1672,C1673,C1674,C1675,C1676,C1677,C1678,C1679,C1680,C1681,C1682,C1683,C1686,C1687,C1688,C1689,C1690,C1691,C1692,C1693,C1694,C1695,C1696,C1762,C1763,C1764,C1765,C1766,C1767,C1768,C1769,C1770,C1771,C1772,C1773,C1774,C1775,C1776,C1779,C1780,C1781,C1782,C1783,C1784,C1785,C1786,C1787,C1788,C1789,C1856,C1857,C1858,C1859,C1860,C1861,C1862,C1863,C1864,C1865,C1866,C1867,C1868,C1869,C1870,C1873,C1874,C1875,C1876,C1877,C1878,C1879,C1880,C1881,C1882,C1902,C1903,C1904,C1905,C1906,C1907,C1908,C1909,C1910,C1913,C1914,C1915,C1916,C1917,C1918,C1919,C1920,C1921,C1922,C1923,C1924",341
PROSTARM,2026-09-15,126.04,133.63,253.49,132.5,-4.88,-50.28,-5.68,-9.23,"C8,C9,C10,C11,C12,C14,C31,C32,C33,C34,C35,C36,C52,C53,C54,C55,C56,C73,C74,C75,C76,C91,C92,C93,C94,C187,C188,C189,C190,C200,C201,C202,C203,C211,C214,C215,C216,C217,C227,C228,C235,C273,C274,C275,C276,C318,C319,C320,C321,C363,C364,C365,C366,C414,C415,C416,C417,C463,C464,C465,C466,C507,C508,C509,C510,C548,C549,C550,C551,C587,C588,C589,C590,C637,C638,C639,C688,C689,C690,C691,C730,C731,C732,C733,C767,C768,C769,C770,C814,C815,C816,C817,C860,C861,C862,C863,C909,C910,C911,C912,C1159,C1160,C1161,C1163,C1164,C1175,C1250,C1251,C1255,C1256,C1257,C1258,C1259,C1260,C1261,C1262,C1263,C1272,C1273,C1274,C1275,C1276,C1277,C1278,C1279,C1285,C1286,C1287,C1288,C1289,C1298,C1299,C1303,C1304,C1305,C1306,C1307,C1308,C1309,C1310,C1320,C1321,C1322,C1323,C1324,C1325,C1326,C1327,C1333,C1334,C1335,C1336,C1337,C1338,C1348,C1349,C1353,C1354,C1355,C1356,C1357,C1358,C1359,C1360,C1370,C1371,C1372,C1373,C1374,C1375,C1376,C1377,C1383,C1384,C1385,C1386,C1387,C1397,C1398,C1399,C1405,C1406,C1407,C1408,C1409,C1410,C1411,C1412,C1423,C1424,C1425,C1426,C1427,C1428,C1429,C1430,C1436,C1437,C1438,C1439,C1440,C1454,C1455,C1456,C1463,C1464,C1465,C1466,C1467,C1468,C1469,C1470,C1471,C1483,C1484,C1485,C1486,C1487,C1488,C1489,C1490,C1495,C1496,C1497,C1498,C1527,C1528,C1529,C1530,C1531,C1532,C1533,C1534,C1535,C1536,C1543,C1544,C1545,C1546,C1547,C1548,C1549,C1550,C1581,C1582,C1583,C1584,C1585,C1586,C1587,C1588,C1589,C1590,C1597,C1598,C1599,C1600,C1601,C1602,C1603,C1604,C1669,C1670,C1671,C1672,C1673,C1674,C1675,C1676,C1677,C1678,C1686,C1687,C1688,C1689,C1690,C1691,C1692,C1693,C1762,C1763,C1764,C1765,C1766,C1767,C1768,C1769,C1770,C1771,C1779,C1780,C1781,C1782,C1783,C1784,C1785,C1786,C1856,C1857,C1858,C1859,C1860,C1861,C1862,C1863,C1864,C1865,C1873,C1874,C1875,C1876,C1877,C1878,C1879,C1902,C1903,C1904,C1905,C1906,C1907,C1913,C1914,C1915,C1916,C1917,C1918,C1919,C1920",328
NACLIND,2026-09-15,149.92,157.62,219.66,156.6,-4.27,-31.75,-4.89,-8.91,"C133,C136,C139,C168,C171,C174,C187,C190,C192,C195,C197,C200,C203,C205,C208,C210,C214,C217,C221,C223,C228,C230,C251,C255,C298,C302,C341,C345,C389,C390,C394,C398,C442,C443,C447,C486,C490,C528,C571,C615,C616,C620,C664,C665,C669,C670,C709,C713,C752,C756,C792,C793,C797,C801,C838,C839,C843,C847,C889,C890,C894,C895,C933,C934,C938,C942,C981,C982,C986,C990,C1030,C1031,C1035,C1079,C1080,C1084,C1085,C1089,C1092,C1125,C1126,C1129,C1130,C1134,C1135,C1137,C1160,C1161,C1162,C1163,C1184,C1185,C1207,C1210,C1230,C1231,C1233,C1239,C1240,C1250,C1251,C1252,C1253,C1254,C1257,C1258,C1262,C1263,C1267,C1268,C1270,C1271,C1275,C1279,C1298,C1299,C1301,C1302,C1304,C1305,C1309,C1310,C1314,C1315,C1317,C1318,C1319,C1323,C1327,C1348,C1349,C1351,C1352,C1354,C1355,C1359,C1360,C1364,C1365,C1367,C1368,C1369,C1373,C1377,C1397,C1399,C1402,C1403,C1404,C1406,C1407,C1411,C1412,C1416,C1417,C1419,C1420,C1421,C1422,C1426,C1430,C1454,C1456,C1459,C1460,C1461,C1462,C1465,C1466,C1470,C1471,C1475,C1476,C1479,C1480,C1481,C1482,C1486,C1490,C1508,C1510,C1512,C1513,C1514,C1516,C1517,C1519,C1520,C1522,C1523,C1524,C1525,C1526,C1530,C1531,C1535,C1536,C1540,C1546,C1550,C1561,C1563,C1565,C1566,C1567,C1569,C1570,C1573,C1574,C1576,C1577,C1578,C1579,C1580,C1584,C1585,C1589,C1590,C1594,C1600,C1604,C1630,C1631,C1635,C1636,C1640,C1641,C1644,C1645,C1650,C1651,C1655,C1656,C1660,C1661,C1664,C1665,C1667,C1668,C1672,C1673,C1677,C1678,C1682,C1683,C1689,C1693,C1722,C1723,C1727,C1728,C1732,C1733,C1736,C1737,C1739,C1743,C1744,C1748,C1749,C1753,C1754,C1757,C1758,C1760,C1761,C1765,C1766,C1770,C1771,C1775,C1776,C1782,C1786,C1815,C1816,C1820,C1821,C1825,C1826,C1829,C1830,C1832,C1833,C1837,C1838,C1842,C1843,C1847,C1848,C1851,C1852,C1854,C1855,C1859,C1860,C1864,C1865,C1869,C1870,C1879,C1886,C1887,C1888,C1889,C1890,C1891,C1893,C1894,C1895,C1896,C1897,C1898,C1899,C1900,C1901,C1903,C1904,C1906,C1907,C1909,C1910,C1912,C1916,C1920,C1924",326
ZENTEC,2026-09-15,1638.9,1722.6,2588.0,1707.1,-4.0,-36.67,-4.86,-8.68,"C144,C146,C148,C150,C151,C179,C180,C182,C184,C185,C198,C211,C212,C213,C224,C235,C236,C263,C266,C269,C271,C272,C310,C313,C316,C317,C353,C356,C359,C361,C362,C404,C407,C410,C412,C413,C456,C459,C461,C462,C498,C501,C504,C505,C506,C539,C542,C545,C546,C547,C578,C581,C584,C585,C586,C629,C632,C635,C636,C679,C682,C685,C686,C687,C1157,C1158,C1164,C1165,C1179,C1186,C1196,C1214,C1256,C1257,C1258,C1261,C1262,C1263,C1266,C1267,C1268,C1270,C1271,C1274,C1275,C1278,C1279,C1282,C1284,C1289,C1304,C1305,C1308,C1309,C1310,C1313,C1314,C1315,C1317,C1318,C1319,C1322,C1323,C1326,C1327,C1330,C1332,C1335,C1338,C1354,C1355,C1358,C1359,C1360,C1363,C1364,C1365,C1367,C1368,C1369,C1372,C1373,C1376,C1377,C1380,C1382,C1387,C1406,C1407,C1410,C1411,C1412,C1415,C1416,C1417,C1419,C1420,C1421,C1422,C1425,C1426,C1429,C1430,C1433,C1435,C1440,C1464,C1465,C1466,C1469,C1470,C1471,C1474,C1475,C1476,C1478,C1479,C1480,C1481,C1482,C1485,C1486,C1489,C1490,C1493,C1516,C1517,C1519,C1520,C1522,C1523,C1524,C1525,C1526,C1529,C1530,C1531,C1534,C1535,C1536,C1539,C1540,C1542,C1545,C1546,C1549,C1550,C1553,C1569,C1570,C1573,C1574,C1576,C1577,C1578,C1579,C1580,C1583,C1584,C1585,C1588,C1589,C1590,C1593,C1594,C1596,C1599,C1600,C1603,C1604,C1607,C1649,C1650,C1651,C1654,C1655,C1656,C1659,C1660,C1661,C1663,C1664,C1665,C1666,C1667,C1668,C1671,C1672,C1673,C1676,C1677,C1678,C1681,C1682,C1683,C1685,C1688,C1689,C1692,C1693,C1696,C1742,C1743,C1744,C1747,C1748,C1749,C1752,C1753,C1754,C1756,C1757,C1758,C1759,C1760,C1761,C1764,C1765,C1766,C1769,C1770,C1771,C1774,C1775,C1776,C1778,C1781,C1782,C1785,C1786,C1789,C1836,C1837,C1838,C1841,C1842,C1843,C1846,C1847,C1848,C1850,C1851,C1852,C1853,C1854,C1855,C1858,C1859,C1860,C1863,C1864,C1865,C1868,C1869,C1870,C1872,C1875,C1878,C1879,C1882,C1893,C1894,C1895,C1896,C1897,C1898,C1899,C1900,C1901,C1902,C1903,C1904,C1905,C1906,C1907,C1908,C1909,C1910,C1911,C1912,C1915,C1916,C1919,C1920,C1923,C1924",326
ALMONDZ,2026-09-15,16.84,19.13,31.7,17.9,-5.92,-46.88,-11.97,-12.29,"C1,C2,C3,C4,C5,C6,C8,C9,C10,C11,C12,C13,C14,C18,C19,C20,C21,C22,C23,C24,C25,C26,C31,C32,C33,C34,C35,C36,C40,C41,C42,C43,C44,C45,C46,C47,C52,C53,C54,C55,C56,C60,C61,C62,C63,C64,C65,C66,C67,C73,C74,C75,C76,C80,C81,C82,C83,C84,C85,C91,C92,C93,C94,C187,C188,C189,C190,C191,C192,C199,C200,C201,C202,C203,C204,C205,C211,C214,C215,C216,C217,C218,C225,C227,C228,C229,C230,C234,C235,C1160,C1161,C1162,C1163,C1164,C1167,C1168,C1169,C1170,C1175,C1176,C1180,C1182,C1187,C1188,C1189,C1190,C1245,C1246,C1247,C1248,C1250,C1251,C1252,C1255,C1256,C1257,C1258,C1259,C1260,C1261,C1262,C1263,C1264,C1265,C1266,C1267,C1268,C1272,C1273,C1274,C1275,C1276,C1277,C1278,C1279,C1280,C1281,C1282,C1285,C1286,C1287,C1288,C1289,C1290,C1291,C1292,C1293,C1294,C1295,C1296,C1298,C1299,C1300,C1301,C1303,C1304,C1305,C1306,C1307,C1308,C1309,C1310,C1311,C1312,C1313,C1314,C1315,C1320,C1321,C1322,C1323,C1324,C1325,C1326,C1327,C1328,C1329,C1330,C1333,C1334,C1335,C1336,C1337,C1338,C1339,C1340,C1341,C1342,C1343,C1344,C1345,C1348,C1349,C1350,C1351,C1353,C1354,C1355,C1356,C1357,C1358,C1359,C1360,C1361,C1362,C1363,C1364,C1365,C1370,C1371,C1372,C1373,C1374,C1375,C1376,C1377,C1378,C1379,C1380,C1383,C1384,C1385,C1386,C1387,C1388,C1389,C1390,C1391,C1392,C1393,C1394,C1397,C1398,C1399,C1400,C1401,C1402,C1405,C1406,C1407,C1408,C1409,C1410,C1411,C1412,C1413,C1414,C1415,C1416,C1417,C1423,C1424,C1425,C1426,C1427,C1428,C1429,C1430,C1431,C1432,C1433,C1436,C1437,C1438,C1439,C1440,C1441,C1442,C1443,C1444,C1445,C1446,C1447,C1448,C1449,C1450,C1451,C1454,C1455,C1456,C1457,C1458,C1459,C1460,C1463,C1464,C1465,C1466,C1467,C1468,C1469,C1470,C1471,C1472,C1473,C1474,C1475,C1476,C1483,C1484,C1485,C1486,C1487,C1488,C1489,C1490,C1491,C1492,C1493,C1495,C1496,C1497,C1498,C1499,C1500",315
IGCL,2026-09-15,65.59,67.61,122.0,67.16,-2.34,-46.24,-2.99,-9.51,"C273,C274,C275,C276,C277,C278,C318,C319,C320,C321,C322,C323,C363,C364,C365,C366,C367,C368,C414,C415,C416,C417,C418,C419,C463,C464,C465,C466,C467,C468,C507,C508,C509,C510,C548,C549,C550,C551,C587,C588,C589,C590,C591,C637,C638,C639,C688,C689,C690,C691,C730,C731,C732,C733,C734,C767,C768,C769,C770,C771,C814,C815,C816,C817,C818,C860,C861,C862,C863,C864,C909,C910,C911,C912,C913,C1159,C1204,C1272,C1273,C1274,C1275,C1276,C1277,C1278,C1279,C1280,C1281,C1282,C1285,C1286,C1287,C1288,C1289,C1290,C1291,C1320,C1321,C1322,C1323,C1324,C1325,C1326,C1327,C1328,C1329,C1330,C1333,C1334,C1335,C1336,C1337,C1338,C1339,C1340,C1370,C1371,C1372,C1373,C1374,C1375,C1376,C1377,C1378,C1379,C1380,C1383,C1384,C1385,C1386,C1387,C1388,C1389,C1423,C1424,C1425,C1426,C1427,C1428,C1429,C1430,C1431,C1432,C1433,C1436,C1437,C1438,C1439,C1440,C1441,C1442,C1483,C1484,C1485,C1486,C1487,C1488,C1489,C1490,C1491,C1492,C1493,C1495,C1496,C1497,C1498,C1499,C1500,C1527,C1528,C1529,C1530,C1531,C1532,C1533,C1534,C1535,C1536,C1537,C1538,C1539,C1540,C1543,C1544,C1545,C1546,C1547,C1548,C1549,C1550,C1551,C1552,C1553,C1581,C1582,C1583,C1584,C1585,C1586,C1587,C1588,C1589,C1590,C1591,C1592,C1593,C1594,C1597,C1598,C1599,C1600,C1601,C1602,C1603,C1604,C1605,C1606,C1607,C1669,C1670,C1671,C1672,C1673,C1674,C1675,C1676,C1677,C1678,C1679,C1680,C1681,C1682,C1683,C1686,C1687,C1688,C1689,C1690,C1691,C1692,C1693,C1694,C1695,C1696,C1762,C1763,C1764,C1765,C1766,C1767,C1768,C1769,C1770,C1771,C1772,C1773,C1774,C1775,C1776,C1779,C1780,C1781,C1782,C1783,C1784,C1785,C1786,C1787,C1788,C1789,C1856,C1857,C1858,C1859,C1860,C1861,C1862,C1863,C1864,C1865,C1866,C1867,C1868,C1869,C1870,C1873,C1874,C1875,C1876,C1877,C1878,C1879,C1880,C1881,C1882,C1902,C1903,C1904,C1905,C1906,C1907,C1908,C1909,C1910,C1913,C1914,C1915,C1916,C1917,C1918,C1919,C1920,C1921,C1922,C1923,C1924",315
PDSL,2026-09-15,334.25,348.2,619.95,341.95,-2.25,-46.08,-4.01,-4.39,"C273,C274,C275,C276,C277,C278,C318,C319,C320,C321,C322,C323,C363,C364,C365,C366,C367,C368,C414,C415,C416,C417,C418,C419,C463,C464,C465,C466,C467,C468,C507,C508,C509,C510,C548,C549,C550,C551,C587,C588,C589,C590,C591,C637,C638,C639,C688,C689,C690,C691,C730,C731,C732,C733,C734,C767,C768,C769,C770,C771,C814,C815,C816,C817,C818,C860,C861,C862,C863,C864,C909,C910,C911,C912,C913,C1159,C1204,C1272,C1273,C1274,C1275,C1276,C1277,C1278,C1279,C1280,C1281,C1282,C1285,C1286,C1287,C1288,C1289,C1290,C1291,C1320,C1321,C1322,C1323,C1324,C1325,C1326,C1327,C1328,C1329,C1330,C1333,C1334,C1335,C1336,C1337,C1338,C1339,C1340,C1370,C1371,C1372,C1373,C1374,C1375,C1376,C1377,C1378,C1379,C1380,C1383,C1384,C1385,C1386,C1387,C1388,C1389,C1423,C1424,C1425,C1426,C1427,C1428,C1429,C1430,C1431,C1432,C1433,C1436,C1437,C1438,C1439,C1440,C1441,C1442,C1483,C1484,C1485,C1486,C1487,C1488,C1489,C1490,C1491,C1492,C1493,C1495,C1496,C1497,C1498,C1499,C1500,C1527,C1528,C1529,C1530,C1531,C1532,C1533,C1534,C1535,C1536,C1537,C1538,C1539,C1540,C1543,C1544,C1545,C1546,C1547,C1548,C1549,C1550,C1551,C1552,C1553,C1581,C1582,C1583,C1584,C1585,C1586,C1587,C1588,C1589,C1590,C1591,C1592,C1593,C1594,C1597,C1598,C1599,C1600,C1601,C1602,C1603,C1604,C1605,C1606,C1607,C1669,C1670,C1671,C1672,C1673,C1674,C1675,C1676,C1677,C1678,C1679,C1680,C1681,C1682,C1683,C1686,C1687,C1688,C1689,C1690,C1691,C1692,C1693,C1694,C1695,C1696,C1762,C1763,C1764,C1765,C1766,C1767,C1768,C1769,C1770,C1771,C1772,C1773,C1774,C1775,C1776,C1779,C1780,C1781,C1782,C1783,C1784,C1785,C1786,C1787,C1788,C1789,C1856,C1857,C1858,C1859,C1860,C1861,C1862,C1863,C1864,C1865,C1866,C1867,C1868,C1869,C1870,C1873,C1874,C1875,C1876,C1877,C1878,C1879,C1880,C1881,C1882,C1902,C1903,C1904,C1905,C1906,C1907,C1908,C1909,C1910,C1913,C1914,C1915,C1916,C1917,C1918,C1919,C1920,C1921,C1922,C1923,C1924",315
UDS,2026-09-15,197.04,207.5,388.0,203.0,-2.94,-49.22,-5.04,-9.55,"C273,C274,C275,C276,C277,C278,C318,C319,C320,C321,C322,C323,C363,C364,C365,C366,C367,C368,C414,C415,C416,C417,C418,C419,C463,C464,C465,C466,C467,C468,C507,C508,C509,C510,C548,C549,C550,C551,C587,C588,C589,C590,C591,C637,C638,C639,C688,C689,C690,C691,C730,C731,C732,C733,C734,C767,C768,C769,C770,C771,C814,C815,C816,C817,C818,C860,C861,C862,C863,C864,C909,C910,C911,C912,C913,C1159,C1204,C1272,C1273,C1274,C1275,C1276,C1277,C1278,C1279,C1280,C1281,C1282,C1285,C1286,C1287,C1288,C1289,C1290,C1291,C1320,C1321,C1322,C1323,C1324,C1325,C1326,C1327,C1328,C1329,C1330,C1333,C1334,C1335,C1336,C1337,C1338,C1339,C1340,C1370,C1371,C1372,C1373,C1374,C1375,C1376,C1377,C1378,C1379,C1380,C1383,C1384,C1385,C1386,C1387,C1388,C1389,C1423,C1424,C1425,C1426,C1427,C1428,C1429,C1430,C1431,C1432,C1433,C1436,C1437,C1438,C1439,C1440,C1441,C1442,C1483,C1484,C1485,C1486,C1487,C1488,C1489,C1490,C1491,C1492,C1493,C1495,C1496,C1497,C1498,C1499,C1500,C1527,C1528,C1529,C1530,C1531,C1532,C1533,C1534,C1535,C1536,C1537,C1538,C1539,C1540,C1543,C1544,C1545,C1546,C1547,C1548,C1549,C1550,C1551,C1552,C1553,C1581,C1582,C1583,C1584,C1585,C1586,C1587,C1588,C1589,C1590,C1591,C1592,C1593,C1594,C1597,C1598,C1599,C1600,C1601,C1602,C1603,C1604,C1605,C1606,C1607,C1669,C1670,C1671,C1672,C1673,C1674,C1675,C1676,C1677,C1678,C1679,C1680,C1681,C1682,C1683,C1686,C1687,C1688,C1689,C1690,C1691,C1692,C1693,C1694,C1695,C1696,C1762,C1763,C1764,C1765,C1766,C1767,C1768,C1769,C1770,C1771,C1772,C1773,C1774,C1775,C1776,C1779,C1780,C1781,C1782,C1783,C1784,C1785,C1786,C1787,C1788,C1789,C1856,C1857,C1858,C1859,C1860,C1861,C1862,C1863,C1864,C1865,C1866,C1867,C1868,C1869,C1870,C1873,C1874,C1875,C1876,C1877,C1878,C1879,C1880,C1881,C1882,C1902,C1903,C1904,C1905,C1906,C1907,C1908,C1909,C1910,C1913,C1914,C1915,C1916,C1917,C1918,C1919,C1920,C1921,C1922,C1923,C1924",315
DWARKESH,2026-09-15,41.72,44.74,59.9,44.52,-6.29,-30.35,-6.75,-11.95,"C21,C26,C29,C43,C44,C47,C50,C51,C63,C65,C67,C70,C72,C121,C124,C127,C130,C133,C136,C139,C154,C157,C160,C163,C165,C168,C171,C174,C187,C190,C192,C195,C197,C200,C203,C205,C208,C210,C225,C228,C230,C240,C244,C248,C250,C251,C255,C283,C287,C291,C293,C298,C302,C327,C331,C335,C337,C341,C345,C373,C374,C380,C381,C383,C385,C389,C390,C394,C398,C1160,C1161,C1162,C1163,C1166,C1167,C1169,C1172,C1174,C1180,C1181,C1184,C1185,C1198,C1199,C1245,C1247,C1248,C1249,C1250,C1251,C1252,C1253,C1254,C1257,C1258,C1262,C1263,C1267,C1268,C1270,C1271,C1275,C1279,C1292,C1294,C1296,C1297,C1298,C1299,C1301,C1302,C1304,C1305,C1309,C1310,C1314,C1315,C1317,C1318,C1319,C1323,C1327,C1341,C1343,C1345,C1346,C1347,C1348,C1349,C1351,C1352,C1354,C1355,C1359,C1360,C1364,C1365,C1367,C1368,C1369,C1373,C1377,C1390,C1392,C1394,C1395,C1396,C1397,C1399,C1402,C1403,C1404,C1406,C1407,C1411,C1412,C1416,C1417,C1419,C1420,C1421,C1422,C1426,C1430,C1502,C1504,C1506,C1508,C1510,C1512,C1513,C1514,C1516,C1517,C1519,C1520,C1522,C1523,C1524,C1525,C1526,C1530,C1531,C1535,C1536,C1540,C1546,C1550,C1555,C1557,C1559,C1561,C1563,C1565,C1566,C1567,C1569,C1570,C1573,C1574,C1576,C1577,C1578,C1579,C1580,C1584,C1585,C1589,C1590,C1594,C1600,C1604,C1610,C1611,C1615,C1616,C1620,C1621,C1624,C1625,C1630,C1631,C1635,C1636,C1640,C1641,C1644,C1645,C1650,C1651,C1655,C1656,C1660,C1661,C1664,C1665,C1667,C1668,C1672,C1673,C1677,C1678,C1682,C1683,C1689,C1693,C1700,C1701,C1705,C1706,C1710,C1711,C1714,C1715,C1717,C1718,C1722,C1723,C1727,C1728,C1732,C1733,C1736,C1737,C1739,C1743,C1744,C1748,C1749,C1753,C1754,C1757,C1758,C1760,C1761,C1765,C1766,C1770,C1771,C1775,C1776,C1782,C1786,C1883,C1884,C1885,C1886,C1887,C1888,C1889,C1890,C1891,C1893,C1894,C1895,C1896,C1897,C1898,C1899,C1900,C1901,C1903,C1904,C1906,C1907,C1909,C1910,C1912,C1916,C1920,C1924",311
INDOSTAR,2026-09-15,233.07,244.38,366.3,241.68,-3.56,-36.37,-4.63,-7.91,"C144,C146,C148,C150,C151,C179,C180,C182,C184,C185,C198,C211,C212,C213,C224,C235,C236,C263,C266,C269,C271,C272,C310,C313,C316,C317,C353,C356,C359,C361,C362,C404,C407,C410,C412,C413,C456,C459,C461,C462,C1157,C1158,C1164,C1165,C1179,C1186,C1196,C1256,C1257,C1258,C1261,C1262,C1263,C1266,C1267,C1268,C1270,C1271,C1274,C1275,C1278,C1279,C1282,C1284,C1289,C1304,C1305,C1308,C1309,C1310,C1313,C1314,C1315,C1317,C1318,C1319,C1322,C1323,C1326,C1327,C1330,C1332,C1335,C1338,C1354,C1355,C1358,C1359,C1360,C1363,C1364,C1365,C1367,C1368,C1369,C1372,C1373,C1376,C1377,C1380,C1382,C1387,C1406,C1407,C1410,C1411,C1412,C1415,C1416,C1417,C1419,C1420,C1421,C1422,C1425,C1426,C1429,C1430,C1433,C1435,C1440,C1464,C1465,C1466,C1469,C1470,C1471,C1474,C1475,C1476,C1478,C1479,C1480,C1481,C1482,C1485,C1486,C1489,C1490,C1493,C1516,C1517,C1519,C1520,C1522,C1523,C1524,C1525,C1526,C1529,C1530,C1531,C1534,C1535,C1536,C1539,C1540,C1542,C1545,C1546,C1549,C1550,C1553,C1569,C1570,C1573,C1574,C1576,C1577,C1578,C1579,C1580,C1583,C1584,C1585,C1588,C1589,C1590,C1593,C1594,C1596,C1599,C1600,C1603,C1604,C1607,C1649,C1650,C1651,C1654,C1655,C1656,C1659,C1660,C1661,C1663,C1664,C1665,C1666,C1667,C1668,C1671,C1672,C1673,C1676,C1677,C1678,C1681,C1682,C1683,C1685,C1688,C1689,C1692,C1693,C1696,C1742,C1743,C1744,C1747,C1748,C1749,C1752,C1753,C1754,C1756,C1757,C1758,C1759,C1760,C1761,C1764,C1765,C1766,C1769,C1770,C1771,C1774,C1775,C1776,C1778,C1781,C1782,C1785,C1786,C1789,C1836,C1837,C1838,C1841,C1842,C1843,C1846,C1847,C1848,C1850,C1851,C1852,C1853,C1854,C1855,C1858,C1859,C1860,C1863,C1864,C1865,C1868,C1869,C1870,C1872,C1875,C1878,C1879,C1882,C1893,C1894,C1895,C1896,C1897,C1898,C1899,C1900,C1901,C1902,C1903,C1904,C1905,C1906,C1907,C1908,C1909,C1910,C1911,C1912,C1915,C1916,C1919,C1920,C1923,C1924",301
JINDRILL,2026-09-15,598.65,633.25,990.35,630.25,-5.01,-39.55,-5.46,-9.86,"C3,C10,C20,C21,C23,C25,C26,C28,C29,C30,C33,C42,C43,C44,C46,C47,C49,C50,C51,C54,C62,C63,C64,C65,C66,C67,C69,C70,C71,C72,C75,C80,C81,C82,C83,C84,C85,C87,C88,C89,C90,C93,C187,C189,C190,C191,C192,C194,C195,C196,C197,C198,C200,C202,C203,C204,C205,C207,C208,C209,C210,C211,C212,C213,C214,C216,C217,C218,C220,C221,C222,C223,C224,C225,C226,C227,C228,C230,C232,C233,C235,C236,C1157,C1160,C1161,C1162,C1163,C1164,C1165,C1167,C1168,C1169,C1170,C1171,C1172,C1173,C1174,C1175,C1176,C1178,C1179,C1180,C1181,C1182,C1183,C1184,C1185,C1186,C1188,C1245,C1247,C1248,C1249,C1250,C1251,C1252,C1253,C1254,C1256,C1257,C1258,C1261,C1262,C1263,C1266,C1267,C1268,C1270,C1271,C1274,C1275,C1278,C1279,C1282,C1284,C1289,C1292,C1294,C1296,C1297,C1298,C1299,C1301,C1302,C1304,C1305,C1308,C1309,C1310,C1313,C1314,C1315,C1317,C1318,C1319,C1322,C1323,C1326,C1327,C1330,C1332,C1335,C1338,C1341,C1343,C1345,C1346,C1347,C1348,C1349,C1351,C1352,C1354,C1355,C1358,C1359,C1360,C1363,C1364,C1365,C1367,C1368,C1369,C1372,C1373,C1376,C1377,C1380,C1382,C1387,C1390,C1392,C1394,C1395,C1396,C1397,C1399,C1402,C1403,C1404,C1406,C1407,C1410,C1411,C1412,C1415,C1416,C1417,C1419,C1420,C1421,C1422,C1425,C1426,C1429,C1430,C1433,C1435,C1440,C1445,C1448,C1451,C1452,C1453,C1454,C1456,C1459,C1460,C1461,C1462,C1464,C1465,C1466,C1469,C1470,C1471,C1474,C1475,C1476,C1478,C1479,C1480,C1481,C1482,C1485,C1486,C1489,C1490,C1493,C1545,C1546,C1549,C1550,C1553,C1599,C1600,C1603,C1604,C1607,C1688,C1689,C1692,C1693,C1696,C1781,C1782,C1785,C1786,C1789,C1875,C1878,C1879,C1882,C1915,C1916,C1919,C1920,C1923,C1924",279
TREJHARA,2026-09-15,137.1,143.02,284.85,142.5,-3.79,-51.87,-4.14,-6.86,"C14,C36,C56,C76,C94,C211,C235,C273,C274,C275,C276,C318,C319,C320,C321,C363,C364,C365,C366,C414,C415,C416,C417,C463,C464,C465,C466,C507,C508,C509,C510,C548,C549,C550,C551,C587,C588,C589,C590,C637,C638,C639,C688,C689,C690,C691,C730,C731,C732,C733,C767,C768,C769,C770,C814,C815,C816,C817,C860,C861,C862,C863,C909,C910,C911,C912,C1159,C1164,C1255,C1256,C1257,C1258,C1259,C1260,C1261,C1262,C1263,C1272,C1273,C1274,C1275,C1276,C1277,C1278,C1279,C1285,C1286,C1287,C1288,C1289,C1303,C1304,C1305,C1306,C1307,C1308,C1309,C1310,C1320,C1321,C1322,C1323,C1324,C1325,C1326,C1327,C1333,C1334,C1335,C1336,C1337,C1338,C1353,C1354,C1355,C1356,C1357,C1358,C1359,C1360,C1370,C1371,C1372,C1373,C1374,C1375,C1376,C1377,C1383,C1384,C1385,C1386,C1387,C1405,C1406,C1407,C1408,C1409,C1410,C1411,C1412,C1423,C1424,C1425,C1426,C1427,C1428,C1429,C1430,C1436,C1437,C1438,C1439,C1440,C1463,C1464,C1465,C1466,C1467,C1468,C1469,C1470,C1471,C1483,C1484,C1485,C1486,C1487,C1488,C1489,C1490,C1495,C1496,C1497,C1498,C1527,C1528,C1529,C1530,C1531,C1532,C1533,C1534,C1535,C1536,C1543,C1544,C1545,C1546,C1547,C1548,C1549,C1550,C1581,C1582,C1583,C1584,C1585,C1586,C1587,C1588,C1589,C1590,C1597,C1598,C1599,C1600,C1601,C1602,C1603,C1604,C1669,C1670,C1671,C1672,C1673,C1674,C1675,C1676,C1677,C1678,C1686,C1687,C1688,C1689,C1690,C1691,C1692,C1693,C1762,C1763,C1764,C1765,C1766,C1767,C1768,C1769,C1770,C1771,C1779,C1780,C1781,C1782,C1783,C1784,C1785,C1786,C1856,C1857,C1858,C1859,C1860,C1861,C1862,C1863,C1864,C1865,C1873,C1874,C1875,C1876,C1877,C1878,C1879,C1902,C1903,C1904,C1905,C1906,C1907,C1913,C1914,C1915,C1916,C1917,C1918,C1919,C1920",278
DCI,2026-09-15,264.7,271.7,475.0,270.2,-2.04,-44.27,-2.58,-24.64,"C274,C276,C278,C279,C319,C321,C323,C364,C366,C368,C369,C415,C417,C419,C464,C466,C468,C508,C510,C549,C551,C588,C590,C591,C639,C689,C691,C731,C733,C734,C735,C768,C770,C771,C815,C817,C818,C819,C861,C863,C864,C910,C912,C913,C957,C958,C960,C961,C1005,C1007,C1008,C1009,C1050,C1052,C1053,C1054,C1104,C1106,C1107,C1108,C1151,C1153,C1154,C1155,C1156,C1159,C1197,C1201,C1203,C1204,C1205,C1206,C1213,C1215,C1216,C1222,C1228,C1235,C1236,C1273,C1274,C1275,C1277,C1278,C1279,C1281,C1282,C1283,C1284,C1286,C1288,C1289,C1291,C1321,C1322,C1323,C1325,C1326,C1327,C1329,C1330,C1331,C1332,C1334,C1335,C1337,C1338,C1340,C1371,C1372,C1373,C1375,C1376,C1377,C1379,C1380,C1381,C1382,C1384,C1386,C1387,C1389,C1424,C1425,C1426,C1428,C1429,C1430,C1432,C1433,C1434,C1435,C1437,C1439,C1440,C1442,C1484,C1485,C1486,C1488,C1489,C1490,C1492,C1493,C1494,C1496,C1498,C1500,C1528,C1529,C1530,C1531,C1533,C1534,C1535,C1536,C1538,C1539,C1540,C1541,C1542,C1544,C1545,C1546,C1548,C1549,C1550,C1552,C1553,C1582,C1583,C1584,C1585,C1587,C1588,C1589,C1590,C1592,C1593,C1594,C1595,C1596,C1598,C1599,C1600,C1602,C1603,C1604,C1606,C1607,C1670,C1671,C1672,C1673,C1675,C1676,C1677,C1678,C1680,C1681,C1682,C1683,C1684,C1685,C1687,C1688,C1689,C1691,C1692,C1693,C1695,C1696,C1763,C1764,C1765,C1766,C1768,C1769,C1770,C1771,C1773,C1774,C1775,C1776,C1777,C1778,C1780,C1781,C1782,C1784,C1785,C1786,C1788,C1789,C1857,C1858,C1859,C1860,C1862,C1863,C1864,C1865,C1867,C1868,C1869,C1870,C1871,C1872,C1874,C1875,C1877,C1878,C1879,C1881,C1882,C1902,C1903,C1904,C1905,C1906,C1907,C1908,C1909,C1910,C1911,C1912,C1914,C1915,C1916,C1918,C1919,C1920,C1922,C1923,C1924,C1925",276
KALPATARU,2026-09-15,255.45,266.25,457.4,263.1,-2.91,-44.15,-4.06,-7.41,"C274,C276,C278,C279,C319,C321,C323,C364,C366,C368,C369,C415,C417,C419,C464,C466,C468,C508,C510,C549,C551,C588,C590,C591,C639,C689,C691,C731,C733,C734,C735,C768,C770,C771,C815,C817,C818,C819,C861,C863,C864,C910,C912,C913,C957,C958,C960,C961,C1005,C1007,C1008,C1009,C1050,C1052,C1053,C1054,C1104,C1106,C1107,C1108,C1151,C1153,C1154,C1155,C1156,C1159,C1197,C1201,C1203,C1204,C1205,C1206,C1213,C1215,C1216,C1222,C1228,C1235,C1236,C1273,C1274,C1275,C1277,C1278,C1279,C1281,C1282,C1283,C1284,C1286,C1288,C1289,C1291,C1321,C1322,C1323,C1325,C1326,C1327,C1329,C1330,C1331,C1332,C1334,C1335,C1337,C1338,C1340,C1371,C1372,C1373,C1375,C1376,C1377,C1379,C1380,C1381,C1382,C1384,C1386,C1387,C1389,C1424,C1425,C1426,C1428,C1429,C1430,C1432,C1433,C1434,C1435,C1437,C1439,C1440,C1442,C1484,C1485,C1486,C1488,C1489,C1490,C1492,C1493,C1494,C1496,C1498,C1500,C1528,C1529,C1530,C1531,C1533,C1534,C1535,C1536,C1538,C1539,C1540,C1541,C1542,C1544,C1545,C1546,C1548,C1549,C1550,C1552,C1553,C1582,C1583,C1584,C1585,C1587,C1588,C1589,C1590,C1592,C1593,C1594,C1595,C1596,C1598,C1599,C1600,C1602,C1603,C1604,C1606,C1607,C1670,C1671,C1672,C1673,C1675,C1676,C1677,C1678,C1680,C1681,C1682,C1683,C1684,C1685,C1687,C1688,C1689,C1691,C1692,C1693,C1695,C1696,C1763,C1764,C1765,C1766,C1768,C1769,C1770,C1771,C1773,C1774,C1775,C1776,C1777,C1778,C1780,C1781,C1782,C1784,C1785,C1786,C1788,C1789,C1857,C1858,C1859,C1860,C1862,C1863,C1864,C1865,C1867,C1868,C1869,C1870,C1871,C1872,C1874,C1875,C1877,C1878,C1879,C1881,C1882,C1902,C1903,C1904,C1905,C1906,C1907,C1908,C1909,C1910,C1911,C1912,C1914,C1915,C1916,C1918,C1919,C1920,C1922,C1923,C1924,C1925",276
MOIL,2026-09-15,238.54,244.93,405.6,244.36,-2.38,-41.19,-2.61,-3.51,"C274,C276,C278,C279,C319,C321,C323,C364,C366,C368,C369,C415,C417,C419,C464,C466,C468,C508,C510,C549,C551,C588,C590,C591,C639,C689,C691,C731,C733,C734,C735,C768,C770,C771,C815,C817,C818,C819,C861,C863,C864,C910,C912,C913,C957,C958,C960,C961,C1005,C1007,C1008,C1009,C1050,C1052,C1053,C1054,C1104,C1106,C1107,C1108,C1151,C1153,C1154,C1155,C1156,C1159,C1197,C1201,C1203,C1204,C1205,C1206,C1213,C1215,C1216,C1222,C1228,C1235,C1236,C1273,C1274,C1275,C1277,C1278,C1279,C1281,C1282,C1283,C1284,C1286,C1288,C1289,C1291,C1321,C1322,C1323,C1325,C1326,C1327,C1329,C1330,C1331,C1332,C1334,C1335,C1337,C1338,C1340,C1371,C1372,C1373,C1375,C1376,C1377,C1379,C1380,C1381,C1382,C1384,C1386,C1387,C1389,C1424,C1425,C1426,C1428,C1429,C1430,C1432,C1433,C1434,C1435,C1437,C1439,C1440,C1442,C1484,C1485,C1486,C1488,C1489,C1490,C1492,C1493,C1494,C1496,C1498,C1500,C1528,C1529,C1530,C1531,C1533,C1534,C1535,C1536,C1538,C1539,C1540,C1541,C1542,C1544,C1545,C1546,C1548,C1549,C1550,C1552,C1553,C1582,C1583,C1584,C1585,C1587,C1588,C1589,C1590,C1592,C1593,C1594,C1595,C1596,C1598,C1599,C1600,C1602,C1603,C1604,C1606,C1607,C1670,C1671,C1672,C1673,C1675,C1676,C1677,C1678,C1680,C1681,C1682,C1683,C1684,C1685,C1687,C1688,C1689,C1691,C1692,C1693,C1695,C1696,C1763,C1764,C1765,C1766,C1768,C1769,C1770,C1771,C1773,C1774,C1775,C1776,C1777,C1778,C1780,C1781,C1782,C1784,C1785,C1786,C1788,C1789,C1857,C1858,C1859,C1860,C1862,C1863,C1864,C1865,C1867,C1868,C1869,C1870,C1871,C1872,C1874,C1875,C1877,C1878,C1879,C1881,C1882,C1902,C1903,C1904,C1905,C1906,C1907,C1908,C1909,C1910,C1911,C1912,C1914,C1915,C1916,C1918,C1919,C1920,C1922,C1923,C1924,C1925",276
NELCAST,2026-09-15,104.91,108.56,180.9,107.71,-2.6,-42.01,-3.36,-8.59,"C274,C276,C278,C279,C319,C321,C323,C364,C366,C368,C369,C415,C417,C419,C464,C466,C468,C508,C510,C549,C551,C588,C590,C591,C639,C689,C691,C731,C733,C734,C735,C768,C770,C771,C815,C817,C818,C819,C861,C863,C864,C910,C912,C913,C957,C958,C960,C961,C1005,C1007,C1008,C1009,C1050,C1052,C1053,C1054,C1104,C1106,C1107,C1108,C1151,C1153,C1154,C1155,C1156,C1159,C1197,C1201,C1203,C1204,C1205,C1206,C1213,C1215,C1216,C1222,C1228,C1235,C1236,C1273,C1274,C1275,C1277,C1278,C1279,C1281,C1282,C1283,C1284,C1286,C1288,C1289,C1291,C1321,C1322,C1323,C1325,C1326,C1327,C1329,C1330,C1331,C1332,C1334,C1335,C1337,C1338,C1340,C1371,C1372,C1373,C1375,C1376,C1377,C1379,C1380,C1381,C1382,C1384,C1386,C1387,C1389,C1424,C1425,C1426,C1428,C1429,C1430,C1432,C1433,C1434,C1435,C1437,C1439,C1440,C1442,C1484,C1485,C1486,C1488,C1489,C1490,C1492,C1493,C1494,C1496,C1498,C1500,C1528,C1529,C1530,C1531,C1533,C1534,C1535,C1536,C1538,C1539,C1540,C1541,C1542,C1544,C1545,C1546,C1548,C1549,C1550,C1552,C1553,C1582,C1583,C1584,C1585,C1587,C1588,C1589,C1590,C1592,C1593,C1594,C1595,C1596,C1598,C1599,C1600,C1602,C1603,C1604,C1606,C1607,C1670,C1671,C1672,C1673,C1675,C1676,C1677,C1678,C1680,C1681,C1682,C1683,C1684,C1685,C1687,C1688,C1689,C1691,C1692,C1693,C1695,C1696,C1763,C1764,C1765,C1766,C1768,C1769,C1770,C1771,C1773,C1774,C1775,C1776,C1777,C1778,C1780,C1781,C1782,C1784,C1785,C1786,C1788,C1789,C1857,C1858,C1859,C1860,C1862,C1863,C1864,C1865,C1867,C1868,C1869,C1870,C1871,C1872,C1874,C1875,C1877,C1878,C1879,C1881,C1882,C1902,C1903,C1904,C1905,C1906,C1907,C1908,C1909,C1910,C1911,C1912,C1914,C1915,C1916,C1918,C1919,C1920,C1922,C1923,C1924,C1925",276
TCIEXP,2026-09-15,494.3,514.6,849.3,509.0,-2.89,-41.8,-3.94,-9.98,"C274,C276,C278,C279,C319,C321,C323,C364,C366,C368,C369,C415,C417,C419,C464,C466,C468,C508,C510,C549,C551,C588,C590,C591,C639,C689,C691,C731,C733,C734,C735,C768,C770,C771,C815,C817,C818,C819,C861,C863,C864,C910,C912,C913,C957,C958,C960,C961,C1005,C1007,C1008,C1009,C1050,C1052,C1053,C1054,C1104,C1106,C1107,C1108,C1151,C1153,C1154,C1155,C1156,C1159,C1197,C1201,C1203,C1204,C1205,C1206,C1213,C1215,C1216,C1222,C1228,C1235,C1236,C1273,C1274,C1275,C1277,C1278,C1279,C1281,C1282,C1283,C1284,C1286,C1288,C1289,C1291,C1321,C1322,C1323,C1325,C1326,C1327,C1329,C1330,C1331,C1332,C1334,C1335,C1337,C1338,C1340,C1371,C1372,C1373,C1375,C1376,C1377,C1379,C1380,C1381,C1382,C1384,C1386,C1387,C1389,C1424,C1425,C1426,C1428,C1429,C1430,C1432,C1433,C1434,C1435,C1437,C1439,C1440,C1442,C1484,C1485,C1486,C1488,C1489,C1490,C1492,C1493,C1494,C1496,C1498,C1500,C1528,C1529,C1530,C1531,C1533,C1534,C1535,C1536,C1538,C1539,C1540,C1541,C1542,C1544,C1545,C1546,C1548,C1549,C1550,C1552,C1553,C1582,C1583,C1584,C1585,C1587,C1588,C1589,C1590,C1592,C1593,C1594,C1595,C1596,C1598,C1599,C1600,C1602,C1603,C1604,C1606,C1607,C1670,C1671,C1672,C1673,C1675,C1676,C1677,C1678,C1680,C1681,C1682,C1683,C1684,C1685,C1687,C1688,C1689,C1691,C1692,C1693,C1695,C1696,C1763,C1764,C1765,C1766,C1768,C1769,C1770,C1771,C1773,C1774,C1775,C1776,C1777,C1778,C1780,C1781,C1782,C1784,C1785,C1786,C1788,C1789,C1857,C1858,C1859,C1860,C1862,C1863,C1864,C1865,C1867,C1868,C1869,C1870,C1871,C1872,C1874,C1875,C1877,C1878,C1879,C1881,C1882,C1902,C1903,C1904,C1905,C1906,C1907,C1908,C1909,C1910,C1911,C1912,C1914,C1915,C1916,C1918,C1919,C1920,C1922,C1923,C1924,C1925",276
UFO,2026-09-15,60.66,62.63,106.68,62.11,-2.33,-43.14,-3.15,-5.97,"C274,C276,C278,C279,C319,C321,C323,C364,C366,C368,C369,C415,C417,C419,C464,C466,C468,C508,C510,C549,C551,C588,C590,C591,C639,C689,C691,C731,C733,C734,C735,C768,C770,C771,C815,C817,C818,C819,C861,C863,C864,C910,C912,C913,C957,C958,C960,C961,C1005,C1007,C1008,C1009,C1050,C1052,C1053,C1054,C1104,C1106,C1107,C1108,C1151,C1153,C1154,C1155,C1156,C1159,C1197,C1201,C1203,C1204,C1205,C1206,C1213,C1215,C1216,C1222,C1228,C1235,C1236,C1273,C1274,C1275,C1277,C1278,C1279,C1281,C1282,C1283,C1284,C1286,C1288,C1289,C1291,C1321,C1322,C1323,C1325,C1326,C1327,C1329,C1330,C1331,C1332,C1334,C1335,C1337,C1338,C1340,C1371,C1372,C1373,C1375,C1376,C1377,C1379,C1380,C1381,C1382,C1384,C1386,C1387,C1389,C1424,C1425,C1426,C1428,C1429,C1430,C1432,C1433,C1434,C1435,C1437,C1439,C1440,C1442,C1484,C1485,C1486,C1488,C1489,C1490,C1492,C1493,C1494,C1496,C1498,C1500,C1528,C1529,C1530,C1531,C1533,C1534,C1535,C1536,C1538,C1539,C1540,C1541,C1542,C1544,C1545,C1546,C1548,C1549,C1550,C1552,C1553,C1582,C1583,C1584,C1585,C1587,C1588,C1589,C1590,C1592,C1593,C1594,C1595,C1596,C1598,C1599,C1600,C1602,C1603,C1604,C1606,C1607,C1670,C1671,C1672,C1673,C1675,C1676,C1677,C1678,C1680,C1681,C1682,C1683,C1684,C1685,C1687,C1688,C1689,C1691,C1692,C1693,C1695,C1696,C1763,C1764,C1765,C1766,C1768,C1769,C1770,C1771,C1773,C1774,C1775,C1776,C1777,C1778,C1780,C1781,C1782,C1784,C1785,C1786,C1788,C1789,C1857,C1858,C1859,C1860,C1862,C1863,C1864,C1865,C1867,C1868,C1869,C1870,C1871,C1872,C1874,C1875,C1877,C1878,C1879,C1881,C1882,C1902,C1903,C1904,C1905,C1906,C1907,C1908,C1909,C1910,C1911,C1912,C1914,C1915,C1916,C1918,C1919,C1920,C1922,C1923,C1924,C1925",276
TRIVENI,2026-09-15,246.45,255.4,471.9,254.0,-2.97,-47.77,-3.5,-10.74,"C273,C274,C275,C276,C277,C278,C318,C319,C320,C321,C322,C323,C363,C364,C365,C366,C367,C368,C414,C415,C416,C417,C418,C419,C463,C464,C465,C466,C467,C468,C1272,C1273,C1274,C1275,C1276,C1277,C1278,C1279,C1280,C1281,C1282,C1285,C1286,C1287,C1288,C1289,C1290,C1291,C1320,C1321,C1322,C1323,C1324,C1325,C1326,C1327,C1328,C1329,C1330,C1333,C1334,C1335,C1336,C1337,C1338,C1339,C1340,C1370,C1371,C1372,C1373,C1374,C1375,C1376,C1377,C1378,C1379,C1380,C1383,C1384,C1385,C1386,C1387,C1388,C1389,C1423,C1424,C1425,C1426,C1427,C1428,C1429,C1430,C1431,C1432,C1433,C1436,C1437,C1438,C1439,C1440,C1441,C1442,C1483,C1484,C1485,C1486,C1487,C1488,C1489,C1490,C1491,C1492,C1493,C1495,C1496,C1497,C1498,C1499,C1500,C1527,C1528,C1529,C1530,C1531,C1532,C1533,C1534,C1535,C1536,C1537,C1538,C1539,C1540,C1543,C1544,C1545,C1546,C1547,C1548,C1549,C1550,C1551,C1552,C1553,C1581,C1582,C1583,C1584,C1585,C1586,C1587,C1588,C1589,C1590,C1591,C1592,C1593,C1594,C1597,C1598,C1599,C1600,C1601,C1602,C1603,C1604,C1605,C1606,C1607,C1669,C1670,C1671,C1672,C1673,C1674,C1675,C1676,C1677,C1678,C1679,C1680,C1681,C1682,C1683,C1686,C1687,C1688,C1689,C1690,C1691,C1692,C1693,C1694,C1695,C1696,C1762,C1763,C1764,C1765,C1766,C1767,C1768,C1769,C1770,C1771,C1772,C1773,C1774,C1775,C1776,C1779,C1780,C1781,C1782,C1783,C1784,C1785,C1786,C1787,C1788,C1789,C1856,C1857,C1858,C1859,C1860,C1861,C1862,C1863,C1864,C1865,C1866,C1867,C1868,C1869,C1870,C1873,C1874,C1875,C1876,C1877,C1878,C1879,C1880,C1881,C1882,C1902,C1903,C1904,C1905,C1906,C1907,C1908,C1909,C1910,C1913,C1914,C1915,C1916,C1917,C1918,C1919,C1920,C1921,C1922,C1923,C1924",268
WANBURY,2026-09-15,223.1,239.35,329.7,234.75,-4.96,-32.33,-6.79,-10.96,"C133,C136,C139,C168,C171,C174,C187,C190,C192,C195,C197,C200,C203,C205,C208,C210,C214,C217,C221,C223,C228,C230,C251,C255,C298,C302,C341,C345,C389,C390,C394,C398,C442,C443,C447,C1160,C1161,C1162,C1163,C1184,C1185,C1250,C1251,C1252,C1253,C1254,C1257,C1258,C1262,C1263,C1267,C1268,C1270,C1271,C1275,C1279,C1298,C1299,C1301,C1302,C1304,C1305,C1309,C1310,C1314,C1315,C1317,C1318,C1319,C1323,C1327,C1348,C1349,C1351,C1352,C1354,C1355,C1359,C1360,C1364,C1365,C1367,C1368,C1369,C1373,C1377,C1397,C1399,C1402,C1403,C1404,C1406,C1407,C1411,C1412,C1416,C1417,C1419,C1420,C1421,C1422,C1426,C1430,C1454,C1456,C1459,C1460,C1461,C1462,C1465,C1466,C1470,C1471,C1475,C1476,C1479,C1480,C1481,C1482,C1486,C1490,C1508,C1510,C1512,C1513,C1514,C1516,C1517,C1519,C1520,C1522,C1523,C1524,C1525,C1526,C1530,C1531,C1535,C1536,C1540,C1546,C1550,C1561,C1563,C1565,C1566,C1567,C1569,C1570,C1573,C1574,C1576,C1577,C1578,C1579,C1580,C1584,C1585,C1589,C1590,C1594,C1600,C1604,C1630,C1631,C1635,C1636,C1640,C1641,C1644,C1645,C1650,C1651,C1655,C1656,C1660,C1661,C1664,C1665,C1667,C1668,C1672,C1673,C1677,C1678,C1682,C1683,C1689,C1693,C1722,C1723,C1727,C1728,C1732,C1733,C1736,C1737,C1739,C1743,C1744,C1748,C1749,C1753,C1754,C1757,C1758,C1760,C1761,C1765,C1766,C1770,C1771,C1775,C1776,C1782,C1786,C1815,C1816,C1820,C1821,C1825,C1826,C1829,C1830,C1832,C1833,C1837,C1838,C1842,C1843,C1847,C1848,C1851,C1852,C1854,C1855,C1859,C1860,C1864,C1865,C1869,C1870,C1879,C1886,C1887,C1888,C1889,C1890,C1891,C1893,C1894,C1895,C1896,C1897,C1898,C1899,C1900,C1901,C1903,C1904,C1906,C1907,C1909,C1910,C1912,C1916,C1920,C1924",268
ZUARI,2026-09-15,212.4,220.42,393.55,218.02,-2.58,-46.03,-3.64,-6.37,"C273,C274,C275,C276,C277,C278,C318,C319,C320,C321,C322,C323,C363,C364,C365,C366,C367,C368,C414,C415,C416,C417,C418,C419,C463,C464,C465,C466,C467,C468,C1272,C1273,C1274,C1275,C1276,C1277,C1278,C1279,C1280,C1281,C1282,C1285,C1286,C1287,C1288,C1289,C1290,C1291,C1320,C1321,C1322,C1323,C1324,C1325,C1326,C1327,C1328,C1329,C1330,C1333,C1334,C1335,C1336,C1337,C1338,C1339,C1340,C1370,C1371,C1372,C1373,C1374,C1375,C1376,C1377,C1378,C1379,C1380,C1383,C1384,C1385,C1386,C1387,C1388,C1389,C1423,C1424,C1425,C1426,C1427,C1428,C1429,C1430,C1431,C1432,C1433,C1436,C1437,C1438,C1439,C1440,C1441,C1442,C1483,C1484,C1485,C1486,C1487,C1488,C1489,C1490,C1491,C1492,C1493,C1495,C1496,C1497,C1498,C1499,C1500,C1527,C1528,C1529,C1530,C1531,C1532,C1533,C1534,C1535,C1536,C1537,C1538,C1539,C1540,C1543,C1544,C1545,C1546,C1547,C1548,C1549,C1550,C1551,C1552,C1553,C1581,C1582,C1583,C1584,C1585,C1586,C1587,C1588,C1589,C1590,C1591,C1592,C1593,C1594,C1597,C1598,C1599,C1600,C1601,C1602,C1603,C1604,C1605,C1606,C1607,C1669,C1670,C1671,C1672,C1673,C1674,C1675,C1676,C1677,C1678,C1679,C1680,C1681,C1682,C1683,C1686,C1687,C1688,C1689,C1690,C1691,C1692,C1693,C1694,C1695,C1696,C1762,C1763,C1764,C1765,C1766,C1767,C1768,C1769,C1770,C1771,C1772,C1773,C1774,C1775,C1776,C1779,C1780,C1781,C1782,C1783,C1784,C1785,C1786,C1787,C1788,C1789,C1856,C1857,C1858,C1859,C1860,C1861,C1862,C1863,C1864,C1865,C1866,C1867,C1868,C1869,C1870,C1873,C1874,C1875,C1876,C1877,C1878,C1879,C1880,C1881,C1882,C1902,C1903,C1904,C1905,C1906,C1907,C1908,C1909,C1910,C1913,C1914,C1915,C1916,C1917,C1918,C1919,C1920,C1921,C1922,C1923,C1924",268
ICEMAKE,2026-09-15,695.55,730.1,1088.75,720.0,-3.4,-36.11,-4.73,-4.03,"C144,C146,C148,C150,C151,C179,C180,C182,C184,C185,C198,C211,C212,C213,C224,C235,C236,C1157,C1164,C1165,C1179,C1186,C1256,C1257,C1258,C1261,C1262,C1263,C1266,C1267,C1268,C1270,C1271,C1274,C1275,C1278,C1279,C1282,C1284,C1289,C1304,C1305,C1308,C1309,C1310,C1313,C1314,C1315,C1317,C1318,C1319,C1322,C1323,C1326,C1327,C1330,C1332,C1335,C1338,C1354,C1355,C1358,C1359,C1360,C1363,C1364,C1365,C1367,C1368,C1369,C1372,C1373,C1376,C1377,C1380,C1382,C1387,C1406,C1407,C1410,C1411,C1412,C1415,C1416,C1417,C1419,C1420,C1421,C1422,C1425,C1426,C1429,C1430,C1433,C1435,C1440,C1464,C1465,C1466,C1469,C1470,C1471,C1474,C1475,C1476,C1478,C1479,C1480,C1481,C1482,C1485,C1486,C1489,C1490,C1493,C1516,C1517,C1519,C1520,C1522,C1523,C1524,C1525,C1526,C1529,C1530,C1531,C1534,C1535,C1536,C1539,C1540,C1542,C1545,C1546,C1549,C1550,C1553,C1569,C1570,C1573,C1574,C1576,C1577,C1578,C1579,C1580,C1583,C1584,C1585,C1588,C1589,C1590,C1593,C1594,C1596,C1599,C1600,C1603,C1604,C1607,C1649,C1650,C1651,C1654,C1655,C1656,C1659,C1660,C1661,C1663,C1664,C1665,C1666,C1667,C1668,C1671,C1672,C1673,C1676,C1677,C1678,C1681,C1682,C1683,C1685,C1688,C1689,C1692,C1693,C1696,C1742,C1743,C1744,C1747,C1748,C1749,C1752,C1753,C1754,C1756,C1757,C1758,C1759,C1760,C1761,C1764,C1765,C1766,C1769,C1770,C1771,C1774,C1775,C1776,C1778,C1781,C1782,C1785,C1786,C1789,C1836,C1837,C1838,C1841,C1842,C1843,C1846,C1847,C1848,C1850,C1851,C1852,C1853,C1854,C1855,C1858,C1859,C1860,C1863,C1864,C1865,C1868,C1869,C1870,C1872,C1875,C1878,C1879,C1882,C1915,C1916,C1919,C1920,C1923,C1924",256
CONCOR,2026-09-15,483.7,499.25,815.05,494.15,-2.11,-40.65,-3.11,-4.01,"C274,C276,C278,C279,C319,C321,C323,C364,C366,C368,C369,C415,C417,C419,C464,C466,C468,C508,C510,C549,C551,C588,C590,C591,C639,C689,C691,C731,C733,C734,C735,C768,C770,C771,C815,C817,C818,C819,C861,C863,C864,C910,C912,C913,C1159,C1197,C1201,C1203,C1204,C1205,C1206,C1213,C1215,C1216,C1222,C1228,C1235,C1273,C1274,C1275,C1277,C1278,C1279,C1281,C1282,C1283,C1284,C1286,C1288,C1289,C1291,C1321,C1322,C1323,C1325,C1326,C1327,C1329,C1330,C1331,C1332,C1334,C1335,C1337,C1338,C1340,C1371,C1372,C1373,C1375,C1376,C1377,C1379,C1380,C1381,C1382,C1384,C1386,C1387,C1389,C1424,C1425,C1426,C1428,C1429,C1430,C1432,C1433,C1434,C1435,C1437,C1439,C1440,C1442,C1484,C1485,C1486,C1488,C1489,C1490,C1492,C1493,C1494,C1496,C1498,C1500,C1528,C1529,C1530,C1531,C1533,C1534,C1535,C1536,C1538,C1539,C1540,C1541,C1542,C1544,C1545,C1546,C1548,C1549,C1550,C1552,C1553,C1582,C1583,C1584,C1585,C1587,C1588,C1589,C1590,C1592,C1593,C1594,C1595,C1596,C1598,C1599,C1600,C1602,C1603,C1604,C1606,C1607,C1670,C1671,C1672,C1673,C1675,C1676,C1677,C1678,C1680,C1681,C1682,C1683,C1684,C1685,C1687,C1688,C1689,C1691,C1692,C1693,C1695,C1696,C1763,C1764,C1765,C1766,C1768,C1769,C1770,C1771,C1773,C1774,C1775,C1776,C1777,C1778,C1780,C1781,C1782,C1784,C1785,C1786,C1788,C1789,C1857,C1858,C1859,C1860,C1862,C1863,C1864,C1865,C1867,C1868,C1869,C1870,C1871,C1872,C1874,C1875,C1877,C1878,C1879,C1881,C1882,C1902,C1903,C1904,C1905,C1906,C1907,C1908,C1909,C1910,C1911,C1912,C1914,C1915,C1916,C1918,C1919,C1920,C1922,C1923,C1924,C1925",254
EIDPARRY,2026-09-15,702.75,721.05,1246.8,719.0,-2.26,-43.64,-2.54,-9.64,"C274,C276,C278,C279,C319,C321,C323,C364,C366,C368,C369,C415,C417,C419,C464,C466,C468,C508,C510,C549,C551,C588,C590,C591,C639,C689,C691,C731,C733,C734,C735,C768,C770,C771,C815,C817,C818,C819,C861,C863,C864,C910,C912,C913,C1159,C1197,C1201,C1203,C1204,C1205,C1206,C1213,C1215,C1216,C1222,C1228,C1235,C1273,C1274,C1275,C1277,C1278,C1279,C1281,C1282,C1283,C1284,C1286,C1288,C1289,C1291,C1321,C1322,C1323,C1325,C1326,C1327,C1329,C1330,C1331,C1332,C1334,C1335,C1337,C1338,C1340,C1371,C1372,C1373,C1375,C1376,C1377,C1379,C1380,C1381,C1382,C1384,C1386,C1387,C1389,C1424,C1425,C1426,C1428,C1429,C1430,C1432,C1433,C1434,C1435,C1437,C1439,C1440,C1442,C1484,C1485,C1486,C1488,C1489,C1490,C1492,C1493,C1494,C1496,C1498,C1500,C1528,C1529,C1530,C1531,C1533,C1534,C1535,C1536,C1538,C1539,C1540,C1541,C1542,C1544,C1545,C1546,C1548,C1549,C1550,C1552,C1553,C1582,C1583,C1584,C1585,C1587,C1588,C1589,C1590,C1592,C1593,C1594,C1595,C1596,C1598,C1599,C1600,C1602,C1603,C1604,C1606,C1607,C1670,C1671,C1672,C1673,C1675,C1676,C1677,C1678,C1680,C1681,C1682,C1683,C1684,C1685,C1687,C1688,C1689,C1691,C1692,C1693,C1695,C1696,C1763,C1764,C1765,C1766,C1768,C1769,C1770,C1771,C1773,C1774,C1775,C1776,C1777,C1778,C1780,C1781,C1782,C1784,C1785,C1786,C1788,C1789,C1857,C1858,C1859,C1860,C1862,C1863,C1864,C1865,C1867,C1868,C1869,C1870,C1871,C1872,C1874,C1875,C1877,C1878,C1879,C1881,C1882,C1902,C1903,C1904,C1905,C1906,C1907,C1908,C1909,C1910,C1911,C1912,C1914,C1915,C1916,C1918,C1919,C1920,C1922,C1923,C1924,C1925",254
GENUSPAPER,2026-09-15,11.38,12.04,22.95,11.8,-3.56,-50.41,-5.48,-13.92,"C14,C36,C56,C76,C94,C143,C144,C145,C146,C178,C179,C180,C211,C235,C1164,C1255,C1256,C1257,C1258,C1259,C1260,C1261,C1262,C1263,C1272,C1273,C1274,C1275,C1276,C1277,C1278,C1279,C1285,C1286,C1287,C1288,C1289,C1303,C1304,C1305,C1306,C1307,C1308,C1309,C1310,C1320,C1321,C1322,C1323,C1324,C1325,C1326,C1327,C1333,C1334,C1335,C1336,C1337,C1338,C1353,C1354,C1355,C1356,C1357,C1358,C1359,C1360,C1370,C1371,C1372,C1373,C1374,C1375,C1376,C1377,C1383,C1384,C1385,C1386,C1387,C1405,C1406,C1407,C1408,C1409,C1410,C1411,C1412,C1423,C1424,C1425,C1426,C1427,C1428,C1429,C1430,C1436,C1437,C1438,C1439,C1440,C1463,C1464,C1465,C1466,C1467,C1468,C1469,C1470,C1471,C1483,C1484,C1485,C1486,C1487,C1488,C1489,C1490,C1495,C1496,C1497,C1498,C1515,C1516,C1517,C1518,C1519,C1520,C1527,C1528,C1529,C1530,C1531,C1532,C1533,C1534,C1535,C1536,C1543,C1544,C1545,C1546,C1547,C1548,C1549,C1550,C1568,C1569,C1570,C1571,C1572,C1573,C1574,C1581,C1582,C1583,C1584,C1585,C1586,C1587,C1588,C1589,C1590,C1597,C1598,C1599,C1600,C1601,C1602,C1603,C1604,C1647,C1648,C1649,C1650,C1651,C1652,C1653,C1654,C1655,C1656,C1669,C1670,C1671,C1672,C1673,C1674,C1675,C1676,C1677,C1678,C1686,C1687,C1688,C1689,C1690,C1691,C1692,C1693,C1740,C1741,C1742,C1743,C1744,C1745,C1746,C1747,C1748,C1749,C1762,C1763,C1764,C1765,C1766,C1767,C1768,C1769,C1770,C1771,C1779,C1780,C1781,C1782,C1783,C1784,C1785,C1786,C1834,C1835,C1836,C1837,C1838,C1839,C1840,C1841,C1842,C1843,C1856,C1857,C1858,C1859,C1860,C1861,C1862,C1863,C1864,C1865,C1873,C1874,C1875,C1876,C1877,C1878,C1879",254
SIEMENS,2026-09-15,3770.0,3957.0,6740.0,3858.4,-2.29,-44.07,-4.73,-4.0,"C274,C276,C278,C279,C319,C321,C323,C364,C366,C368,C369,C415,C417,C419,C464,C466,C468,C508,C510,C549,C551,C588,C590,C591,C639,C689,C691,C731,C733,C734,C735,C768,C770,C771,C815,C817,C818,C819,C861,C863,C864,C910,C912,C913,C1159,C1197,C1201,C1203,C1204,C1205,C1206,C1213,C1215,C1216,C1222,C1228,C1235,C1273,C1274,C1275,C1277,C1278,C1279,C1281,C1282,C1283,C1284,C1286,C1288,C1289,C1291,C1321,C1322,C1323,C1325,C1326,C1327,C1329,C1330,C1331,C1332,C1334,C1335,C1337,C1338,C1340,C1371,C1372,C1373,C1375,C1376,C1377,C1379,C1380,C1381,C1382,C1384,C1386,C1387,C1389,C1424,C1425,C1426,C1428,C1429,C1430,C1432,C1433,C1434,C1435,C1437,C1439,C1440,C1442,C1484,C1485,C1486,C1488,C1489,C1490,C1492,C1493,C1494,C1496,C1498,C1500,C1528,C1529,C1530,C1531,C1533,C1534,C1535,C1536,C1538,C1539,C1540,C1541,C1542,C1544,C1545,C1546,C1548,C1549,C1550,C1552,C1553,C1582,C1583,C1584,C1585,C1587,C1588,C1589,C1590,C1592,C1593,C1594,C1595,C1596,C1598,C1599,C1600,C1602,C1603,C1604,C1606,C1607,C1670,C1671,C1672,C1673,C1675,C1676,C1677,C1678,C1680,C1681,C1682,C1683,C1684,C1685,C1687,C1688,C1689,C1691,C1692,C1693,C1695,C1696,C1763,C1764,C1765,C1766,C1768,C1769,C1770,C1771,C1773,C1774,C1775,C1776,C1777,C1778,C1780,C1781,C1782,C1784,C1785,C1786,C1788,C1789,C1857,C1858,C1859,C1860,C1862,C1863,C1864,C1865,C1867,C1868,C1869,C1870,C1871,C1872,C1874,C1875,C1877,C1878,C1879,C1881,C1882,C1902,C1903,C1904,C1905,C1906,C1907,C1908,C1909,C1910,C1911,C1912,C1914,C1915,C1916,C1918,C1919,C1920,C1922,C1923,C1924,C1925",254
SIGACHI,2026-09-15,31.51,37.93,59.59,33.62,-6.28,-47.12,-16.93,-8.43,"C1,C2,C3,C4,C5,C6,C8,C9,C10,C11,C12,C13,C14,C18,C19,C20,C21,C22,C23,C24,C25,C26,C31,C32,C33,C34,C35,C36,C40,C41,C42,C43,C44,C45,C46,C47,C52,C53,C54,C55,C56,C60,C61,C62,C63,C64,C65,C66,C67,C73,C74,C75,C76,C187,C188,C189,C190,C191,C192,C199,C200,C201,C202,C203,C204,C205,C211,C225,C227,C228,C229,C230,C234,C235,C1160,C1161,C1162,C1163,C1164,C1167,C1168,C1169,C1170,C1175,C1176,C1180,C1182,C1187,C1188,C1189,C1190,C1245,C1246,C1247,C1248,C1250,C1251,C1252,C1255,C1256,C1257,C1258,C1259,C1260,C1261,C1262,C1263,C1264,C1265,C1266,C1267,C1268,C1272,C1273,C1274,C1275,C1276,C1277,C1278,C1279,C1280,C1281,C1282,C1285,C1286,C1287,C1288,C1289,C1290,C1291,C1292,C1293,C1294,C1295,C1296,C1298,C1299,C1300,C1301,C1303,C1304,C1305,C1306,C1307,C1308,C1309,C1310,C1311,C1312,C1313,C1314,C1315,C1320,C1321,C1322,C1323,C1324,C1325,C1326,C1327,C1328,C1329,C1330,C1333,C1334,C1335,C1336,C1337,C1338,C1339,C1340,C1341,C1342,C1343,C1344,C1345,C1348,C1349,C1350,C1351,C1353,C1354,C1355,C1356,C1357,C1358,C1359,C1360,C1361,C1362,C1363,C1364,C1365,C1370,C1371,C1372,C1373,C1374,C1375,C1376,C1377,C1378,C1379,C1380,C1383,C1384,C1385,C1386,C1387,C1388,C1389,C1390,C1391,C1392,C1393,C1394,C1397,C1398,C1399,C1400,C1401,C1402,C1405,C1406,C1407,C1408,C1409,C1410,C1411,C1412,C1413,C1414,C1415,C1416,C1417,C1423,C1424,C1425,C1426,C1427,C1428,C1429,C1430,C1431,C1432,C1433,C1436,C1437,C1438,C1439,C1440,C1441,C1442",253
IRCON,2026-09-15,109.42,113.26,229.4,112.55,-2.78,-52.3,-3.39,-7.04,"C273,C274,C275,C276,C318,C319,C320,C321,C363,C364,C365,C366,C414,C415,C416,C417,C463,C464,C465,C466,C507,C508,C509,C510,C548,C549,C550,C551,C587,C588,C589,C590,C637,C638,C639,C688,C689,C690,C691,C730,C731,C732,C733,C767,C768,C769,C770,C814,C815,C816,C817,C860,C861,C862,C863,C909,C910,C911,C912,C956,C957,C958,C959,C960,C1004,C1005,C1006,C1007,C1049,C1050,C1051,C1052,C1103,C1104,C1105,C1106,C1151,C1152,C1153,C1154,C1159,C1272,C1273,C1274,C1275,C1276,C1277,C1278,C1279,C1285,C1286,C1287,C1288,C1289,C1320,C1321,C1322,C1323,C1324,C1325,C1326,C1327,C1333,C1334,C1335,C1336,C1337,C1338,C1370,C1371,C1372,C1373,C1374,C1375,C1376,C1377,C1383,C1384,C1385,C1386,C1387,C1423,C1424,C1425,C1426,C1427,C1428,C1429,C1430,C1436,C1437,C1438,C1439,C1440,C1483,C1484,C1485,C1486,C1487,C1488,C1489,C1490,C1495,C1496,C1497,C1498,C1527,C1528,C1529,C1530,C1531,C1532,C1533,C1534,C1535,C1536,C1543,C1544,C1545,C1546,C1547,C1548,C1549,C1550,C1581,C1582,C1583,C1584,C1585,C1586,C1587,C1588,C1589,C1590,C1597,C1598,C1599,C1600,C1601,C1602,C1603,C1604,C1669,C1670,C1671,C1672,C1673,C1674,C1675,C1676,C1677,C1678,C1686,C1687,C1688,C1689,C1690,C1691,C1692,C1693,C1762,C1763,C1764,C1765,C1766,C1767,C1768,C1769,C1770,C1771,C1779,C1780,C1781,C1782,C1783,C1784,C1785,C1786,C1856,C1857,C1858,C1859,C1860,C1861,C1862,C1863,C1864,C1865,C1873,C1874,C1875,C1876,C1877,C1878,C1879,C1902,C1903,C1904,C1905,C1906,C1907,C1913,C1914,C1915,C1916,C1917,C1918,C1919,C1920",249
IREDA,2026-09-15,109.0,111.71,234.29,111.31,-2.08,-53.48,-2.43,-3.5,"C273,C274,C275,C276,C318,C319,C320,C321,C363,C364,C365,C366,C414,C415,C416,C417,C463,C464,C465,C466,C507,C508,C509,C510,C548,C549,C550,C551,C587,C588,C589,C590,C637,C638,C639,C688,C689,C690,C691,C730,C731,C732,C733,C767,C768,C769,C770,C814,C815,C816,C817,C860,C861,C862,C863,C909,C910,C911,C912,C956,C957,C958,C959,C960,C1004,C1005,C1006,C1007,C1049,C1050,C1051,C1052,C1103,C1104,C1105,C1106,C1151,C1152,C1153,C1154,C1159,C1272,C1273,C1274,C1275,C1276,C1277,C1278,C1279,C1285,C1286,C1287,C1288,C1289,C1320,C1321,C1322,C1323,C1324,C1325,C1326,C1327,C1333,C1334,C1335,C1336,C1337,C1338,C1370,C1371,C1372,C1373,C1374,C1375,C1376,C1377,C1383,C1384,C1385,C1386,C1387,C1423,C1424,C1425,C1426,C1427,C1428,C1429,C1430,C1436,C1437,C1438,C1439,C1440,C1483,C1484,C1485,C1486,C1487,C1488,C1489,C1490,C1495,C1496,C1497,C1498,C1527,C1528,C1529,C1530,C1531,C1532,C1533,C1534,C1535,C1536,C1543,C1544,C1545,C1546,C1547,C1548,C1549,C1550,C1581,C1582,C1583,C1584,C1585,C1586,C1587,C1588,C1589,C1590,C1597,C1598,C1599,C1600,C1601,C1602,C1603,C1604,C1669,C1670,C1671,C1672,C1673,C1674,C1675,C1676,C1677,C1678,C1686,C1687,C1688,C1689,C1690,C1691,C1692,C1693,C1762,C1763,C1764,C1765,C1766,C1767,C1768,C1769,C1770,C1771,C1779,C1780,C1781,C1782,C1783,C1784,C1785,C1786,C1856,C1857,C1858,C1859,C1860,C1861,C1862,C1863,C1864,C1865,C1873,C1874,C1875,C1876,C1877,C1878,C1879,C1902,C1903,C1904,C1905,C1906,C1907,C1913,C1914,C1915,C1916,C1917,C1918,C1919,C1920",249
TRF,2026-09-15,213.0,222.05,450.0,218.35,-2.45,-52.67,-4.08,-9.41,"C273,C274,C275,C276,C318,C319,C320,C321,C363,C364,C365,C366,C414,C415,C416,C417,C463,C464,C465,C466,C507,C508,C509,C510,C548,C549,C550,C551,C587,C588,C589,C590,C637,C638,C639,C688,C689,C690,C691,C730,C731,C732,C733,C767,C768,C769,C770,C814,C815,C816,C817,C860,C861,C862,C863,C909,C910,C911,C912,C956,C957,C958,C959,C960,C1004,C1005,C1006,C1007,C1049,C1050,C1051,C1052,C1103,C1104,C1105,C1106,C1151,C1152,C1153,C1154,C1159,C1272,C1273,C1274,C1275,C1276,C1277,C1278,C1279,C1285,C1286,C1287,C1288,C1289,C1320,C1321,C1322,C1323,C1324,C1325,C1326,C1327,C1333,C1334,C1335,C1336,C1337,C1338,C1370,C1371,C1372,C1373,C1374,C1375,C1376,C1377,C1383,C1384,C1385,C1386,C1387,C1423,C1424,C1425,C1426,C1427,C1428,C1429,C1430,C1436,C1437,C1438,C1439,C1440,C1483,C1484,C1485,C1486,C1487,C1488,C1489,C1490,C1495,C1496,C1497,C1498,C1527,C1528,C1529,C1530,C1531,C1532,C1533,C1534,C1535,C1536,C1543,C1544,C1545,C1546,C1547,C1548,C1549,C1550,C1581,C1582,C1583,C1584,C1585,C1586,C1587,C1588,C1589,C1590,C1597,C1598,C1599,C1600,C1601,C1602,C1603,C1604,C1669,C1670,C1671,C1672,C1673,C1674,C1675,C1676,C1677,C1678,C1686,C1687,C1688,C1689,C1690,C1691,C1692,C1693,C1762,C1763,C1764,C1765,C1766,C1767,C1768,C1769,C1770,C1771,C1779,C1780,C1781,C1782,C1783,C1784,C1785,C1786,C1856,C1857,C1858,C1859,C1860,C1861,C1862,C1863,C1864,C1865,C1873,C1874,C1875,C1876,C1877,C1878,C1879,C1902,C1903,C1904,C1905,C1906,C1907,C1913,C1914,C1915,C1916,C1917,C1918,C1919,C1920",249
CLSEL,2026-09-15,281.6,296.5,447.2,294.45,-4.36,-37.03,-5.03,-6.02,"C10,C33,C54,C75,C93,C187,C189,C190,C191,C192,C194,C195,C196,C197,C198,C200,C202,C203,C204,C205,C207,C208,C209,C210,C211,C212,C213,C214,C216,C217,C218,C220,C221,C222,C223,C224,C226,C227,C228,C230,C232,C235,C236,C1157,C1160,C1161,C1162,C1163,C1164,C1165,C1175,C1176,C1178,C1179,C1182,C1183,C1184,C1185,C1186,C1250,C1251,C1252,C1253,C1254,C1256,C1257,C1258,C1261,C1262,C1263,C1266,C1267,C1268,C1270,C1271,C1274,C1275,C1278,C1279,C1282,C1284,C1289,C1298,C1299,C1301,C1302,C1304,C1305,C1308,C1309,C1310,C1313,C1314,C1315,C1317,C1318,C1319,C1322,C1323,C1326,C1327,C1330,C1332,C1335,C1338,C1348,C1349,C1351,C1352,C1354,C1355,C1358,C1359,C1360,C1363,C1364,C1365,C1367,C1368,C1369,C1372,C1373,C1376,C1377,C1380,C1382,C1387,C1397,C1399,C1402,C1403,C1404,C1406,C1407,C1410,C1411,C1412,C1415,C1416,C1417,C1419,C1420,C1421,C1422,C1425,C1426,C1429,C1430,C1433,C1435,C1440,C1454,C1456,C1459,C1460,C1461,C1462,C1464,C1465,C1466,C1469,C1470,C1471,C1474,C1475,C1476,C1478,C1479,C1480,C1481,C1482,C1485,C1486,C1489,C1490,C1493,C1529,C1530,C1531,C1534,C1535,C1536,C1539,C1540,C1542,C1545,C1546,C1549,C1550,C1553,C1583,C1584,C1585,C1588,C1589,C1590,C1593,C1594,C1596,C1599,C1600,C1603,C1604,C1607,C1671,C1672,C1673,C1676,C1677,C1678,C1681,C1682,C1683,C1685,C1688,C1689,C1692,C1693,C1696,C1764,C1765,C1766,C1769,C1770,C1771,C1774,C1775,C1776,C1778,C1781,C1782,C1785,C1786,C1789,C1858,C1859,C1860,C1863,C1864,C1865,C1868,C1869,C1870,C1872,C1875,C1878,C1879,C1882",248
HUBTOWN,2026-09-15,173.18,181.21,365.7,178.72,-3.1,-52.64,-4.43,-8.81,"C14,C36,C56,C76,C94,C211,C235,C273,C274,C275,C276,C318,C319,C320,C321,C363,C364,C365,C366,C414,C415,C416,C417,C463,C464,C465,C466,C1164,C1255,C1256,C1257,C1258,C1259,C1260,C1261,C1262,C1263,C1272,C1273,C1274,C1275,C1276,C1277,C1278,C1279,C1285,C1286,C1287,C1288,C1289,C1303,C1304,C1305,C1306,C1307,C1308,C1309,C1310,C1320,C1321,C1322,C1323,C1324,C1325,C1326,C1327,C1333,C1334,C1335,C1336,C1337,C1338,C1353,C1354,C1355,C1356,C1357,C1358,C1359,C1360,C1370,C1371,C1372,C1373,C1374,C1375,C1376,C1377,C1383,C1384,C1385,C1386,C1387,C1405,C1406,C1407,C1408,C1409,C1410,C1411,C1412,C1423,C1424,C1425,C1426,C1427,C1428,C1429,C1430,C1436,C1437,C1438,C1439,C1440,C1463,C1464,C1465,C1466,C1467,C1468,C1469,C1470,C1471,C1483,C1484,C1485,C1486,C1487,C1488,C1489,C1490,C1495,C1496,C1497,C1498,C1527,C1528,C1529,C1530,C1531,C1532,C1533,C1534,C1535,C1536,C1543,C1544,C1545,C1546,C1547,C1548,C1549,C1550,C1581,C1582,C1583,C1584,C1585,C1586,C1587,C1588,C1589,C1590,C1597,C1598,C1599,C1600,C1601,C1602,C1603,C1604,C1669,C1670,C1671,C1672,C1673,C1674,C1675,C1676,C1677,C1678,C1686,C1687,C1688,C1689,C1690,C1691,C1692,C1693,C1762,C1763,C1764,C1765,C1766,C1767,C1768,C1769,C1770,C1771,C1779,C1780,C1781,C1782,C1783,C1784,C1785,C1786,C1856,C1857,C1858,C1859,C1860,C1861,C1862,C1863,C1864,C1865,C1873,C1874,C1875,C1876,C1877,C1878,C1879,C1902,C1903,C1904,C1905,C1906,C1907,C1913,C1914,C1915,C1916,C1917,C1918,C1919,C1920",238
MTNL,2026-09-15,23.7,24.74,58.2,24.61,-3.7,-59.28,-4.2,-9.02,"C14,C36,C56,C76,C94,C143,C144,C178,C179,C211,C235,C261,C262,C263,C273,C274,C308,C309,C310,C318,C319,C351,C352,C353,C363,C364,C402,C403,C404,C414,C415,C454,C463,C464,C496,C497,C498,C507,C508,C537,C538,C539,C548,C549,C576,C577,C578,C587,C588,C627,C628,C629,C637,C677,C678,C679,C688,C689,C720,C721,C722,C730,C731,C762,C763,C764,C767,C768,C804,C805,C806,C814,C815,C851,C852,C853,C860,C861,C900,C901,C902,C909,C910,C945,C946,C947,C956,C957,C958,C993,C994,C995,C1004,C1005,C1038,C1039,C1040,C1049,C1050,C1094,C1095,C1096,C1103,C1104,C1139,C1140,C1141,C1151,C1158,C1159,C1164,C1202,C1255,C1256,C1257,C1258,C1272,C1273,C1274,C1275,C1285,C1286,C1303,C1304,C1305,C1320,C1321,C1322,C1323,C1333,C1334,C1335,C1353,C1354,C1355,C1370,C1371,C1372,C1373,C1383,C1384,C1405,C1406,C1407,C1423,C1424,C1425,C1426,C1436,C1437,C1463,C1464,C1465,C1466,C1483,C1484,C1485,C1486,C1495,C1496,C1515,C1516,C1517,C1527,C1528,C1529,C1530,C1531,C1543,C1544,C1545,C1546,C1568,C1569,C1570,C1581,C1582,C1583,C1584,C1585,C1597,C1598,C1599,C1600,C1647,C1648,C1649,C1650,C1651,C1669,C1670,C1671,C1672,C1673,C1686,C1687,C1688,C1689,C1740,C1741,C1742,C1743,C1744,C1762,C1763,C1764,C1765,C1766,C1779,C1780,C1781,C1782,C1834,C1835,C1836,C1837,C1838,C1856,C1857,C1858,C1859,C1860,C1873,C1874,C1875,C1893,C1894,C1902,C1903,C1904,C1913,C1914,C1915,C1916",234
RAMKY,2026-09-15,314.8,332.1,705.0,327.05,-3.75,-55.35,-5.21,-7.3,"C14,C36,C56,C76,C94,C143,C144,C178,C179,C211,C235,C261,C262,C263,C273,C274,C308,C309,C310,C318,C319,C351,C352,C353,C363,C364,C402,C403,C404,C414,C415,C454,C463,C464,C496,C497,C498,C507,C508,C537,C538,C539,C548,C549,C576,C577,C578,C587,C588,C627,C628,C629,C637,C677,C678,C679,C688,C689,C720,C721,C722,C730,C731,C762,C763,C764,C767,C768,C804,C805,C806,C814,C815,C851,C852,C853,C860,C861,C900,C901,C902,C909,C910,C945,C946,C947,C956,C957,C958,C993,C994,C995,C1004,C1005,C1038,C1039,C1040,C1049,C1050,C1094,C1095,C1096,C1103,C1104,C1139,C1140,C1141,C1151,C1158,C1159,C1164,C1202,C1255,C1256,C1257,C1258,C1272,C1273,C1274,C1275,C1285,C1286,C1303,C1304,C1305,C1320,C1321,C1322,C1323,C1333,C1334,C1335,C1353,C1354,C1355,C1370,C1371,C1372,C1373,C1383,C1384,C1405,C1406,C1407,C1423,C1424,C1425,C1426,C1436,C1437,C1463,C1464,C1465,C1466,C1483,C1484,C1485,C1486,C1495,C1496,C1515,C1516,C1517,C1527,C1528,C1529,C1530,C1531,C1543,C1544,C1545,C1546,C1568,C1569,C1570,C1581,C1582,C1583,C1584,C1585,C1597,C1598,C1599,C1600,C1647,C1648,C1649,C1650,C1651,C1669,C1670,C1671,C1672,C1673,C1686,C1687,C1688,C1689,C1740,C1741,C1742,C1743,C1744,C1762,C1763,C1764,C1765,C1766,C1779,C1780,C1781,C1782,C1834,C1835,C1836,C1837,C1838,C1856,C1857,C1858,C1859,C1860,C1873,C1874,C1875,C1893,C1894,C1902,C1903,C1904,C1913,C1914,C1915,C1916",234
BOMDYEING,2026-09-15,107.58,111.27,198.95,109.8,-2.02,-45.93,-3.32,-4.13,"C1272,C1273,C1274,C1275,C1276,C1277,C1278,C1279,C1280,C1281,C1282,C1285,C1286,C1287,C1288,C1289,C1290,C1291,C1320,C1321,C1322,C1323,C1324,C1325,C1326,C1327,C1328,C1329,C1330,C1333,C1334,C1335,C1336,C1337,C1338,C1339,C1340,C1370,C1371,C1372,C1373,C1374,C1375,C1376,C1377,C1378,C1379,C1380,C1383,C1384,C1385,C1386,C1387,C1388,C1389,C1423,C1424,C1425,C1426,C1427,C1428,C1429,C1430,C1431,C1432,C1433,C1436,C1437,C1438,C1439,C1440,C1441,C1442,C1483,C1484,C1485,C1486,C1487,C1488,C1489,C1490,C1491,C1492,C1493,C1495,C1496,C1497,C1498,C1499,C1500,C1527,C1528,C1529,C1530,C1531,C1532,C1533,C1534,C1535,C1536,C1537,C1538,C1539,C1540,C1543,C1544,C1545,C1546,C1547,C1548,C1549,C1550,C1551,C1552,C1553,C1581,C1582,C1583,C1584,C1585,C1586,C1587,C1588,C1589,C1590,C1591,C1592,C1593,C1594,C1597,C1598,C1599,C1600,C1601,C1602,C1603,C1604,C1605,C1606,C1607,C1669,C1670,C1671,C1672,C1673,C1674,C1675,C1676,C1677,C1678,C1679,C1680,C1681,C1682,C1683,C1686,C1687,C1688,C1689,C1690,C1691,C1692,C1693,C1694,C1695,C1696,C1762,C1763,C1764,C1765,C1766,C1767,C1768,C1769,C1770,C1771,C1772,C1773,C1774,C1775,C1776,C1779,C1780,C1781,C1782,C1783,C1784,C1785,C1786,C1787,C1788,C1789,C1856,C1857,C1858,C1859,C1860,C1861,C1862,C1863,C1864,C1865,C1866,C1867,C1868,C1869,C1870,C1873,C1874,C1875,C1876,C1877,C1878,C1879,C1880,C1881,C1882,C1913,C1914,C1915,C1916,C1917,C1918,C1919,C1920,C1921,C1922,C1923,C1924",229
SHK,2026-09-15,135.89,141.22,275.5,138.88,-2.15,-50.68,-3.77,-8.18,"C273,C274,C275,C276,C318,C319,C320,C321,C363,C364,C365,C366,C414,C415,C416,C417,C463,C464,C465,C466,C507,C508,C509,C510,C548,C549,C550,C551,C587,C588,C589,C590,C637,C638,C639,C688,C689,C690,C691,C730,C731,C732,C733,C767,C768,C769,C770,C814,C815,C816,C817,C860,C861,C862,C863,C909,C910,C911,C912,C1159,C1272,C1273,C1274,C1275,C1276,C1277,C1278,C1279,C1285,C1286,C1287,C1288,C1289,C1320,C1321,C1322,C1323,C1324,C1325,C1326,C1327,C1333,C1334,C1335,C1336,C1337,C1338,C1370,C1371,C1372,C1373,C1374,C1375,C1376,C1377,C1383,C1384,C1385,C1386,C1387,C1423,C1424,C1425,C1426,C1427,C1428,C1429,C1430,C1436,C1437,C1438,C1439,C1440,C1483,C1484,C1485,C1486,C1487,C1488,C1489,C1490,C1495,C1496,C1497,C1498,C1527,C1528,C1529,C1530,C1531,C1532,C1533,C1534,C1535,C1536,C1543,C1544,C1545,C1546,C1547,C1548,C1549,C1550,C1581,C1582,C1583,C1584,C1585,C1586,C1587,C1588,C1589,C1590,C1597,C1598,C1599,C1600,C1601,C1602,C1603,C1604,C1669,C1670,C1671,C1672,C1673,C1674,C1675,C1676,C1677,C1678,C1686,C1687,C1688,C1689,C1690,C1691,C1692,C1693,C1762,C1763,C1764,C1765,C1766,C1767,C1768,C1769,C1770,C1771,C1779,C1780,C1781,C1782,C1783,C1784,C1785,C1786,C1856,C1857,C1858,C1859,C1860,C1861,C1862,C1863,C1864,C1865,C1873,C1874,C1875,C1876,C1877,C1878,C1879,C1902,C1903,C1904,C1905,C1906,C1907,C1913,C1914,C1915,C1916,C1917,C1918,C1919,C1920",228
TRIGYN,2026-09-15,52.58,56.1,122.4,55.35,-5.0,-57.04,-6.27,-12.19,"C1,C2,C3,C8,C9,C10,C14,C18,C19,C20,C21,C31,C32,C33,C36,C40,C41,C42,C43,C52,C53,C54,C56,C60,C61,C62,C63,C73,C74,C75,C76,C80,C81,C91,C92,C93,C94,C98,C119,C120,C121,C132,C133,C143,C144,C152,C153,C154,C166,C167,C168,C178,C179,C186,C187,C200,C211,C214,C235,C1160,C1163,C1164,C1167,C1245,C1250,C1255,C1256,C1257,C1258,C1272,C1273,C1274,C1275,C1285,C1286,C1292,C1298,C1303,C1304,C1305,C1320,C1321,C1322,C1323,C1333,C1334,C1335,C1341,C1348,C1353,C1354,C1355,C1370,C1371,C1372,C1373,C1383,C1384,C1390,C1397,C1405,C1406,C1407,C1423,C1424,C1425,C1426,C1436,C1437,C1443,C1444,C1445,C1454,C1463,C1464,C1465,C1466,C1483,C1484,C1485,C1486,C1495,C1496,C1501,C1502,C1507,C1508,C1515,C1516,C1517,C1527,C1528,C1529,C1530,C1531,C1543,C1544,C1545,C1546,C1554,C1555,C1560,C1561,C1568,C1569,C1570,C1581,C1582,C1583,C1584,C1585,C1597,C1598,C1599,C1600,C1608,C1609,C1610,C1611,C1627,C1628,C1629,C1630,C1631,C1647,C1648,C1649,C1650,C1651,C1669,C1670,C1671,C1672,C1673,C1686,C1687,C1688,C1689,C1697,C1698,C1699,C1700,C1701,C1719,C1720,C1721,C1722,C1723,C1740,C1741,C1742,C1743,C1744,C1762,C1763,C1764,C1765,C1766,C1779,C1780,C1781,C1782,C1790,C1791,C1792,C1793,C1794,C1812,C1813,C1814,C1815,C1816,C1834,C1835,C1836,C1837,C1838,C1856,C1857,C1858,C1859,C1860,C1873,C1874,C1875",225
BANG,2026-09-15,32.29,35.12,64.01,33.05,-2.3,-49.55,-8.06,-6.7,"C1272,C1273,C1274,C1275,C1276,C1277,C1278,C1279,C1280,C1281,C1282,C1285,C1286,C1287,C1288,C1289,C1290,C1291,C1320,C1321,C1322,C1323,C1324,C1325,C1326,C1327,C1328,C1329,C1330,C1333,C1334,C1335,C1336,C1337,C1338,C1339,C1340,C1370,C1371,C1372,C1373,C1374,C1375,C1376,C1377,C1378,C1379,C1380,C1383,C1384,C1385,C1386,C1387,C1388,C1389,C1423,C1424,C1425,C1426,C1427,C1428,C1429,C1430,C1431,C1432,C1433,C1436,C1437,C1438,C1439,C1440,C1441,C1442,C1483,C1484,C1485,C1486,C1487,C1488,C1489,C1490,C1491,C1492,C1493,C1495,C1496,C1497,C1498,C1499,C1500,C1527,C1528,C1529,C1530,C1531,C1532,C1533,C1534,C1535,C1536,C1537,C1538,C1539,C1540,C1543,C1544,C1545,C1546,C1547,C1548,C1549,C1550,C1551,C1552,C1553,C1581,C1582,C1583,C1584,C1585,C1586,C1587,C1588,C1589,C1590,C1591,C1592,C1593,C1594,C1597,C1598,C1599,C1600,C1601,C1602,C1603,C1604,C1605,C1606,C1607,C1669,C1670,C1671,C1672,C1673,C1674,C1675,C1676,C1677,C1678,C1679,C1680,C1681,C1682,C1683,C1686,C1687,C1688,C1689,C1690,C1691,C1692,C1693,C1694,C1695,C1696,C1762,C1763,C1764,C1765,C1766,C1767,C1768,C1769,C1770,C1771,C1772,C1773,C1774,C1775,C1776,C1779,C1780,C1781,C1782,C1783,C1784,C1785,C1786,C1787,C1788,C1789,C1856,C1857,C1858,C1859,C1860,C1861,C1862,C1863,C1864,C1865,C1866,C1867,C1868,C1869,C1870,C1873,C1874,C1875,C1876,C1877,C1878,C1879,C1880,C1881,C1882",217
EPIGRAL,2026-09-15,1092.2,1131.1,2114.0,1117.0,-2.22,-48.33,-3.44,-7.42,"C1272,C1273,C1274,C1275,C1276,C1277,C1278,C1279,C1280,C1281,C1282,C1285,C1286,C1287,C1288,C1289,C1290,C1291,C1320,C1321,C1322,C1323,C1324,C1325,C1326,C1327,C1328,C1329,C1330,C1333,C1334,C1335,C1336,C1337,C1338,C1339,C1340,C1370,C1371,C1372,C1373,C1374,C1375,C1376,C1377,C1378,C1379,C1380,C1383,C1384,C1385,C1386,C1387,C1388,C1389,C1423,C1424,C1425,C1426,C1427,C1428,C1429,C1430,C1431,C1432,C1433,C1436,C1437,C1438,C1439,C1440,C1441,C1442,C1483,C1484,C1485,C1486,C1487,C1488,C1489,C1490,C1491,C1492,C1493,C1495,C1496,C1497,C1498,C1499,C1500,C1527,C1528,C1529,C1530,C1531,C1532,C1533,C1534,C1535,C1536,C1537,C1538,C1539,C1540,C1543,C1544,C1545,C1546,C1547,C1548,C1549,C1550,C1551,C1552,C1553,C1581,C1582,C1583,C1584,C1585,C1586,C1587,C1588,C1589,C1590,C1591,C1592,C1593,C1594,C1597,C1598,C1599,C1600,C1601,C1602,C1603,C1604,C1605,C1606,C1607,C1669,C1670,C1671,C1672,C1673,C1674,C1675,C1676,C1677,C1678,C1679,C1680,C1681,C1682,C1683,C1686,C1687,C1688,C1689,C1690,C1691,C1692,C1693,C1694,C1695,C1696,C1762,C1763,C1764,C1765,C1766,C1767,C1768,C1769,C1770,C1771,C1772,C1773,C1774,C1775,C1776,C1779,C1780,C1781,C1782,C1783,C1784,C1785,C1786,C1787,C1788,C1789,C1856,C1857,C1858,C1859,C1860,C1861,C1862,C1863,C1864,C1865,C1866,C1867,C1868,C1869,C1870,C1873,C1874,C1875,C1876,C1877,C1878,C1879,C1880,C1881,C1882",217
HCC,2026-09-15,21.32,22.73,41.49,21.94,-2.83,-48.61,-6.2,-9.43,"C1272,C1273,C1274,C1275,C1276,C1277,C1278,C1279,C1280,C1281,C1282,C1285,C1286,C1287,C1288,C1289,C1290,C1291,C1320,C1321,C1322,C1323,C1324,C1325,C1326,C1327,C1328,C1329,C1330,C1333,C1334,C1335,C1336,C1337,C1338,C1339,C1340,C1370,C1371,C1372,C1373,C1374,C1375,C1376,C1377,C1378,C1379,C1380,C1383,C1384,C1385,C1386,C1387,C1388,C1389,C1423,C1424,C1425,C1426,C1427,C1428,C1429,C1430,C1431,C1432,C1433,C1436,C1437,C1438,C1439,C1440,C1441,C1442,C1483,C1484,C1485,C1486,C1487,C1488,C1489,C1490,C1491,C1492,C1493,C1495,C1496,C1497,C1498,C1499,C1500,C1527,C1528,C1529,C1530,C1531,C1532,C1533,C1534,C1535,C1536,C1537,C1538,C1539,C1540,C1543,C1544,C1545,C1546,C1547,C1548,C1549,C1550,C1551,C1552,C1553,C1581,C1582,C1583,C1584,C1585,C1586,C1587,C1588,C1589,C1590,C1591,C1592,C1593,C1594,C1597,C1598,C1599,C1600,C1601,C1602,C1603,C1604,C1605,C1606,C1607,C1669,C1670,C1671,C1672,C1673,C1674,C1675,C1676,C1677,C1678,C1679,C1680,C1681,C1682,C1683,C1686,C1687,C1688,C1689,C1690,C1691,C1692,C1693,C1694,C1695,C1696,C1762,C1763,C1764,C1765,C1766,C1767,C1768,C1769,C1770,C1771,C1772,C1773,C1774,C1775,C1776,C1779,C1780,C1781,C1782,C1783,C1784,C1785,C1786,C1787,C1788,C1789,C1856,C1857,C1858,C1859,C1860,C1861,C1862,C1863,C1864,C1865,C1866,C1867,C1868,C1869,C1870,C1873,C1874,C1875,C1876,C1877,C1878,C1879,C1880,C1881,C1882",217
LORDSCHLO,2026-09-15,131.1,137.67,241.99,135.0,-2.89,-45.82,-4.77,-5.64,"C1272,C1273,C1274,C1275,C1276,C1277,C1278,C1279,C1280,C1281,C1282,C1285,C1286,C1287,C1288,C1289,C1290,C1291,C1320,C1321,C1322,C1323,C1324,C1325,C1326,C1327,C1328,C1329,C1330,C1333,C1334,C1335,C1336,C1337,C1338,C1339,C1340,C1370,C1371,C1372,C1373,C1374,C1375,C1376,C1377,C1378,C1379,C1380,C1383,C1384,C1385,C1386,C1387,C1388,C1389,C1423,C1424,C1425,C1426,C1427,C1428,C1429,C1430,C1431,C1432,C1433,C1436,C1437,C1438,C1439,C1440,C1441,C1442,C1483,C1484,C1485,C1486,C1487,C1488,C1489,C1490,C1491,C1492,C1493,C1495,C1496,C1497,C1498,C1499,C1500,C1527,C1528,C1529,C1530,C1531,C1532,C1533,C1534,C1535,C1536,C1537,C1538,C1539,C1540,C1543,C1544,C1545,C1546,C1547,C1548,C1549,C1550,C1551,C1552,C1553,C1581,C1582,C1583,C1584,C1585,C1586,C1587,C1588,C1589,C1590,C1591,C1592,C1593,C1594,C1597,C1598,C1599,C1600,C1601,C1602,C1603,C1604,C1605,C1606,C1607,C1669,C1670,C1671,C1672,C1673,C1674,C1675,C1676,C1677,C1678,C1679,C1680,C1681,C1682,C1683,C1686,C1687,C1688,C1689,C1690,C1691,C1692,C1693,C1694,C1695,C1696,C1762,C1763,C1764,C1765,C1766,C1767,C1768,C1769,C1770,C1771,C1772,C1773,C1774,C1775,C1776,C1779,C1780,C1781,C1782,C1783,C1784,C1785,C1786,C1787,C1788,C1789,C1856,C1857,C1858,C1859,C1860,C1861,C1862,C1863,C1864,C1865,C1866,C1867,C1868,C1869,C1870,C1873,C1874,C1875,C1876,C1877,C1878,C1879,C1880,C1881,C1882",217
MAPMYINDIA,2026-09-15,887.8,925.8,2166.7,921.4,-3.65,-59.03,-4.1,-9.04,"C14,C36,C56,C76,C94,C143,C144,C178,C179,C211,C235,C261,C262,C263,C273,C274,C308,C309,C310,C318,C319,C351,C352,C353,C363,C364,C402,C403,C404,C414,C415,C454,C463,C464,C496,C497,C498,C507,C508,C537,C538,C539,C548,C549,C576,C577,C578,C587,C588,C627,C628,C629,C637,C677,C678,C679,C688,C689,C720,C721,C722,C730,C731,C762,C763,C764,C767,C768,C804,C805,C806,C814,C815,C851,C852,C853,C860,C861,C900,C901,C902,C909,C910,C1158,C1159,C1164,C1202,C1255,C1256,C1257,C1258,C1272,C1273,C1274,C1275,C1285,C1286,C1303,C1304,C1305,C1320,C1321,C1322,C1323,C1333,C1334,C1335,C1353,C1354,C1355,C1370,C1371,C1372,C1373,C1383,C1384,C1405,C1406,C1407,C1423,C1424,C1425,C1426,C1436,C1437,C1463,C1464,C1465,C1466,C1483,C1484,C1485,C1486,C1495,C1496,C1515,C1516,C1517,C1527,C1528,C1529,C1530,C1531,C1543,C1544,C1545,C1546,C1568,C1569,C1570,C1581,C1582,C1583,C1584,C1585,C1597,C1598,C1599,C1600,C1647,C1648,C1649,C1650,C1651,C1669,C1670,C1671,C1672,C1673,C1686,C1687,C1688,C1689,C1740,C1741,C1742,C1743,C1744,C1762,C1763,C1764,C1765,C1766,C1779,C1780,C1781,C1782,C1834,C1835,C1836,C1837,C1838,C1856,C1857,C1858,C1859,C1860,C1873,C1874,C1875,C1893,C1894,C1902,C1903,C1904,C1913,C1914,C1915,C1916",209
ESTER,2026-09-15,87.03,89.89,174.9,89.12,-2.35,-50.24,-3.18,-4.93,"C273,C274,C275,C276,C318,C319,C320,C321,C363,C364,C365,C366,C414,C415,C416,C417,C463,C464,C465,C466,C507,C508,C509,C510,C548,C549,C550,C551,C587,C588,C589,C590,C637,C638,C639,C688,C689,C690,C691,C1159,C1272,C1273,C1274,C1275,C1276,C1277,C1278,C1279,C1285,C1286,C1287,C1288,C1289,C1320,C1321,C1322,C1323,C1324,C1325,C1326,C1327,C1333,C1334,C1335,C1336,C1337,C1338,C1370,C1371,C1372,C1373,C1374,C1375,C1376,C1377,C1383,C1384,C1385,C1386,C1387,C1423,C1424,C1425,C1426,C1427,C1428,C1429,C1430,C1436,C1437,C1438,C1439,C1440,C1483,C1484,C1485,C1486,C1487,C1488,C1489,C1490,C1495,C1496,C1497,C1498,C1527,C1528,C1529,C1530,C1531,C1532,C1533,C1534,C1535,C1536,C1543,C1544,C1545,C1546,C1547,C1548,C1549,C1550,C1581,C1582,C1583,C1584,C1585,C1586,C1587,C1588,C1589,C1590,C1597,C1598,C1599,C1600,C1601,C1602,C1603,C1604,C1669,C1670,C1671,C1672,C1673,C1674,C1675,C1676,C1677,C1678,C1686,C1687,C1688,C1689,C1690,C1691,C1692,C1693,C1762,C1763,C1764,C1765,C1766,C1767,C1768,C1769,C1770,C1771,C1779,C1780,C1781,C1782,C1783,C1784,C1785,C1786,C1856,C1857,C1858,C1859,C1860,C1861,C1862,C1863,C1864,C1865,C1873,C1874,C1875,C1876,C1877,C1878,C1879,C1902,C1903,C1904,C1905,C1906,C1907,C1913,C1914,C1915,C1916,C1917,C1918,C1919,C1920",208
RUBFILA,2026-09-15,63.56,68.51,92.2,67.01,-5.15,-31.06,-7.23,-10.43,"C21,C26,C29,C43,C44,C47,C50,C51,C63,C65,C67,C70,C72,C81,C83,C85,C88,C90,C187,C190,C192,C195,C197,C200,C203,C205,C208,C210,C214,C217,C221,C223,C225,C228,C230,C1160,C1161,C1162,C1163,C1167,C1169,C1172,C1174,C1180,C1181,C1184,C1185,C1245,C1247,C1248,C1249,C1250,C1251,C1252,C1253,C1254,C1257,C1258,C1262,C1263,C1267,C1268,C1270,C1271,C1275,C1279,C1292,C1294,C1296,C1297,C1298,C1299,C1301,C1302,C1304,C1305,C1309,C1310,C1314,C1315,C1317,C1318,C1319,C1323,C1327,C1341,C1343,C1345,C1346,C1347,C1348,C1349,C1351,C1352,C1354,C1355,C1359,C1360,C1364,C1365,C1367,C1368,C1369,C1373,C1377,C1390,C1392,C1394,C1395,C1396,C1397,C1399,C1402,C1403,C1404,C1406,C1407,C1411,C1412,C1416,C1417,C1419,C1420,C1421,C1422,C1426,C1430,C1445,C1448,C1451,C1452,C1453,C1454,C1456,C1459,C1460,C1461,C1462,C1465,C1466,C1470,C1471,C1475,C1476,C1479,C1480,C1481,C1482,C1486,C1490,C1530,C1531,C1535,C1536,C1540,C1546,C1550,C1584,C1585,C1589,C1590,C1594,C1600,C1604,C1672,C1673,C1677,C1678,C1682,C1683,C1689,C1693,C1765,C1766,C1770,C1771,C1775,C1776,C1782,C1786,C1859,C1860,C1864,C1865,C1869,C1870,C1879,C1903,C1904,C1906,C1907,C1909,C1910,C1912,C1916,C1920,C1924",197
MANUGRAPH,2026-09-15,14.65,16.23,25.3,15.81,-7.34,-42.09,-9.74,-11.59,"C2,C3,C4,C6,C7,C9,C10,C12,C19,C20,C21,C22,C23,C24,C25,C26,C27,C28,C29,C32,C33,C35,C41,C42,C43,C44,C45,C46,C47,C48,C49,C50,C53,C54,C187,C188,C189,C190,C191,C192,C193,C194,C195,C225,C227,C228,C229,C230,C231,C234,C235,C236,C1157,C1160,C1161,C1162,C1163,C1164,C1165,C1167,C1168,C1169,C1170,C1171,C1172,C1175,C1176,C1177,C1178,C1180,C1182,C1183,C1184,C1187,C1188,C1189,C1245,C1247,C1248,C1249,C1250,C1251,C1252,C1253,C1254,C1255,C1256,C1257,C1258,C1260,C1261,C1262,C1263,C1265,C1266,C1267,C1268,C1269,C1270,C1271,C1273,C1274,C1275,C1277,C1278,C1279,C1281,C1282,C1283,C1284,C1286,C1288,C1289,C1291,C1292,C1294,C1296,C1297,C1298,C1299,C1301,C1302,C1303,C1304,C1305,C1307,C1308,C1309,C1310,C1312,C1313,C1314,C1315,C1316,C1317,C1318,C1321,C1322,C1323,C1325,C1326,C1327,C1329,C1330,C1331,C1332,C1334,C1335,C1337,C1338,C1340,C1341,C1343,C1345,C1346,C1348,C1349,C1351,C1352,C1353,C1354,C1355,C1357,C1358,C1359,C1360,C1362,C1363,C1364,C1365,C1366,C1367,C1368,C1371,C1372,C1373,C1375,C1376,C1377,C1379,C1380,C1381,C1382,C1384,C1386,C1387,C1389",187
SBICARD,2026-09-15,618.6,655.2,1027.25,648.75,-4.65,-39.78,-5.59,-8.31,"C10,C33,C54,C75,C93,C187,C189,C190,C191,C192,C194,C195,C196,C197,C198,C200,C202,C203,C204,C205,C207,C208,C209,C210,C211,C212,C213,C214,C216,C217,C218,C220,C221,C222,C223,C224,C226,C227,C228,C230,C232,C235,C236,C1157,C1160,C1161,C1162,C1163,C1164,C1165,C1175,C1176,C1178,C1179,C1182,C1183,C1184,C1185,C1186,C1250,C1251,C1252,C1253,C1254,C1256,C1257,C1258,C1261,C1262,C1263,C1266,C1267,C1268,C1270,C1271,C1274,C1275,C1278,C1279,C1282,C1284,C1289,C1298,C1299,C1301,C1302,C1304,C1305,C1308,C1309,C1310,C1313,C1314,C1315,C1317,C1318,C1319,C1322,C1323,C1326,C1327,C1330,C1332,C1335,C1338,C1348,C1349,C1351,C1352,C1354,C1355,C1358,C1359,C1360,C1363,C1364,C1365,C1367,C1368,C1369,C1372,C1373,C1376,C1377,C1380,C1382,C1387,C1397,C1399,C1402,C1403,C1404,C1406,C1407,C1410,C1411,C1412,C1415,C1416,C1417,C1419,C1420,C1421,C1422,C1425,C1426,C1429,C1430,C1433,C1435,C1440,C1454,C1456,C1459,C1460,C1461,C1462,C1464,C1465,C1466,C1469,C1470,C1471,C1474,C1475,C1476,C1478,C1479,C1480,C1481,C1482,C1485,C1486,C1489,C1490,C1493",176
VIDHIING,2026-09-15,320.65,334.45,565.4,328.85,-2.49,-43.29,-4.13,-8.12,"C1273,C1274,C1275,C1277,C1278,C1279,C1281,C1282,C1283,C1284,C1286,C1288,C1289,C1291,C1321,C1322,C1323,C1325,C1326,C1327,C1329,C1330,C1331,C1332,C1334,C1335,C1337,C1338,C1340,C1371,C1372,C1373,C1375,C1376,C1377,C1379,C1380,C1381,C1382,C1384,C1386,C1387,C1389,C1424,C1425,C1426,C1428,C1429,C1430,C1432,C1433,C1434,C1435,C1437,C1439,C1440,C1442,C1484,C1485,C1486,C1488,C1489,C1490,C1492,C1493,C1494,C1496,C1498,C1500,C1528,C1529,C1530,C1531,C1533,C1534,C1535,C1536,C1538,C1539,C1540,C1541,C1542,C1544,C1545,C1546,C1548,C1549,C1550,C1552,C1553,C1582,C1583,C1584,C1585,C1587,C1588,C1589,C1590,C1592,C1593,C1594,C1595,C1596,C1598,C1599,C1600,C1602,C1603,C1604,C1606,C1607,C1670,C1671,C1672,C1673,C1675,C1676,C1677,C1678,C1680,C1681,C1682,C1683,C1684,C1685,C1687,C1688,C1689,C1691,C1692,C1693,C1695,C1696,C1763,C1764,C1765,C1766,C1768,C1769,C1770,C1771,C1773,C1774,C1775,C1776,C1777,C1778,C1780,C1781,C1782,C1784,C1785,C1786,C1788,C1789,C1857,C1858,C1859,C1860,C1862,C1863,C1864,C1865,C1867,C1868,C1869,C1870,C1871,C1872,C1874,C1875,C1877,C1878,C1879,C1881,C1882",176
CROWN,2026-09-15,106.83,112.55,231.99,112.0,-4.62,-53.95,-5.08,-7.42,"C8,C9,C10,C11,C12,C14,C31,C32,C33,C34,C35,C36,C52,C53,C54,C55,C56,C73,C74,C75,C76,C91,C92,C93,C94,C187,C188,C189,C190,C200,C201,C202,C203,C211,C214,C215,C216,C217,C227,C228,C235,C1160,C1161,C1163,C1164,C1175,C1250,C1251,C1255,C1256,C1257,C1258,C1259,C1260,C1261,C1262,C1263,C1272,C1273,C1274,C1275,C1276,C1277,C1278,C1279,C1285,C1286,C1287,C1288,C1289,C1298,C1299,C1303,C1304,C1305,C1306,C1307,C1308,C1309,C1310,C1320,C1321,C1322,C1323,C1324,C1325,C1326,C1327,C1333,C1334,C1335,C1336,C1337,C1338,C1348,C1349,C1353,C1354,C1355,C1356,C1357,C1358,C1359,C1360,C1370,C1371,C1372,C1373,C1374,C1375,C1376,C1377,C1383,C1384,C1385,C1386,C1387,C1397,C1398,C1399,C1405,C1406,C1407,C1408,C1409,C1410,C1411,C1412,C1423,C1424,C1425,C1426,C1427,C1428,C1429,C1430,C1436,C1437,C1438,C1439,C1440,C1454,C1455,C1456,C1463,C1464,C1465,C1466,C1467,C1468,C1469,C1470,C1471,C1483,C1484,C1485,C1486,C1487,C1488,C1489,C1490,C1495,C1496,C1497,C1498",165
MARATHON,2026-09-15,414.0,435.45,769.45,428.0,-3.27,-46.2,-4.93,-9.9,"C14,C36,C56,C76,C94,C211,C235,C1164,C1255,C1256,C1257,C1258,C1259,C1260,C1261,C1262,C1263,C1264,C1265,C1266,C1267,C1268,C1272,C1273,C1274,C1275,C1276,C1277,C1278,C1279,C1280,C1281,C1282,C1285,C1286,C1287,C1288,C1289,C1290,C1291,C1303,C1304,C1305,C1306,C1307,C1308,C1309,C1310,C1311,C1312,C1313,C1314,C1315,C1320,C1321,C1322,C1323,C1324,C1325,C1326,C1327,C1328,C1329,C1330,C1333,C1334,C1335,C1336,C1337,C1338,C1339,C1340,C1353,C1354,C1355,C1356,C1357,C1358,C1359,C1360,C1361,C1362,C1363,C1364,C1365,C1370,C1371,C1372,C1373,C1374,C1375,C1376,C1377,C1378,C1379,C1380,C1383,C1384,C1385,C1386,C1387,C1388,C1389,C1405,C1406,C1407,C1408,C1409,C1410,C1411,C1412,C1413,C1414,C1415,C1416,C1417,C1423,C1424,C1425,C1426,C1427,C1428,C1429,C1430,C1431,C1432,C1433,C1436,C1437,C1438,C1439,C1440,C1441,C1442,C1463,C1464,C1465,C1466,C1467,C1468,C1469,C1470,C1471,C1472,C1473,C1474,C1475,C1476,C1483,C1484,C1485,C1486,C1487,C1488,C1489,C1490,C1491,C1492,C1493,C1495,C1496,C1497,C1498,C1499,C1500",165
MERCANTILE,2026-09-15,22.02,23.86,31.9,23.27,-5.37,-30.97,-7.71,-9.86,"C21,C26,C29,C43,C44,C47,C50,C51,C63,C65,C67,C70,C72,C81,C83,C85,C88,C90,C187,C190,C192,C195,C197,C200,C203,C205,C208,C210,C214,C217,C221,C223,C225,C228,C230,C1160,C1161,C1162,C1163,C1167,C1169,C1172,C1174,C1180,C1181,C1184,C1185,C1245,C1247,C1248,C1249,C1250,C1251,C1252,C1253,C1254,C1257,C1258,C1262,C1263,C1267,C1268,C1270,C1271,C1275,C1279,C1292,C1294,C1296,C1297,C1298,C1299,C1301,C1302,C1304,C1305,C1309,C1310,C1314,C1315,C1317,C1318,C1319,C1323,C1327,C1341,C1343,C1345,C1346,C1347,C1348,C1349,C1351,C1352,C1354,C1355,C1359,C1360,C1364,C1365,C1367,C1368,C1369,C1373,C1377,C1390,C1392,C1394,C1395,C1396,C1397,C1399,C1402,C1403,C1404,C1406,C1407,C1411,C1412,C1416,C1417,C1419,C1420,C1421,C1422,C1426,C1430,C1445,C1448,C1451,C1452,C1453,C1454,C1456,C1459,C1460,C1461,C1462,C1465,C1466,C1470,C1471,C1475,C1476,C1479,C1480,C1481,C1482,C1486,C1490,C1546,C1550,C1600,C1604,C1689,C1693,C1782,C1786,C1879,C1916,C1920,C1924",162
BANCOINDIA,2026-09-15,587.65,615.0,879.8,607.0,-3.19,-33.21,-4.45,-6.27,"C1257,C1258,C1262,C1263,C1267,C1268,C1270,C1271,C1275,C1279,C1304,C1305,C1309,C1310,C1314,C1315,C1317,C1318,C1319,C1323,C1327,C1354,C1355,C1359,C1360,C1364,C1365,C1367,C1368,C1369,C1373,C1377,C1406,C1407,C1411,C1412,C1416,C1417,C1419,C1420,C1421,C1422,C1426,C1430,C1465,C1466,C1470,C1471,C1475,C1476,C1479,C1480,C1481,C1482,C1486,C1490,C1516,C1517,C1519,C1520,C1522,C1523,C1524,C1525,C1526,C1530,C1531,C1535,C1536,C1540,C1546,C1550,C1569,C1570,C1573,C1574,C1576,C1577,C1578,C1579,C1580,C1584,C1585,C1589,C1590,C1594,C1600,C1604,C1650,C1651,C1655,C1656,C1660,C1661,C1664,C1665,C1667,C1668,C1672,C1673,C1677,C1678,C1682,C1683,C1689,C1693,C1743,C1744,C1748,C1749,C1753,C1754,C1757,C1758,C1760,C1761,C1765,C1766,C1770,C1771,C1775,C1776,C1782,C1786,C1837,C1838,C1842,C1843,C1847,C1848,C1851,C1852,C1854,C1855,C1859,C1860,C1864,C1865,C1869,C1870,C1879,C1893,C1894,C1895,C1896,C1897,C1898,C1899,C1900,C1901,C1903,C1904,C1906,C1907,C1909,C1910,C1912,C1916,C1920,C1924",160
SEJALLTD,2026-09-15,618.35,646.3,940.6,639.0,-3.23,-34.26,-4.32,-7.16,"C1257,C1258,C1262,C1263,C1267,C1268,C1270,C1271,C1275,C1279,C1304,C1305,C1309,C1310,C1314,C1315,C1317,C1318,C1319,C1323,C1327,C1354,C1355,C1359,C1360,C1364,C1365,C1367,C1368,C1369,C1373,C1377,C1406,C1407,C1411,C1412,C1416,C1417,C1419,C1420,C1421,C1422,C1426,C1430,C1465,C1466,C1470,C1471,C1475,C1476,C1479,C1480,C1481,C1482,C1486,C1490,C1516,C1517,C1519,C1520,C1522,C1523,C1524,C1525,C1526,C1530,C1531,C1535,C1536,C1540,C1546,C1550,C1569,C1570,C1573,C1574,C1576,C1577,C1578,C1579,C1580,C1584,C1585,C1589,C1590,C1594,C1600,C1604,C1650,C1651,C1655,C1656,C1660,C1661,C1664,C1665,C1667,C1668,C1672,C1673,C1677,C1678,C1682,C1683,C1689,C1693,C1743,C1744,C1748,C1749,C1753,C1754,C1757,C1758,C1760,C1761,C1765,C1766,C1770,C1771,C1775,C1776,C1782,C1786,C1837,C1838,C1842,C1843,C1847,C1848,C1851,C1852,C1854,C1855,C1859,C1860,C1864,C1865,C1869,C1870,C1879,C1893,C1894,C1895,C1896,C1897,C1898,C1899,C1900,C1901,C1903,C1904,C1906,C1907,C1909,C1910,C1912,C1916,C1920,C1924",160
SUMICHEM,2026-09-15,451.95,476.4,665.0,466.5,-3.12,-32.04,-5.13,-7.37,"C1257,C1258,C1262,C1263,C1267,C1268,C1270,C1271,C1275,C1279,C1304,C1305,C1309,C1310,C1314,C1315,C1317,C1318,C1319,C1323,C1327,C1354,C1355,C1359,C1360,C1364,C1365,C1367,C1368,C1369,C1373,C1377,C1406,C1407,C1411,C1412,C1416,C1417,C1419,C1420,C1421,C1422,C1426,C1430,C1465,C1466,C1470,C1471,C1475,C1476,C1479,C1480,C1481,C1482,C1486,C1490,C1516,C1517,C1519,C1520,C1522,C1523,C1524,C1525,C1526,C1530,C1531,C1535,C1536,C1540,C1546,C1550,C1569,C1570,C1573,C1574,C1576,C1577,C1578,C1579,C1580,C1584,C1585,C1589,C1590,C1594,C1600,C1604,C1650,C1651,C1655,C1656,C1660,C1661,C1664,C1665,C1667,C1668,C1672,C1673,C1677,C1678,C1682,C1683,C1689,C1693,C1743,C1744,C1748,C1749,C1753,C1754,C1757,C1758,C1760,C1761,C1765,C1766,C1770,C1771,C1775,C1776,C1782,C1786,C1837,C1838,C1842,C1843,C1847,C1848,C1851,C1852,C1854,C1855,C1859,C1860,C1864,C1865,C1869,C1870,C1879,C1893,C1894,C1895,C1896,C1897,C1898,C1899,C1900,C1901,C1903,C1904,C1906,C1907,C1909,C1910,C1912,C1916,C1920,C1924",160
IFCI,2026-09-15,76.95,82.29,107.5,80.37,-4.26,-28.42,-6.49,-24.93,"C390,C443,C1245,C1247,C1248,C1249,C1250,C1251,C1252,C1254,C1258,C1263,C1268,C1271,C1292,C1294,C1296,C1297,C1298,C1299,C1301,C1302,C1305,C1310,C1315,C1318,C1341,C1343,C1345,C1346,C1347,C1348,C1349,C1351,C1352,C1355,C1360,C1365,C1368,C1390,C1392,C1394,C1395,C1396,C1397,C1399,C1402,C1403,C1404,C1407,C1412,C1417,C1420,C1422,C1445,C1448,C1451,C1452,C1453,C1454,C1456,C1460,C1461,C1462,C1466,C1471,C1476,C1480,C1482,C1502,C1504,C1506,C1508,C1510,C1512,C1514,C1517,C1520,C1523,C1525,C1531,C1536,C1555,C1557,C1559,C1561,C1563,C1565,C1567,C1570,C1574,C1577,C1579,C1585,C1590,C1611,C1616,C1621,C1625,C1631,C1636,C1641,C1645,C1651,C1656,C1661,C1665,C1668,C1673,C1678,C1683,C1701,C1706,C1711,C1715,C1718,C1723,C1728,C1733,C1737,C1739,C1744,C1749,C1754,C1758,C1761,C1766,C1771,C1776,C1794,C1799,C1804,C1808,C1811,C1816,C1821,C1826,C1830,C1833,C1838,C1843,C1848,C1852,C1855,C1860,C1865,C1870,C1886,C1887,C1889,C1891,C1894,C1896,C1898,C1900,C1904,C1907,C1910",158
IOLCP,2026-09-15,179.52,194.31,446.2,192.0,-6.5,-59.77,-7.61,-15.73,"C1,C2,C3,C8,C9,C10,C14,C18,C19,C20,C21,C31,C32,C33,C36,C40,C41,C42,C43,C52,C53,C54,C56,C60,C61,C62,C63,C73,C74,C75,C76,C143,C144,C178,C179,C187,C200,C211,C235,C1160,C1163,C1164,C1167,C1245,C1250,C1255,C1256,C1257,C1258,C1272,C1273,C1274,C1275,C1285,C1286,C1292,C1298,C1303,C1304,C1305,C1320,C1321,C1322,C1323,C1333,C1334,C1335,C1341,C1348,C1353,C1354,C1355,C1370,C1371,C1372,C1373,C1383,C1384,C1390,C1397,C1405,C1406,C1407,C1423,C1424,C1425,C1426,C1436,C1437,C1515,C1516,C1517,C1527,C1528,C1529,C1530,C1531,C1543,C1544,C1545,C1546,C1568,C1569,C1570,C1581,C1582,C1583,C1584,C1585,C1597,C1598,C1599,C1600,C1647,C1648,C1649,C1650,C1651,C1669,C1670,C1671,C1672,C1673,C1686,C1687,C1688,C1689,C1740,C1741,C1742,C1743,C1744,C1762,C1763,C1764,C1765,C1766,C1779,C1780,C1781,C1782,C1834,C1835,C1836,C1837,C1838,C1856,C1857,C1858,C1859,C1860,C1873,C1874,C1875",154
GFLLIMITED,2026-09-15,54.69,58.27,92.28,56.42,-3.07,-40.73,-6.14,-12.03,"C211,C212,C235,C236,C1157,C1164,C1165,C1255,C1256,C1257,C1258,C1260,C1261,C1262,C1263,C1265,C1266,C1267,C1268,C1269,C1270,C1271,C1273,C1274,C1275,C1277,C1278,C1279,C1281,C1282,C1283,C1284,C1286,C1288,C1289,C1291,C1303,C1304,C1305,C1307,C1308,C1309,C1310,C1312,C1313,C1314,C1315,C1316,C1317,C1318,C1321,C1322,C1323,C1325,C1326,C1327,C1329,C1330,C1331,C1332,C1334,C1335,C1337,C1338,C1340,C1353,C1354,C1355,C1357,C1358,C1359,C1360,C1362,C1363,C1364,C1365,C1366,C1367,C1368,C1371,C1372,C1373,C1375,C1376,C1377,C1379,C1380,C1381,C1382,C1384,C1386,C1387,C1389,C1405,C1406,C1407,C1409,C1410,C1411,C1412,C1414,C1415,C1416,C1417,C1418,C1419,C1420,C1424,C1425,C1426,C1428,C1429,C1430,C1432,C1433,C1434,C1435,C1437,C1439,C1440,C1442,C1463,C1464,C1465,C1466,C1468,C1469,C1470,C1471,C1473,C1474,C1475,C1476,C1477,C1478,C1479,C1480,C1484,C1485,C1486,C1488,C1489,C1490,C1492,C1493,C1494,C1496,C1498,C1500",149
GVPIL,2026-09-15,620.05,652.65,1076.0,640.4,-3.18,-42.37,-5.0,-5.36,"C211,C212,C235,C236,C1157,C1164,C1165,C1255,C1256,C1257,C1258,C1260,C1261,C1262,C1263,C1265,C1266,C1267,C1268,C1269,C1270,C1271,C1273,C1274,C1275,C1277,C1278,C1279,C1281,C1282,C1283,C1284,C1286,C1288,C1289,C1291,C1303,C1304,C1305,C1307,C1308,C1309,C1310,C1312,C1313,C1314,C1315,C1316,C1317,C1318,C1321,C1322,C1323,C1325,C1326,C1327,C1329,C1330,C1331,C1332,C1334,C1335,C1337,C1338,C1340,C1353,C1354,C1355,C1357,C1358,C1359,C1360,C1362,C1363,C1364,C1365,C1366,C1367,C1368,C1371,C1372,C1373,C1375,C1376,C1377,C1379,C1380,C1381,C1382,C1384,C1386,C1387,C1389,C1405,C1406,C1407,C1409,C1410,C1411,C1412,C1414,C1415,C1416,C1417,C1418,C1419,C1420,C1424,C1425,C1426,C1428,C1429,C1430,C1432,C1433,C1434,C1435,C1437,C1439,C1440,C1442,C1463,C1464,C1465,C1466,C1468,C1469,C1470,C1471,C1473,C1474,C1475,C1476,C1477,C1478,C1479,C1480,C1484,C1485,C1486,C1488,C1489,C1490,C1492,C1493,C1494,C1496,C1498,C1500",149
RADHIKAJWE,2026-09-15,75.47,83.21,118.99,81.46,-7.35,-36.57,-9.3,-19.95,"C3,C10,C20,C21,C23,C25,C26,C28,C29,C30,C33,C42,C43,C44,C46,C47,C49,C50,C51,C54,C187,C189,C190,C191,C192,C194,C195,C196,C197,C198,C225,C226,C227,C228,C230,C232,C233,C235,C236,C1157,C1160,C1161,C1162,C1163,C1164,C1165,C1167,C1168,C1169,C1170,C1171,C1172,C1173,C1174,C1175,C1176,C1178,C1179,C1180,C1181,C1182,C1183,C1184,C1185,C1186,C1188,C1245,C1247,C1248,C1249,C1250,C1251,C1252,C1253,C1254,C1256,C1257,C1258,C1261,C1262,C1263,C1266,C1267,C1268,C1270,C1271,C1274,C1275,C1278,C1279,C1282,C1284,C1289,C1292,C1294,C1296,C1297,C1298,C1299,C1301,C1302,C1304,C1305,C1308,C1309,C1310,C1313,C1314,C1315,C1317,C1318,C1319,C1322,C1323,C1326,C1327,C1330,C1332,C1335,C1338,C1341,C1343,C1345,C1346,C1347,C1348,C1349,C1351,C1352,C1354,C1355,C1358,C1359,C1360,C1363,C1364,C1365,C1367,C1368,C1369,C1372,C1373,C1376,C1377,C1380,C1382,C1387",147
BOROSCI,2026-09-15,120.02,125.28,190.79,123.9,-3.13,-37.09,-4.2,-8.14,"C198,C211,C212,C213,C224,C235,C236,C1157,C1164,C1165,C1179,C1186,C1256,C1257,C1258,C1261,C1262,C1263,C1266,C1267,C1268,C1270,C1271,C1274,C1275,C1278,C1279,C1282,C1284,C1289,C1304,C1305,C1308,C1309,C1310,C1313,C1314,C1315,C1317,C1318,C1319,C1322,C1323,C1326,C1327,C1330,C1332,C1335,C1338,C1354,C1355,C1358,C1359,C1360,C1363,C1364,C1365,C1367,C1368,C1369,C1372,C1373,C1376,C1377,C1380,C1382,C1387,C1406,C1407,C1410,C1411,C1412,C1415,C1416,C1417,C1419,C1420,C1421,C1422,C1425,C1426,C1429,C1430,C1433,C1435,C1440,C1464,C1465,C1466,C1469,C1470,C1471,C1474,C1475,C1476,C1478,C1479,C1480,C1481,C1482,C1485,C1486,C1489,C1490,C1493,C1545,C1546,C1549,C1550,C1553,C1599,C1600,C1603,C1604,C1607,C1688,C1689,C1692,C1693,C1696,C1781,C1782,C1785,C1786,C1789,C1875,C1878,C1879,C1882,C1915,C1916,C1919,C1920,C1923,C1924",135
IVC,2026-09-15,7.92,9.11,11.8,8.5,-6.82,-32.88,-13.06,-22.96,"C121,C124,C127,C130,C133,C136,C139,C154,C157,C160,C163,C165,C168,C171,C174,C1166,C1502,C1504,C1506,C1508,C1510,C1512,C1513,C1514,C1516,C1517,C1519,C1520,C1522,C1523,C1524,C1525,C1526,C1530,C1531,C1535,C1536,C1540,C1546,C1550,C1555,C1557,C1559,C1561,C1563,C1565,C1566,C1567,C1569,C1570,C1573,C1574,C1576,C1577,C1578,C1579,C1580,C1584,C1585,C1589,C1590,C1594,C1600,C1604,C1610,C1611,C1615,C1616,C1620,C1621,C1624,C1625,C1630,C1631,C1635,C1636,C1640,C1641,C1644,C1645,C1650,C1651,C1655,C1656,C1660,C1661,C1664,C1665,C1667,C1668,C1672,C1673,C1677,C1678,C1682,C1683,C1689,C1693,C1700,C1701,C1705,C1706,C1710,C1711,C1714,C1715,C1717,C1718,C1722,C1723,C1727,C1728,C1732,C1733,C1736,C1737,C1739,C1743,C1744,C1748,C1749,C1753,C1754,C1757,C1758,C1760,C1761,C1765,C1766,C1770,C1771,C1775,C1776,C1782,C1786",135
UTTAMSUGAR,2026-09-15,256.65,279.85,359.3,275.3,-6.77,-28.57,-8.29,-9.63,"C374,C381,C390,C1199,C1245,C1247,C1248,C1249,C1250,C1251,C1252,C1254,C1258,C1263,C1268,C1271,C1292,C1294,C1296,C1297,C1298,C1299,C1301,C1302,C1305,C1310,C1315,C1318,C1341,C1343,C1345,C1346,C1347,C1348,C1349,C1351,C1352,C1355,C1360,C1365,C1368,C1390,C1392,C1394,C1395,C1396,C1397,C1399,C1402,C1403,C1404,C1407,C1412,C1417,C1420,C1422,C1502,C1504,C1506,C1508,C1510,C1512,C1514,C1517,C1520,C1523,C1525,C1531,C1536,C1555,C1557,C1559,C1561,C1563,C1565,C1567,C1570,C1574,C1577,C1579,C1585,C1590,C1611,C1616,C1621,C1625,C1631,C1636,C1641,C1645,C1651,C1656,C1661,C1665,C1668,C1673,C1678,C1683,C1701,C1706,C1711,C1715,C1718,C1723,C1728,C1733,C1737,C1739,C1744,C1749,C1754,C1758,C1761,C1766,C1771,C1776,C1883,C1884,C1885,C1886,C1887,C1889,C1891,C1894,C1896,C1898,C1900,C1904,C1907,C1910",130
VTMLTD,2026-09-15,42.17,48.42,61.9,46.83,-9.95,-31.87,-12.91,-25.35,"C121,C124,C127,C130,C133,C136,C139,C225,C240,C244,C248,C250,C251,C255,C283,C287,C291,C293,C298,C302,C327,C331,C335,C337,C341,C345,C373,C374,C380,C381,C383,C385,C389,C390,C394,C398,C423,C424,C428,C429,C433,C434,C435,C436,C438,C442,C443,C447,C1160,C1161,C1162,C1166,C1167,C1169,C1172,C1174,C1198,C1199,C1245,C1247,C1248,C1249,C1250,C1251,C1252,C1253,C1254,C1257,C1258,C1262,C1263,C1267,C1268,C1270,C1271,C1275,C1279,C1502,C1504,C1506,C1508,C1510,C1512,C1513,C1514,C1516,C1517,C1519,C1520,C1522,C1523,C1524,C1525,C1526,C1530,C1531,C1535,C1536,C1540,C1546,C1550,C1883,C1884,C1885,C1886,C1887,C1888,C1889,C1890,C1891,C1893,C1894,C1895,C1896,C1897,C1898,C1899,C1900,C1901,C1903,C1904,C1906,C1907,C1909,C1910,C1912,C1916,C1920,C1924",129
ASAL,2026-09-15,447.85,462.4,690.0,458.5,-2.32,-35.09,-3.15,-4.73,"C958,C1154,C1274,C1275,C1278,C1279,C1282,C1284,C1289,C1322,C1323,C1326,C1327,C1330,C1332,C1335,C1338,C1372,C1373,C1376,C1377,C1380,C1382,C1387,C1425,C1426,C1429,C1430,C1433,C1435,C1440,C1485,C1486,C1489,C1490,C1493,C1529,C1530,C1531,C1534,C1535,C1536,C1539,C1540,C1542,C1545,C1546,C1549,C1550,C1553,C1583,C1584,C1585,C1588,C1589,C1590,C1593,C1594,C1596,C1599,C1600,C1603,C1604,C1607,C1671,C1672,C1673,C1676,C1677,C1678,C1681,C1682,C1683,C1685,C1688,C1689,C1692,C1693,C1696,C1764,C1765,C1766,C1769,C1770,C1771,C1774,C1775,C1776,C1778,C1781,C1782,C1785,C1786,C1789,C1858,C1859,C1860,C1863,C1864,C1865,C1868,C1869,C1870,C1872,C1875,C1878,C1879,C1882,C1902,C1903,C1904,C1905,C1906,C1907,C1908,C1909,C1910,C1911,C1912,C1915,C1916,C1919,C1920,C1923,C1924",125
GAJA,2026-09-15,142.55,152.6,191.65,151.0,-5.6,-25.62,-6.59,-8.28,"C1245,C1247,C1248,C1249,C1250,C1251,C1252,C1254,C1258,C1263,C1268,C1271,C1292,C1294,C1296,C1297,C1298,C1299,C1301,C1302,C1305,C1310,C1315,C1318,C1341,C1343,C1345,C1346,C1347,C1348,C1349,C1351,C1352,C1355,C1360,C1365,C1368,C1390,C1392,C1394,C1395,C1396,C1397,C1399,C1402,C1403,C1404,C1407,C1412,C1417,C1420,C1422,C1445,C1448,C1451,C1452,C1453,C1454,C1456,C1460,C1461,C1462,C1466,C1471,C1476,C1480,C1482,C1508,C1510,C1512,C1514,C1517,C1520,C1523,C1525,C1531,C1536,C1561,C1563,C1565,C1567,C1570,C1574,C1577,C1579,C1585,C1590,C1631,C1636,C1641,C1645,C1651,C1656,C1661,C1665,C1668,C1673,C1678,C1683,C1723,C1728,C1733,C1737,C1739,C1744,C1749,C1754,C1758,C1761,C1766,C1771,C1776,C1816,C1821,C1826,C1830,C1833,C1838,C1843,C1848,C1852,C1855,C1860,C1865,C1870",125
INSPIRISYS,2026-09-15,81.78,85.43,132.05,84.01,-2.65,-38.07,-4.27,-7.85,"C958,C1154,C1274,C1275,C1278,C1279,C1282,C1284,C1289,C1322,C1323,C1326,C1327,C1330,C1332,C1335,C1338,C1372,C1373,C1376,C1377,C1380,C1382,C1387,C1425,C1426,C1429,C1430,C1433,C1435,C1440,C1485,C1486,C1489,C1490,C1493,C1529,C1530,C1531,C1534,C1535,C1536,C1539,C1540,C1542,C1545,C1546,C1549,C1550,C1553,C1583,C1584,C1585,C1588,C1589,C1590,C1593,C1594,C1596,C1599,C1600,C1603,C1604,C1607,C1671,C1672,C1673,C1676,C1677,C1678,C1681,C1682,C1683,C1685,C1688,C1689,C1692,C1693,C1696,C1764,C1765,C1766,C1769,C1770,C1771,C1774,C1775,C1776,C1778,C1781,C1782,C1785,C1786,C1789,C1858,C1859,C1860,C1863,C1864,C1865,C1868,C1869,C1870,C1872,C1875,C1878,C1879,C1882,C1902,C1903,C1904,C1905,C1906,C1907,C1908,C1909,C1910,C1911,C1912,C1915,C1916,C1919,C1920,C1923,C1924",125
JKCEMENT,2026-09-15,4712.0,4843.5,7565.5,4813.0,-2.1,-37.72,-2.71,-6.64,"C958,C1154,C1274,C1275,C1278,C1279,C1282,C1284,C1289,C1322,C1323,C1326,C1327,C1330,C1332,C1335,C1338,C1372,C1373,C1376,C1377,C1380,C1382,C1387,C1425,C1426,C1429,C1430,C1433,C1435,C1440,C1485,C1486,C1489,C1490,C1493,C1529,C1530,C1531,C1534,C1535,C1536,C1539,C1540,C1542,C1545,C1546,C1549,C1550,C1553,C1583,C1584,C1585,C1588,C1589,C1590,C1593,C1594,C1596,C1599,C1600,C1603,C1604,C1607,C1671,C1672,C1673,C1676,C1677,C1678,C1681,C1682,C1683,C1685,C1688,C1689,C1692,C1693,C1696,C1764,C1765,C1766,C1769,C1770,C1771,C1774,C1775,C1776,C1778,C1781,C1782,C1785,C1786,C1789,C1858,C1859,C1860,C1863,C1864,C1865,C1868,C1869,C1870,C1872,C1875,C1878,C1879,C1882,C1902,C1903,C1904,C1905,C1906,C1907,C1908,C1909,C1910,C1911,C1912,C1915,C1916,C1919,C1920,C1923,C1924",125
VINATIORGA,2026-09-15,1261.4,1294.3,2040.0,1289.5,-2.18,-38.17,-2.54,-2.89,"C958,C1154,C1274,C1275,C1278,C1279,C1282,C1284,C1289,C1322,C1323,C1326,C1327,C1330,C1332,C1335,C1338,C1372,C1373,C1376,C1377,C1380,C1382,C1387,C1425,C1426,C1429,C1430,C1433,C1435,C1440,C1485,C1486,C1489,C1490,C1493,C1529,C1530,C1531,C1534,C1535,C1536,C1539,C1540,C1542,C1545,C1546,C1549,C1550,C1553,C1583,C1584,C1585,C1588,C1589,C1590,C1593,C1594,C1596,C1599,C1600,C1603,C1604,C1607,C1671,C1672,C1673,C1676,C1677,C1678,C1681,C1682,C1683,C1685,C1688,C1689,C1692,C1693,C1696,C1764,C1765,C1766,C1769,C1770,C1771,C1774,C1775,C1776,C1778,C1781,C1782,C1785,C1786,C1789,C1858,C1859,C1860,C1863,C1864,C1865,C1868,C1869,C1870,C1872,C1875,C1878,C1879,C1882,C1902,C1903,C1904,C1905,C1906,C1907,C1908,C1909,C1910,C1911,C1912,C1915,C1916,C1919,C1920,C1923,C1924",125
ALKYLAMINE,2026-09-15,1775.7,1867.5,2438.8,1859.1,-4.49,-27.19,-4.92,-10.6,"C390,C443,C616,C665,C670,C793,C839,C890,C895,C1207,C1231,C1250,C1251,C1252,C1254,C1258,C1263,C1268,C1271,C1298,C1299,C1301,C1302,C1305,C1310,C1315,C1318,C1348,C1349,C1351,C1352,C1355,C1360,C1365,C1368,C1397,C1399,C1402,C1403,C1404,C1407,C1412,C1417,C1420,C1422,C1454,C1456,C1460,C1461,C1462,C1466,C1471,C1476,C1480,C1482,C1508,C1510,C1512,C1514,C1517,C1520,C1523,C1525,C1531,C1536,C1561,C1563,C1565,C1567,C1570,C1574,C1577,C1579,C1585,C1590,C1631,C1636,C1641,C1645,C1651,C1656,C1661,C1665,C1668,C1673,C1678,C1683,C1723,C1728,C1733,C1737,C1739,C1744,C1749,C1754,C1758,C1761,C1766,C1771,C1776,C1816,C1821,C1826,C1830,C1833,C1838,C1843,C1848,C1852,C1855,C1860,C1865,C1870,C1886,C1887,C1889,C1891,C1894,C1896,C1898,C1900,C1904,C1907,C1910",124
5PAISA,2026-09-15,313.2,326.55,487.7,322.35,-2.84,-35.78,-4.09,-7.84,"C1274,C1275,C1278,C1279,C1282,C1284,C1289,C1322,C1323,C1326,C1327,C1330,C1332,C1335,C1338,C1372,C1373,C1376,C1377,C1380,C1382,C1387,C1425,C1426,C1429,C1430,C1433,C1435,C1440,C1485,C1486,C1489,C1490,C1493,C1529,C1530,C1531,C1534,C1535,C1536,C1539,C1540,C1542,C1545,C1546,C1549,C1550,C1553,C1583,C1584,C1585,C1588,C1589,C1590,C1593,C1594,C1596,C1599,C1600,C1603,C1604,C1607,C1671,C1672,C1673,C1676,C1677,C1678,C1681,C1682,C1683,C1685,C1688,C1689,C1692,C1693,C1696,C1764,C1765,C1766,C1769,C1770,C1771,C1774,C1775,C1776,C1778,C1781,C1782,C1785,C1786,C1789,C1858,C1859,C1860,C1863,C1864,C1865,C1868,C1869,C1870,C1872,C1875,C1878,C1879,C1882,C1902,C1903,C1904,C1905,C1906,C1907,C1908,C1909,C1910,C1911,C1912,C1915,C1916,C1919,C1920,C1923,C1924",123
ASHOKLEY,2026-09-15,156.65,163.75,254.4,160.0,-2.09,-38.42,-4.34,-7.85,"C1274,C1275,C1278,C1279,C1282,C1284,C1289,C1322,C1323,C1326,C1327,C1330,C1332,C1335,C1338,C1372,C1373,C1376,C1377,C1380,C1382,C1387,C1425,C1426,C1429,C1430,C1433,C1435,C1440,C1485,C1486,C1489,C1490,C1493,C1529,C1530,C1531,C1534,C1535,C1536,C1539,C1540,C1542,C1545,C1546,C1549,C1550,C1553,C1583,C1584,C1585,C1588,C1589,C1590,C1593,C1594,C1596,C1599,C1600,C1603,C1604,C1607,C1671,C1672,C1673,C1676,C1677,C1678,C1681,C1682,C1683,C1685,C1688,C1689,C1692,C1693,C1696,C1764,C1765,C1766,C1769,C1770,C1771,C1774,C1775,C1776,C1778,C1781,C1782,C1785,C1786,C1789,C1858,C1859,C1860,C1863,C1864,C1865,C1868,C1869,C1870,C1872,C1875,C1878,C1879,C1882,C1902,C1903,C1904,C1905,C1906,C1907,C1908,C1909,C1910,C1911,C1912,C1915,C1916,C1919,C1920,C1923,C1924",123
HINDCOPPER,2026-09-15,492.1,514.5,760.05,505.0,-2.55,-35.25,-4.35,-3.34,"C1274,C1275,C1278,C1279,C1282,C1284,C1289,C1322,C1323,C1326,C1327,C1330,C1332,C1335,C1338,C1372,C1373,C1376,C1377,C1380,C1382,C1387,C1425,C1426,C1429,C1430,C1433,C1435,C1440,C1485,C1486,C1489,C1490,C1493,C1529,C1530,C1531,C1534,C1535,C1536,C1539,C1540,C1542,C1545,C1546,C1549,C1550,C1553,C1583,C1584,C1585,C1588,C1589,C1590,C1593,C1594,C1596,C1599,C1600,C1603,C1604,C1607,C1671,C1672,C1673,C1676,C1677,C1678,C1681,C1682,C1683,C1685,C1688,C1689,C1692,C1693,C1696,C1764,C1765,C1766,C1769,C1770,C1771,C1774,C1775,C1776,C1778,C1781,C1782,C1785,C1786,C1789,C1858,C1859,C1860,C1863,C1864,C1865,C1868,C1869,C1870,C1872,C1875,C1878,C1879,C1882,C1902,C1903,C1904,C1905,C1906,C1907,C1908,C1909,C1910,C1911,C1912,C1915,C1916,C1919,C1920,C1923,C1924",123
PRAKASH,2026-09-15,119.49,123.14,190.9,122.0,-2.06,-37.41,-2.96,-4.47,"C1274,C1275,C1278,C1279,C1282,C1284,C1289,C1322,C1323,C1326,C1327,C1330,C1332,C1335,C1338,C1372,C1373,C1376,C1377,C1380,C1382,C1387,C1425,C1426,C1429,C1430,C1433,C1435,C1440,C1485,C1486,C1489,C1490,C1493,C1529,C1530,C1531,C1534,C1535,C1536,C1539,C1540,C1542,C1545,C1546,C1549,C1550,C1553,C1583,C1584,C1585,C1588,C1589,C1590,C1593,C1594,C1596,C1599,C1600,C1603,C1604,C1607,C1671,C1672,C1673,C1676,C1677,C1678,C1681,C1682,C1683,C1685,C1688,C1689,C1692,C1693,C1696,C1764,C1765,C1766,C1769,C1770,C1771,C1774,C1775,C1776,C1778,C1781,C1782,C1785,C1786,C1789,C1858,C1859,C1860,C1863,C1864,C1865,C1868,C1869,C1870,C1872,C1875,C1878,C1879,C1882,C1902,C1903,C1904,C1905,C1906,C1907,C1908,C1909,C1910,C1911,C1912,C1915,C1916,C1919,C1920,C1923,C1924",123
ANUP,2026-09-15,1616.1,1664.3,3633.05,1650.0,-2.05,-55.52,-2.9,-8.73,"C273,C274,C318,C319,C363,C364,C414,C415,C463,C464,C507,C508,C548,C549,C587,C588,C637,C688,C689,C730,C731,C767,C768,C814,C815,C860,C861,C909,C910,C956,C957,C958,C1004,C1005,C1049,C1050,C1103,C1104,C1151,C1159,C1272,C1273,C1274,C1275,C1285,C1286,C1320,C1321,C1322,C1323,C1333,C1334,C1335,C1370,C1371,C1372,C1373,C1383,C1384,C1423,C1424,C1425,C1426,C1436,C1437,C1483,C1484,C1485,C1486,C1495,C1496,C1527,C1528,C1529,C1530,C1531,C1543,C1544,C1545,C1546,C1581,C1582,C1583,C1584,C1585,C1597,C1598,C1599,C1600,C1669,C1670,C1671,C1672,C1673,C1686,C1687,C1688,C1689,C1762,C1763,C1764,C1765,C1766,C1779,C1780,C1781,C1782,C1856,C1857,C1858,C1859,C1860,C1873,C1874,C1875,C1902,C1903,C1904,C1913,C1914,C1915,C1916",122
JWL,2026-09-15,231.17,239.58,524.35,237.4,-2.62,-55.91,-3.51,-5.64,"C273,C274,C318,C319,C363,C364,C414,C415,C463,C464,C507,C508,C548,C549,C587,C588,C637,C688,C689,C730,C731,C767,C768,C814,C815,C860,C861,C909,C910,C956,C957,C958,C1004,C1005,C1049,C1050,C1103,C1104,C1151,C1159,C1272,C1273,C1274,C1275,C1285,C1286,C1320,C1321,C1322,C1323,C1333,C1334,C1335,C1370,C1371,C1372,C1373,C1383,C1384,C1423,C1424,C1425,C1426,C1436,C1437,C1483,C1484,C1485,C1486,C1495,C1496,C1527,C1528,C1529,C1530,C1531,C1543,C1544,C1545,C1546,C1581,C1582,C1583,C1584,C1585,C1597,C1598,C1599,C1600,C1669,C1670,C1671,C1672,C1673,C1686,C1687,C1688,C1689,C1762,C1763,C1764,C1765,C1766,C1779,C1780,C1781,C1782,C1856,C1857,C1858,C1859,C1860,C1873,C1874,C1875,C1902,C1903,C1904,C1913,C1914,C1915,C1916",122
LIBERTSHOE,2026-09-15,218.62,228.68,517.0,225.3,-2.96,-57.71,-4.4,-5.51,"C273,C274,C318,C319,C363,C364,C414,C415,C463,C464,C507,C508,C548,C549,C587,C588,C637,C688,C689,C730,C731,C767,C768,C814,C815,C860,C861,C909,C910,C956,C957,C958,C1004,C1005,C1049,C1050,C1103,C1104,C1151,C1159,C1272,C1273,C1274,C1275,C1285,C1286,C1320,C1321,C1322,C1323,C1333,C1334,C1335,C1370,C1371,C1372,C1373,C1383,C1384,C1423,C1424,C1425,C1426,C1436,C1437,C1483,C1484,C1485,C1486,C1495,C1496,C1527,C1528,C1529,C1530,C1531,C1543,C1544,C1545,C1546,C1581,C1582,C1583,C1584,C1585,C1597,C1598,C1599,C1600,C1669,C1670,C1671,C1672,C1673,C1686,C1687,C1688,C1689,C1762,C1763,C1764,C1765,C1766,C1779,C1780,C1781,C1782,C1856,C1857,C1858,C1859,C1860,C1873,C1874,C1875,C1902,C1903,C1904,C1913,C1914,C1915,C1916",122
HIKAL,2026-09-15,212.22,224.95,456.75,218.82,-3.02,-53.54,-5.66,-12.67,"C14,C36,C56,C76,C94,C211,C235,C1164,C1255,C1256,C1257,C1258,C1259,C1260,C1261,C1262,C1263,C1272,C1273,C1274,C1275,C1276,C1277,C1278,C1279,C1285,C1286,C1287,C1288,C1289,C1303,C1304,C1305,C1306,C1307,C1308,C1309,C1310,C1320,C1321,C1322,C1323,C1324,C1325,C1326,C1327,C1333,C1334,C1335,C1336,C1337,C1338,C1353,C1354,C1355,C1356,C1357,C1358,C1359,C1360,C1370,C1371,C1372,C1373,C1374,C1375,C1376,C1377,C1383,C1384,C1385,C1386,C1387,C1405,C1406,C1407,C1408,C1409,C1410,C1411,C1412,C1423,C1424,C1425,C1426,C1427,C1428,C1429,C1430,C1436,C1437,C1438,C1439,C1440,C1463,C1464,C1465,C1466,C1467,C1468,C1469,C1470,C1471,C1483,C1484,C1485,C1486,C1487,C1488,C1489,C1490,C1495,C1496,C1497,C1498",115
PARAS,2026-09-15,1339.2,1435.6,1945.0,1404.0,-4.62,-31.15,-6.71,-10.08,"C187,C190,C192,C195,C197,C200,C203,C205,C208,C210,C214,C217,C221,C223,C228,C230,C1160,C1161,C1162,C1163,C1184,C1185,C1250,C1251,C1252,C1253,C1254,C1257,C1258,C1262,C1263,C1267,C1268,C1270,C1271,C1275,C1279,C1298,C1299,C1301,C1302,C1304,C1305,C1309,C1310,C1314,C1315,C1317,C1318,C1319,C1323,C1327,C1348,C1349,C1351,C1352,C1354,C1355,C1359,C1360,C1364,C1365,C1367,C1368,C1369,C1373,C1377,C1397,C1399,C1402,C1403,C1404,C1406,C1407,C1411,C1412,C1416,C1417,C1419,C1420,C1421,C1422,C1426,C1430,C1454,C1456,C1459,C1460,C1461,C1462,C1465,C1466,C1470,C1471,C1475,C1476,C1479,C1480,C1481,C1482,C1486,C1490,C1546,C1550,C1600,C1604,C1689,C1693,C1782,C1786,C1879,C1916,C1920,C1924",114
REPRO,2026-09-15,296.4,309.5,627.0,303.25,-2.26,-52.73,-4.23,-8.59,"C1272,C1273,C1274,C1275,C1276,C1277,C1278,C1279,C1285,C1286,C1287,C1288,C1289,C1320,C1321,C1322,C1323,C1324,C1325,C1326,C1327,C1333,C1334,C1335,C1336,C1337,C1338,C1370,C1371,C1372,C1373,C1374,C1375,C1376,C1377,C1383,C1384,C1385,C1386,C1387,C1423,C1424,C1425,C1426,C1427,C1428,C1429,C1430,C1436,C1437,C1438,C1439,C1440,C1483,C1484,C1485,C1486,C1487,C1488,C1489,C1490,C1495,C1496,C1497,C1498,C1543,C1544,C1545,C1546,C1547,C1548,C1549,C1550,C1597,C1598,C1599,C1600,C1601,C1602,C1603,C1604,C1686,C1687,C1688,C1689,C1690,C1691,C1692,C1693,C1779,C1780,C1781,C1782,C1783,C1784,C1785,C1786,C1873,C1874,C1875,C1876,C1877,C1878,C1879,C1913,C1914,C1915,C1916,C1917,C1918,C1919,C1920",112
IRIS,2026-09-15,237.78,245.39,407.65,243.85,-2.49,-41.67,-3.1,-8.67,"C1273,C1274,C1275,C1277,C1278,C1279,C1281,C1282,C1283,C1284,C1286,C1288,C1289,C1291,C1321,C1322,C1323,C1325,C1326,C1327,C1329,C1330,C1331,C1332,C1334,C1335,C1337,C1338,C1340,C1371,C1372,C1373,C1375,C1376,C1377,C1379,C1380,C1381,C1382,C1384,C1386,C1387,C1389,C1424,C1425,C1426,C1428,C1429,C1430,C1432,C1433,C1434,C1435,C1437,C1439,C1440,C1442,C1484,C1485,C1486,C1488,C1489,C1490,C1492,C1493,C1494,C1496,C1498,C1500,C1544,C1545,C1546,C1548,C1549,C1550,C1552,C1553,C1598,C1599,C1600,C1602,C1603,C1604,C1606,C1607,C1687,C1688,C1689,C1691,C1692,C1693,C1695,C1696,C1780,C1781,C1782,C1784,C1785,C1786,C1788,C1789,C1874,C1875,C1877,C1878,C1879,C1881,C1882",108
BLKASHYAP,2026-09-15,51.5,53.91,84.69,52.79,-2.44,-39.19,-4.47,-9.41,"C1274,C1275,C1278,C1279,C1282,C1284,C1289,C1322,C1323,C1326,C1327,C1330,C1332,C1335,C1338,C1372,C1373,C1376,C1377,C1380,C1382,C1387,C1425,C1426,C1429,C1430,C1433,C1435,C1440,C1485,C1486,C1489,C1490,C1493,C1529,C1530,C1531,C1534,C1535,C1536,C1539,C1540,C1542,C1545,C1546,C1549,C1550,C1553,C1583,C1584,C1585,C1588,C1589,C1590,C1593,C1594,C1596,C1599,C1600,C1603,C1604,C1607,C1671,C1672,C1673,C1676,C1677,C1678,C1681,C1682,C1683,C1685,C1688,C1689,C1692,C1693,C1696,C1764,C1765,C1766,C1769,C1770,C1771,C1774,C1775,C1776,C1778,C1781,C1782,C1785,C1786,C1789,C1858,C1859,C1860,C1863,C1864,C1865,C1868,C1869,C1870,C1872,C1875,C1878,C1879,C1882",106
EPACKPEB,2026-09-15,221.26,240.44,344.0,228.15,-3.02,-35.68,-7.98,-3.98,"C198,C211,C212,C213,C224,C235,C236,C1157,C1164,C1165,C1179,C1186,C1256,C1257,C1258,C1261,C1262,C1263,C1266,C1267,C1268,C1270,C1271,C1274,C1275,C1278,C1279,C1282,C1284,C1289,C1304,C1305,C1308,C1309,C1310,C1313,C1314,C1315,C1317,C1318,C1319,C1322,C1323,C1326,C1327,C1330,C1332,C1335,C1338,C1354,C1355,C1358,C1359,C1360,C1363,C1364,C1365,C1367,C1368,C1369,C1372,C1373,C1376,C1377,C1380,C1382,C1387,C1406,C1407,C1410,C1411,C1412,C1415,C1416,C1417,C1419,C1420,C1421,C1422,C1425,C1426,C1429,C1430,C1433,C1435,C1440,C1464,C1465,C1466,C1469,C1470,C1471,C1474,C1475,C1476,C1478,C1479,C1480,C1481,C1482,C1485,C1486,C1489,C1490,C1493",105
PNBGILTS,2026-09-15,76.29,80.34,119.8,79.0,-3.43,-36.32,-5.04,-6.82,"C198,C211,C212,C213,C224,C235,C236,C1157,C1164,C1165,C1179,C1186,C1256,C1257,C1258,C1261,C1262,C1263,C1266,C1267,C1268,C1270,C1271,C1274,C1275,C1278,C1279,C1282,C1284,C1289,C1304,C1305,C1308,C1309,C1310,C1313,C1314,C1315,C1317,C1318,C1319,C1322,C1323,C1326,C1327,C1330,C1332,C1335,C1338,C1354,C1355,C1358,C1359,C1360,C1363,C1364,C1365,C1367,C1368,C1369,C1372,C1373,C1376,C1377,C1380,C1382,C1387,C1406,C1407,C1410,C1411,C1412,C1415,C1416,C1417,C1419,C1420,C1421,C1422,C1425,C1426,C1429,C1430,C1433,C1435,C1440,C1464,C1465,C1466,C1469,C1470,C1471,C1474,C1475,C1476,C1478,C1479,C1480,C1481,C1482,C1485,C1486,C1489,C1490,C1493",105
SRHHYPOLTD,2026-09-15,497.4,523.8,808.05,514.0,-3.23,-38.44,-5.04,-6.43,"C198,C211,C212,C213,C224,C235,C236,C1157,C1164,C1165,C1179,C1186,C1256,C1257,C1258,C1261,C1262,C1263,C1266,C1267,C1268,C1270,C1271,C1274,C1275,C1278,C1279,C1282,C1284,C1289,C1304,C1305,C1308,C1309,C1310,C1313,C1314,C1315,C1317,C1318,C1319,C1322,C1323,C1326,C1327,C1330,C1332,C1335,C1338,C1354,C1355,C1358,C1359,C1360,C1363,C1364,C1365,C1367,C1368,C1369,C1372,C1373,C1376,C1377,C1380,C1382,C1387,C1406,C1407,C1410,C1411,C1412,C1415,C1416,C1417,C1419,C1420,C1421,C1422,C1425,C1426,C1429,C1430,C1433,C1435,C1440,C1464,C1465,C1466,C1469,C1470,C1471,C1474,C1475,C1476,C1478,C1479,C1480,C1481,C1482,C1485,C1486,C1489,C1490,C1493",105
BRIGADE,2026-09-15,612.25,638.65,1332.0,628.2,-2.54,-54.04,-4.13,-9.84,"C1272,C1273,C1274,C1275,C1276,C1277,C1278,C1279,C1285,C1286,C1287,C1288,C1289,C1320,C1321,C1322,C1323,C1324,C1325,C1326,C1327,C1333,C1334,C1335,C1336,C1337,C1338,C1370,C1371,C1372,C1373,C1374,C1375,C1376,C1377,C1383,C1384,C1385,C1386,C1387,C1423,C1424,C1425,C1426,C1427,C1428,C1429,C1430,C1436,C1437,C1438,C1439,C1440,C1483,C1484,C1485,C1486,C1487,C1488,C1489,C1490,C1495,C1496,C1497,C1498,C1543,C1544,C1545,C1546,C1547,C1548,C1549,C1550,C1597,C1598,C1599,C1600,C1601,C1602,C1603,C1604,C1686,C1687,C1688,C1689,C1690,C1691,C1692,C1693,C1779,C1780,C1781,C1782,C1783,C1784,C1785,C1786,C1873,C1874,C1875,C1876,C1877,C1878,C1879",104
SPLIL,2026-09-15,28.84,30.05,68.0,29.75,-3.06,-57.59,-4.03,-7.24,"C14,C36,C56,C76,C94,C211,C235,C1164,C1255,C1256,C1257,C1258,C1272,C1273,C1274,C1275,C1285,C1286,C1303,C1304,C1305,C1320,C1321,C1322,C1323,C1333,C1334,C1335,C1353,C1354,C1355,C1370,C1371,C1372,C1373,C1383,C1384,C1405,C1406,C1407,C1423,C1424,C1425,C1426,C1436,C1437,C1463,C1464,C1465,C1466,C1483,C1484,C1485,C1486,C1495,C1496,C1527,C1528,C1529,C1530,C1531,C1543,C1544,C1545,C1546,C1581,C1582,C1583,C1584,C1585,C1597,C1598,C1599,C1600,C1669,C1670,C1671,C1672,C1673,C1686,C1687,C1688,C1689,C1762,C1763,C1764,C1765,C1766,C1779,C1780,C1781,C1782,C1856,C1857,C1858,C1859,C1860,C1873,C1874,C1875,C1913,C1914,C1915,C1916",104
MIRZAINT,2026-09-15,29.4,30.63,44.64,30.31,-3.0,-34.14,-4.02,-5.19,"C1257,C1258,C1262,C1263,C1267,C1268,C1270,C1271,C1275,C1279,C1304,C1305,C1309,C1310,C1314,C1315,C1317,C1318,C1319,C1323,C1327,C1354,C1355,C1359,C1360,C1364,C1365,C1367,C1368,C1369,C1373,C1377,C1406,C1407,C1411,C1412,C1416,C1417,C1419,C1420,C1421,C1422,C1426,C1430,C1465,C1466,C1470,C1471,C1475,C1476,C1479,C1480,C1481,C1482,C1486,C1490,C1530,C1531,C1535,C1536,C1540,C1546,C1550,C1584,C1585,C1589,C1590,C1594,C1600,C1604,C1672,C1673,C1677,C1678,C1682,C1683,C1689,C1693,C1765,C1766,C1770,C1771,C1775,C1776,C1782,C1786,C1859,C1860,C1864,C1865,C1869,C1870,C1879,C1903,C1904,C1906,C1907,C1909,C1910,C1912,C1916,C1920,C1924",103
GENUSPOWER,2026-09-15,306.5,323.1,430.0,320.1,-4.25,-28.72,-5.14,-8.89,"C1250,C1251,C1252,C1254,C1258,C1263,C1268,C1271,C1298,C1299,C1301,C1302,C1305,C1310,C1315,C1318,C1348,C1349,C1351,C1352,C1355,C1360,C1365,C1368,C1397,C1399,C1402,C1403,C1404,C1407,C1412,C1417,C1420,C1422,C1454,C1456,C1460,C1461,C1462,C1466,C1471,C1476,C1480,C1482,C1508,C1510,C1512,C1514,C1517,C1520,C1523,C1525,C1531,C1536,C1561,C1563,C1565,C1567,C1570,C1574,C1577,C1579,C1585,C1590,C1631,C1636,C1641,C1645,C1651,C1656,C1661,C1665,C1668,C1673,C1678,C1683,C1723,C1728,C1733,C1737,C1739,C1744,C1749,C1754,C1758,C1761,C1766,C1771,C1776,C1816,C1821,C1826,C1830,C1833,C1838,C1843,C1848,C1852,C1855,C1860,C1865,C1870",102
RHETAN,2026-09-15,22.81,24.01,34.87,24.01,-5.0,-34.59,-5.0,-14.51,"C187,C190,C192,C195,C197,C200,C203,C205,C208,C210,C214,C217,C221,C223,C228,C230,C1160,C1161,C1162,C1163,C1184,C1185,C1250,C1251,C1252,C1253,C1254,C1257,C1258,C1262,C1263,C1267,C1268,C1270,C1271,C1275,C1279,C1298,C1299,C1301,C1302,C1304,C1305,C1309,C1310,C1314,C1315,C1317,C1318,C1319,C1323,C1327,C1348,C1349,C1351,C1352,C1354,C1355,C1359,C1360,C1364,C1365,C1367,C1368,C1369,C1373,C1377,C1397,C1399,C1402,C1403,C1404,C1406,C1407,C1411,C1412,C1416,C1417,C1419,C1420,C1421,C1422,C1426,C1430,C1454,C1456,C1459,C1460,C1461,C1462,C1465,C1466,C1470,C1471,C1475,C1476,C1479,C1480,C1481,C1482,C1486,C1490",102
AWHCL,2026-09-15,354.1,366.5,693.0,360.0,-1.64,-48.9,-3.38,-4.43,"C1285,C1286,C1287,C1288,C1289,C1290,C1291,C1333,C1334,C1335,C1336,C1337,C1338,C1339,C1340,C1383,C1384,C1385,C1386,C1387,C1388,C1389,C1436,C1437,C1438,C1439,C1440,C1441,C1442,C1495,C1496,C1497,C1498,C1499,C1500,C1543,C1544,C1545,C1546,C1547,C1548,C1549,C1550,C1551,C1552,C1553,C1597,C1598,C1599,C1600,C1601,C1602,C1603,C1604,C1605,C1606,C1607,C1686,C1687,C1688,C1689,C1690,C1691,C1692,C1693,C1694,C1695,C1696,C1779,C1780,C1781,C1782,C1783,C1784,C1785,C1786,C1787,C1788,C1789,C1873,C1874,C1875,C1876,C1877,C1878,C1879,C1880,C1881,C1882,C1913,C1914,C1915,C1916,C1917,C1918,C1919,C1920,C1921,C1922,C1923,C1924",101
BIRLACORPN,2026-09-15,810.25,825.15,1535.3,821.45,-1.36,-47.23,-1.81,-6.67,"C1285,C1286,C1287,C1288,C1289,C1290,C1291,C1333,C1334,C1335,C1336,C1337,C1338,C1339,C1340,C1383,C1384,C1385,C1386,C1387,C1388,C1389,C1436,C1437,C1438,C1439,C1440,C1441,C1442,C1495,C1496,C1497,C1498,C1499,C1500,C1543,C1544,C1545,C1546,C1547,C1548,C1549,C1550,C1551,C1552,C1553,C1597,C1598,C1599,C1600,C1601,C1602,C1603,C1604,C1605,C1606,C1607,C1686,C1687,C1688,C1689,C1690,C1691,C1692,C1693,C1694,C1695,C1696,C1779,C1780,C1781,C1782,C1783,C1784,C1785,C1786,C1787,C1788,C1789,C1873,C1874,C1875,C1876,C1877,C1878,C1879,C1880,C1881,C1882,C1913,C1914,C1915,C1916,C1917,C1918,C1919,C1920,C1921,C1922,C1923,C1924",101
BLUEJET,2026-09-15,550.65,568.55,1027.8,561.0,-1.84,-46.42,-3.15,-3.23,"C1285,C1286,C1287,C1288,C1289,C1290,C1291,C1333,C1334,C1335,C1336,C1337,C1338,C1339,C1340,C1383,C1384,C1385,C1386,C1387,C1388,C1389,C1436,C1437,C1438,C1439,C1440,C1441,C1442,C1495,C1496,C1497,C1498,C1499,C1500,C1543,C1544,C1545,C1546,C1547,C1548,C1549,C1550,C1551,C1552,C1553,C1597,C1598,C1599,C1600,C1601,C1602,C1603,C1604,C1605,C1606,C1607,C1686,C1687,C1688,C1689,C1690,C1691,C1692,C1693,C1694,C1695,C1696,C1779,C1780,C1781,C1782,C1783,C1784,C1785,C1786,C1787,C1788,C1789,C1873,C1874,C1875,C1876,C1877,C1878,C1879,C1880,C1881,C1882,C1913,C1914,C1915,C1916,C1917,C1918,C1919,C1920,C1921,C1922,C1923,C1924",101
EKC,2026-09-15,98.8,101.8,195.87,100.0,-1.2,-49.56,-2.95,-5.64,"C1285,C1286,C1287,C1288,C1289,C1290,C1291,C1333,C1334,C1335,C1336,C1337,C1338,C1339,C1340,C1383,C1384,C1385,C1386,C1387,C1388,C1389,C1436,C1437,C1438,C1439,C1440,C1441,C1442,C1495,C1496,C1497,C1498,C1499,C1500,C1543,C1544,C1545,C1546,C1547,C1548,C1549,C1550,C1551,C1552,C1553,C1597,C1598,C1599,C1600,C1601,C1602,C1603,C1604,C1605,C1606,C1607,C1686,C1687,C1688,C1689,C1690,C1691,C1692,C1693,C1694,C1695,C1696,C1779,C1780,C1781,C1782,C1783,C1784,C1785,C1786,C1787,C1788,C1789,C1873,C1874,C1875,C1876,C1877,C1878,C1879,C1880,C1881,C1882,C1913,C1914,C1915,C1916,C1917,C1918,C1919,C1920,C1921,C1922,C1923,C1924",101
GOKULAGRO,2026-09-15,218.69,226.76,425.0,221.21,-1.14,-48.54,-3.56,-5.61,"C1285,C1286,C1287,C1288,C1289,C1290,C1291,C1333,C1334,C1335,C1336,C1337,C1338,C1339,C1340,C1383,C1384,C1385,C1386,C1387,C1388,C1389,C1436,C1437,C1438,C1439,C1440,C1441,C1442,C1495,C1496,C1497,C1498,C1499,C1500,C1543,C1544,C1545,C1546,C1547,C1548,C1549,C1550,C1551,C1552,C1553,C1597,C1598,C1599,C1600,C1601,C1602,C1603,C1604,C1605,C1606,C1607,C1686,C1687,C1688,C1689,C1690,C1691,C1692,C1693,C1694,C1695,C1696,C1779,C1780,C1781,C1782,C1783,C1784,C1785,C1786,C1787,C1788,C1789,C1873,C1874,C1875,C1876,C1877,C1878,C1879,C1880,C1881,C1882,C1913,C1914,C1915,C1916,C1917,C1918,C1919,C1920,C1921,C1922,C1923,C1924",101
INA,2026-09-15,86.93,92.98,161.81,88.23,-1.47,-46.28,-6.51,-6.3,"C1285,C1286,C1287,C1288,C1289,C1290,C1291,C1333,C1334,C1335,C1336,C1337,C1338,C1339,C1340,C1383,C1384,C1385,C1386,C1387,C1388,C1389,C1436,C1437,C1438,C1439,C1440,C1441,C1442,C1495,C1496,C1497,C1498,C1499,C1500,C1543,C1544,C1545,C1546,C1547,C1548,C1549,C1550,C1551,C1552,C1553,C1597,C1598,C1599,C1600,C1601,C1602,C1603,C1604,C1605,C1606,C1607,C1686,C1687,C1688,C1689,C1690,C1691,C1692,C1693,C1694,C1695,C1696,C1779,C1780,C1781,C1782,C1783,C1784,C1785,C1786,C1787,C1788,C1789,C1873,C1874,C1875,C1876,C1877,C1878,C1879,C1880,C1881,C1882,C1913,C1914,C1915,C1916,C1917,C1918,C1919,C1920,C1921,C1922,C1923,C1924",101
INTELLECT,2026-09-15,662.85,682.6,1255.0,675.7,-1.9,-47.18,-2.89,-2.83,"C1285,C1286,C1287,C1288,C1289,C1290,C1291,C1333,C1334,C1335,C1336,C1337,C1338,C1339,C1340,C1383,C1384,C1385,C1386,C1387,C1388,C1389,C1436,C1437,C1438,C1439,C1440,C1441,C1442,C1495,C1496,C1497,C1498,C1499,C1500,C1543,C1544,C1545,C1546,C1547,C1548,C1549,C1550,C1551,C1552,C1553,C1597,C1598,C1599,C1600,C1601,C1602,C1603,C1604,C1605,C1606,C1607,C1686,C1687,C1688,C1689,C1690,C1691,C1692,C1693,C1694,C1695,C1696,C1779,C1780,C1781,C1782,C1783,C1784,C1785,C1786,C1787,C1788,C1789,C1873,C1874,C1875,C1876,C1877,C1878,C1879,C1880,C1881,C1882,C1913,C1914,C1915,C1916,C1917,C1918,C1919,C1920,C1921,C1922,C1923,C1924",101
IRFC,2026-09-15,79.15,81.09,156.8,80.1,-1.19,-49.52,-2.39,-4.64,"C1285,C1286,C1287,C1288,C1289,C1290,C1291,C1333,C1334,C1335,C1336,C1337,C1338,C1339,C1340,C1383,C1384,C1385,C1386,C1387,C1388,C1389,C1436,C1437,C1438,C1439,C1440,C1441,C1442,C1495,C1496,C1497,C1498,C1499,C1500,C1543,C1544,C1545,C1546,C1547,C1548,C1549,C1550,C1551,C1552,C1553,C1597,C1598,C1599,C1600,C1601,C1602,C1603,C1604,C1605,C1606,C1607,C1686,C1687,C1688,C1689,C1690,C1691,C1692,C1693,C1694,C1695,C1696,C1779,C1780,C1781,C1782,C1783,C1784,C1785,C1786,C1787,C1788,C1789,C1873,C1874,C1875,C1876,C1877,C1878,C1879,C1880,C1881,C1882,C1913,C1914,C1915,C1916,C1917,C1918,C1919,C1920,C1921,C1922,C1923,C1924",101
MINDTECK,2026-09-15,154.36,158.61,307.68,156.61,-1.44,-49.83,-2.68,-8.52,"C1285,C1286,C1287,C1288,C1289,C1290,C1291,C1333,C1334,C1335,C1336,C1337,C1338,C1339,C1340,C1383,C1384,C1385,C1386,C1387,C1388,C1389,C1436,C1437,C1438,C1439,C1440,C1441,C1442,C1495,C1496,C1497,C1498,C1499,C1500,C1543,C1544,C1545,C1546,C1547,C1548,C1549,C1550,C1551,C1552,C1553,C1597,C1598,C1599,C1600,C1601,C1602,C1603,C1604,C1605,C1606,C1607,C1686,C1687,C1688,C1689,C1690,C1691,C1692,C1693,C1694,C1695,C1696,C1779,C1780,C1781,C1782,C1783,C1784,C1785,C1786,C1787,C1788,C1789,C1873,C1874,C1875,C1876,C1877,C1878,C1879,C1880,C1881,C1882,C1913,C1914,C1915,C1916,C1917,C1918,C1919,C1920,C1921,C1922,C1923,C1924",101
NAVA,2026-09-15,536.95,551.85,1014.9,546.5,-1.75,-47.09,-2.7,-3.47,"C1285,C1286,C1287,C1288,C1289,C1290,C1291,C1333,C1334,C1335,C1336,C1337,C1338,C1339,C1340,C1383,C1384,C1385,C1386,C1387,C1388,C1389,C1436,C1437,C1438,C1439,C1440,C1441,C1442,C1495,C1496,C1497,C1498,C1499,C1500,C1543,C1544,C1545,C1546,C1547,C1548,C1549,C1550,C1551,C1552,C1553,C1597,C1598,C1599,C1600,C1601,C1602,C1603,C1604,C1605,C1606,C1607,C1686,C1687,C1688,C1689,C1690,C1691,C1692,C1693,C1694,C1695,C1696,C1779,C1780,C1781,C1782,C1783,C1784,C1785,C1786,C1787,C1788,C1789,C1873,C1874,C1875,C1876,C1877,C1878,C1879,C1880,C1881,C1882,C1913,C1914,C1915,C1916,C1917,C1918,C1919,C1920,C1921,C1922,C1923,C1924",101
ORISSAMINE,2026-09-15,3877.9,3955.2,7364.0,3948.0,-1.78,-47.34,-1.95,-7.45,"C1285,C1286,C1287,C1288,C1289,C1290,C1291,C1333,C1334,C1335,C1336,C1337,C1338,C1339,C1340,C1383,C1384,C1385,C1386,C1387,C1388,C1389,C1436,C1437,C1438,C1439,C1440,C1441,C1442,C1495,C1496,C1497,C1498,C1499,C1500,C1543,C1544,C1545,C1546,C1547,C1548,C1549,C1550,C1551,C1552,C1553,C1597,C1598,C1599,C1600,C1601,C1602,C1603,C1604,C1605,C1606,C1607,C1686,C1687,C1688,C1689,C1690,C1691,C1692,C1693,C1694,C1695,C1696,C1779,C1780,C1781,C1782,C1783,C1784,C1785,C1786,C1787,C1788,C1789,C1873,C1874,C1875,C1876,C1877,C1878,C1879,C1880,C1881,C1882,C1913,C1914,C1915,C1916,C1917,C1918,C1919,C1920,C1921,C1922,C1923,C1924",101
PURVA,2026-09-15,205.56,212.06,402.45,209.64,-1.95,-48.92,-3.07,-7.83,"C1285,C1286,C1287,C1288,C1289,C1290,C1291,C1333,C1334,C1335,C1336,C1337,C1338,C1339,C1340,C1383,C1384,C1385,C1386,C1387,C1388,C1389,C1436,C1437,C1438,C1439,C1440,C1441,C1442,C1495,C1496,C1497,C1498,C1499,C1500,C1543,C1544,C1545,C1546,C1547,C1548,C1549,C1550,C1551,C1552,C1553,C1597,C1598,C1599,C1600,C1601,C1602,C1603,C1604,C1605,C1606,C1607,C1686,C1687,C1688,C1689,C1690,C1691,C1692,C1693,C1694,C1695,C1696,C1779,C1780,C1781,C1782,C1783,C1784,C1785,C1786,C1787,C1788,C1789,C1873,C1874,C1875,C1876,C1877,C1878,C1879,C1880,C1881,C1882,C1913,C1914,C1915,C1916,C1917,C1918,C1919,C1920,C1921,C1922,C1923,C1924",101
RAILTEL,2026-09-15,252.4,259.9,478.95,256.7,-1.68,-47.3,-2.89,-6.54,"C1285,C1286,C1287,C1288,C1289,C1290,C1291,C1333,C1334,C1335,C1336,C1337,C1338,C1339,C1340,C1383,C1384,C1385,C1386,C1387,C1388,C1389,C1436,C1437,C1438,C1439,C1440,C1441,C1442,C1495,C1496,C1497,C1498,C1499,C1500,C1543,C1544,C1545,C1546,C1547,C1548,C1549,C1550,C1551,C1552,C1553,C1597,C1598,C1599,C1600,C1601,C1602,C1603,C1604,C1605,C1606,C1607,C1686,C1687,C1688,C1689,C1690,C1691,C1692,C1693,C1694,C1695,C1696,C1779,C1780,C1781,C1782,C1783,C1784,C1785,C1786,C1787,C1788,C1789,C1873,C1874,C1875,C1876,C1877,C1878,C1879,C1880,C1881,C1882,C1913,C1914,C1915,C1916,C1917,C1918,C1919,C1920,C1921,C1922,C1923,C1924",101
ROSSARI,2026-09-15,435.4,446.15,841.0,440.85,-1.24,-48.23,-2.41,-5.04,"C1285,C1286,C1287,C1288,C1289,C1290,C1291,C1333,C1334,C1335,C1336,C1337,C1338,C1339,C1340,C1383,C1384,C1385,C1386,C1387,C1388,C1389,C1436,C1437,C1438,C1439,C1440,C1441,C1442,C1495,C1496,C1497,C1498,C1499,C1500,C1543,C1544,C1545,C1546,C1547,C1548,C1549,C1550,C1551,C1552,C1553,C1597,C1598,C1599,C1600,C1601,C1602,C1603,C1604,C1605,C1606,C1607,C1686,C1687,C1688,C1689,C1690,C1691,C1692,C1693,C1694,C1695,C1696,C1779,C1780,C1781,C1782,C1783,C1784,C1785,C1786,C1787,C1788,C1789,C1873,C1874,C1875,C1876,C1877,C1878,C1879,C1880,C1881,C1882,C1913,C1914,C1915,C1916,C1917,C1918,C1919,C1920,C1921,C1922,C1923,C1924",101
RUPA,2026-09-15,133.49,137.48,259.75,135.8,-1.7,-48.61,-2.9,-6.6,"C1285,C1286,C1287,C1288,C1289,C1290,C1291,C1333,C1334,C1335,C1336,C1337,C1338,C1339,C1340,C1383,C1384,C1385,C1386,C1387,C1388,C1389,C1436,C1437,C1438,C1439,C1440,C1441,C1442,C1495,C1496,C1497,C1498,C1499,C1500,C1543,C1544,C1545,C1546,C1547,C1548,C1549,C1550,C1551,C1552,C1553,C1597,C1598,C1599,C1600,C1601,C1602,C1603,C1604,C1605,C1606,C1607,C1686,C1687,C1688,C1689,C1690,C1691,C1692,C1693,C1694,C1695,C1696,C1779,C1780,C1781,C1782,C1783,C1784,C1785,C1786,C1787,C1788,C1789,C1873,C1874,C1875,C1876,C1877,C1878,C1879,C1880,C1881,C1882,C1913,C1914,C1915,C1916,C1917,C1918,C1919,C1920,C1921,C1922,C1923,C1924",101
SIYSIL,2026-09-15,520.95,535.15,1028.95,527.1,-1.17,-49.37,-2.65,-7.56,"C1285,C1286,C1287,C1288,C1289,C1290,C1291,C1333,C1334,C1335,C1336,C1337,C1338,C1339,C1340,C1383,C1384,C1385,C1386,C1387,C1388,C1389,C1436,C1437,C1438,C1439,C1440,C1441,C1442,C1495,C1496,C1497,C1498,C1499,C1500,C1543,C1544,C1545,C1546,C1547,C1548,C1549,C1550,C1551,C1552,C1553,C1597,C1598,C1599,C1600,C1601,C1602,C1603,C1604,C1605,C1606,C1607,C1686,C1687,C1688,C1689,C1690,C1691,C1692,C1693,C1694,C1695,C1696,C1779,C1780,C1781,C1782,C1783,C1784,C1785,C1786,C1787,C1788,C1789,C1873,C1874,C1875,C1876,C1877,C1878,C1879,C1880,C1881,C1882,C1913,C1914,C1915,C1916,C1917,C1918,C1919,C1920,C1921,C1922,C1923,C1924",101
UNIENTER,2026-09-15,89.22,91.32,171.62,91.01,-1.97,-48.01,-2.3,-3.91,"C1285,C1286,C1287,C1288,C1289,C1290,C1291,C1333,C1334,C1335,C1336,C1337,C1338,C1339,C1340,C1383,C1384,C1385,C1386,C1387,C1388,C1389,C1436,C1437,C1438,C1439,C1440,C1441,C1442,C1495,C1496,C1497,C1498,C1499,C1500,C1543,C1544,C1545,C1546,C1547,C1548,C1549,C1550,C1551,C1552,C1553,C1597,C1598,C1599,C1600,C1601,C1602,C1603,C1604,C1605,C1606,C1607,C1686,C1687,C1688,C1689,C1690,C1691,C1692,C1693,C1694,C1695,C1696,C1779,C1780,C1781,C1782,C1783,C1784,C1785,C1786,C1787,C1788,C1789,C1873,C1874,C1875,C1876,C1877,C1878,C1879,C1880,C1881,C1882,C1913,C1914,C1915,C1916,C1917,C1918,C1919,C1920,C1921,C1922,C1923,C1924",101
TEJASNET,2026-09-15,521.25,552.65,1220.0,539.4,-3.36,-57.27,-5.68,-12.19,"C14,C36,C56,C76,C94,C211,C235,C1164,C1255,C1256,C1257,C1258,C1272,C1273,C1274,C1275,C1285,C1286,C1303,C1304,C1305,C1320,C1321,C1322,C1323,C1333,C1334,C1335,C1353,C1354,C1355,C1370,C1371,C1372,C1373,C1383,C1384,C1405,C1406,C1407,C1423,C1424,C1425,C1426,C1436,C1437,C1463,C1464,C1465,C1466,C1483,C1484,C1485,C1486,C1495,C1496,C1527,C1528,C1529,C1530,C1531,C1543,C1544,C1545,C1546,C1581,C1582,C1583,C1584,C1585,C1597,C1598,C1599,C1600,C1669,C1670,C1671,C1672,C1673,C1686,C1687,C1688,C1689,C1762,C1763,C1764,C1765,C1766,C1779,C1780,C1781,C1782,C1856,C1857,C1858,C1859,C1860,C1873,C1874,C1875",100
LAXMIINDIA,2026-09-15,121.59,129.07,180.9,125.5,-3.12,-32.79,-5.8,-7.11,"C1257,C1258,C1262,C1263,C1267,C1268,C1270,C1271,C1275,C1279,C1304,C1305,C1309,C1310,C1314,C1315,C1317,C1318,C1319,C1323,C1327,C1354,C1355,C1359,C1360,C1364,C1365,C1367,C1368,C1369,C1373,C1377,C1406,C1407,C1411,C1412,C1416,C1417,C1419,C1420,C1421,C1422,C1426,C1430,C1465,C1466,C1470,C1471,C1475,C1476,C1479,C1480,C1481,C1482,C1486,C1490,C1530,C1531,C1535,C1536,C1540,C1546,C1550,C1584,C1585,C1589,C1590,C1594,C1600,C1604,C1672,C1673,C1677,C1678,C1682,C1683,C1689,C1693,C1765,C1766,C1770,C1771,C1775,C1776,C1782,C1786,C1859,C1860,C1864,C1865,C1869,C1870,C1879",93
ARKADE,2026-09-15,116.42,122.03,213.69,120.0,-2.98,-45.52,-4.6,-6.73,"C1272,C1273,C1274,C1275,C1276,C1277,C1278,C1279,C1280,C1281,C1282,C1285,C1286,C1287,C1288,C1289,C1290,C1291,C1320,C1321,C1322,C1323,C1324,C1325,C1326,C1327,C1328,C1329,C1330,C1333,C1334,C1335,C1336,C1337,C1338,C1339,C1340,C1370,C1371,C1372,C1373,C1374,C1375,C1376,C1377,C1378,C1379,C1380,C1383,C1384,C1385,C1386,C1387,C1388,C1389,C1423,C1424,C1425,C1426,C1427,C1428,C1429,C1430,C1431,C1432,C1433,C1436,C1437,C1438,C1439,C1440,C1441,C1442,C1483,C1484,C1485,C1486,C1487,C1488,C1489,C1490,C1491,C1492,C1493,C1495,C1496,C1497,C1498,C1499,C1500",90
SHREYANIND,2026-09-15,126.17,132.8,247.22,129.3,-2.42,-48.96,-4.99,-5.98,"C1272,C1273,C1274,C1275,C1276,C1277,C1278,C1279,C1280,C1281,C1282,C1285,C1286,C1287,C1288,C1289,C1290,C1291,C1320,C1321,C1322,C1323,C1324,C1325,C1326,C1327,C1328,C1329,C1330,C1333,C1334,C1335,C1336,C1337,C1338,C1339,C1340,C1370,C1371,C1372,C1373,C1374,C1375,C1376,C1377,C1378,C1379,C1380,C1383,C1384,C1385,C1386,C1387,C1388,C1389,C1423,C1424,C1425,C1426,C1427,C1428,C1429,C1430,C1431,C1432,C1433,C1436,C1437,C1438,C1439,C1440,C1441,C1442,C1483,C1484,C1485,C1486,C1487,C1488,C1489,C1490,C1491,C1492,C1493,C1495,C1496,C1497,C1498,C1499,C1500",90
TEXRAIL,2026-09-15,110.71,117.81,205.5,113.65,-2.59,-46.13,-6.03,-7.32,"C1272,C1273,C1274,C1275,C1276,C1277,C1278,C1279,C1280,C1281,C1282,C1285,C1286,C1287,C1288,C1289,C1290,C1291,C1320,C1321,C1322,C1323,C1324,C1325,C1326,C1327,C1328,C1329,C1330,C1333,C1334,C1335,C1336,C1337,C1338,C1339,C1340,C1370,C1371,C1372,C1373,C1374,C1375,C1376,C1377,C1378,C1379,C1380,C1383,C1384,C1385,C1386,C1387,C1388,C1389,C1423,C1424,C1425,C1426,C1427,C1428,C1429,C1430,C1431,C1432,C1433,C1436,C1437,C1438,C1439,C1440,C1441,C1442,C1483,C1484,C1485,C1486,C1487,C1488,C1489,C1490,C1491,C1492,C1493,C1495,C1496,C1497,C1498,C1499,C1500",90
THOMASCOOK,2026-09-15,103.37,108.63,200.0,106.12,-2.59,-48.32,-4.84,-8.13,"C1272,C1273,C1274,C1275,C1276,C1277,C1278,C1279,C1280,C1281,C1282,C1285,C1286,C1287,C1288,C1289,C1290,C1291,C1320,C1321,C1322,C1323,C1324,C1325,C1326,C1327,C1328,C1329,C1330,C1333,C1334,C1335,C1336,C1337,C1338,C1339,C1340,C1370,C1371,C1372,C1373,C1374,C1375,C1376,C1377,C1378,C1379,C1380,C1383,C1384,C1385,C1386,C1387,C1388,C1389,C1423,C1424,C1425,C1426,C1427,C1428,C1429,C1430,C1431,C1432,C1433,C1436,C1437,C1438,C1439,C1440,C1441,C1442,C1483,C1484,C1485,C1486,C1487,C1488,C1489,C1490,C1491,C1492,C1493,C1495,C1496,C1497,C1498,C1499,C1500",90
YATRA,2026-09-15,107.96,115.42,202.0,111.25,-2.96,-46.55,-6.46,-6.1,"C1272,C1273,C1274,C1275,C1276,C1277,C1278,C1279,C1280,C1281,C1282,C1285,C1286,C1287,C1288,C1289,C1290,C1291,C1320,C1321,C1322,C1323,C1324,C1325,C1326,C1327,C1328,C1329,C1330,C1333,C1334,C1335,C1336,C1337,C1338,C1339,C1340,C1370,C1371,C1372,C1373,C1374,C1375,C1376,C1377,C1378,C1379,C1380,C1383,C1384,C1385,C1386,C1387,C1388,C1389,C1423,C1424,C1425,C1426,C1427,C1428,C1429,C1430,C1431,C1432,C1433,C1436,C1437,C1438,C1439,C1440,C1441,C1442,C1483,C1484,C1485,C1486,C1487,C1488,C1489,C1490,C1491,C1492,C1493,C1495,C1496,C1497,C1498,C1499,C1500",90
ELECTCAST,2026-09-15,75.23,77.62,148.4,76.5,-1.66,-49.31,-3.08,-6.56,"C1285,C1286,C1287,C1288,C1289,C1290,C1291,C1333,C1334,C1335,C1336,C1337,C1338,C1339,C1340,C1383,C1384,C1385,C1386,C1387,C1388,C1389,C1436,C1437,C1438,C1439,C1440,C1441,C1442,C1495,C1496,C1497,C1498,C1499,C1500,C1543,C1544,C1545,C1546,C1547,C1548,C1549,C1550,C1551,C1552,C1553,C1597,C1598,C1599,C1600,C1601,C1602,C1603,C1604,C1605,C1606,C1607,C1686,C1687,C1688,C1689,C1690,C1691,C1692,C1693,C1694,C1695,C1696,C1779,C1780,C1781,C1782,C1783,C1784,C1785,C1786,C1787,C1788,C1789,C1873,C1874,C1875,C1876,C1877,C1878,C1879,C1880,C1881,C1882",89
GKENERGY,2026-09-15,123.57,127.85,239.6,125.3,-1.38,-48.43,-3.35,-4.55,"C1285,C1286,C1287,C1288,C1289,C1290,C1291,C1333,C1334,C1335,C1336,C1337,C1338,C1339,C1340,C1383,C1384,C1385,C1386,C1387,C1388,C1389,C1436,C1437,C1438,C1439,C1440,C1441,C1442,C1495,C1496,C1497,C1498,C1499,C1500,C1543,C1544,C1545,C1546,C1547,C1548,C1549,C1550,C1551,C1552,C1553,C1597,C1598,C1599,C1600,C1601,C1602,C1603,C1604,C1605,C1606,C1607,C1686,C1687,C1688,C1689,C1690,C1691,C1692,C1693,C1694,C1695,C1696,C1779,C1780,C1781,C1782,C1783,C1784,C1785,C1786,C1787,C1788,C1789,C1873,C1874,C1875,C1876,C1877,C1878,C1879,C1880,C1881,C1882",89
NDL,2026-09-15,2.75,2.86,5.18,2.79,-1.43,-46.91,-3.85,-7.72,"C1285,C1286,C1287,C1288,C1289,C1290,C1291,C1333,C1334,C1335,C1336,C1337,C1338,C1339,C1340,C1383,C1384,C1385,C1386,C1387,C1388,C1389,C1436,C1437,C1438,C1439,C1440,C1441,C1442,C1495,C1496,C1497,C1498,C1499,C1500,C1543,C1544,C1545,C1546,C1547,C1548,C1549,C1550,C1551,C1552,C1553,C1597,C1598,C1599,C1600,C1601,C1602,C1603,C1604,C1605,C1606,C1607,C1686,C1687,C1688,C1689,C1690,C1691,C1692,C1693,C1694,C1695,C1696,C1779,C1780,C1781,C1782,C1783,C1784,C1785,C1786,C1787,C1788,C1789,C1873,C1874,C1875,C1876,C1877,C1878,C1879,C1880,C1881,C1882",89
PRAKASHSTL,2026-09-15,3.56,3.75,8.64,3.68,-3.26,-58.8,-5.07,-5.07,"C14,C36,C56,C76,C94,C211,C235,C1164,C1255,C1256,C1257,C1258,C1272,C1273,C1274,C1275,C1285,C1286,C1303,C1304,C1305,C1320,C1321,C1322,C1323,C1333,C1334,C1335,C1353,C1354,C1355,C1370,C1371,C1372,C1373,C1383,C1384,C1405,C1406,C1407,C1423,C1424,C1425,C1426,C1436,C1437,C1463,C1464,C1465,C1466,C1483,C1484,C1485,C1486,C1495,C1496,C1543,C1544,C1545,C1546,C1597,C1598,C1599,C1600,C1686,C1687,C1688,C1689,C1779,C1780,C1781,C1782,C1873,C1874,C1875,C1913,C1914,C1915,C1916",79
JSWHL,2026-09-15,10967.0,11449.0,26984.95,11213.0,-2.19,-59.36,-4.21,-3.56,"C1272,C1273,C1274,C1275,C1285,C1286,C1320,C1321,C1322,C1323,C1333,C1334,C1335,C1370,C1371,C1372,C1373,C1383,C1384,C1423,C1424,C1425,C1426,C1436,C1437,C1483,C1484,C1485,C1486,C1495,C1496,C1527,C1528,C1529,C1530,C1531,C1543,C1544,C1545,C1546,C1581,C1582,C1583,C1584,C1585,C1597,C1598,C1599,C1600,C1669,C1670,C1671,C1672,C1673,C1686,C1687,C1688,C1689,C1762,C1763,C1764,C1765,C1766,C1779,C1780,C1781,C1782,C1856,C1857,C1858,C1859,C1860,C1873,C1874,C1875",75
AVANTIFEED,2026-09-15,771.95,798.6,1593.8,782.25,-1.32,-51.57,-3.34,-1.86,"C1285,C1286,C1287,C1288,C1289,C1333,C1334,C1335,C1336,C1337,C1338,C1383,C1384,C1385,C1386,C1387,C1436,C1437,C1438,C1439,C1440,C1495,C1496,C1497,C1498,C1543,C1544,C1545,C1546,C1547,C1548,C1549,C1550,C1597,C1598,C1599,C1600,C1601,C1602,C1603,C1604,C1686,C1687,C1688,C1689,C1690,C1691,C1692,C1693,C1779,C1780,C1781,C1782,C1783,C1784,C1785,C1786,C1873,C1874,C1875,C1876,C1877,C1878,C1879,C1913,C1914,C1915,C1916,C1917,C1918,C1919,C1920",72
ISFT,2026-09-15,76.59,79.48,157.78,78.15,-2.0,-51.46,-3.64,-7.83,"C1285,C1286,C1287,C1288,C1289,C1333,C1334,C1335,C1336,C1337,C1338,C1383,C1384,C1385,C1386,C1387,C1436,C1437,C1438,C1439,C1440,C1495,C1496,C1497,C1498,C1543,C1544,C1545,C1546,C1547,C1548,C1549,C1550,C1597,C1598,C1599,C1600,C1601,C1602,C1603,C1604,C1686,C1687,C1688,C1689,C1690,C1691,C1692,C1693,C1779,C1780,C1781,C1782,C1783,C1784,C1785,C1786,C1873,C1874,C1875,C1876,C1877,C1878,C1879,C1913,C1914,C1915,C1916,C1917,C1918,C1919,C1920",72
NCC,2026-09-15,137.33,140.94,280.95,138.8,-1.06,-51.12,-2.56,-8.85,"C1285,C1286,C1287,C1288,C1289,C1333,C1334,C1335,C1336,C1337,C1338,C1383,C1384,C1385,C1386,C1387,C1436,C1437,C1438,C1439,C1440,C1495,C1496,C1497,C1498,C1543,C1544,C1545,C1546,C1547,C1548,C1549,C1550,C1597,C1598,C1599,C1600,C1601,C1602,C1603,C1604,C1686,C1687,C1688,C1689,C1690,C1691,C1692,C1693,C1779,C1780,C1781,C1782,C1783,C1784,C1785,C1786,C1873,C1874,C1875,C1876,C1877,C1878,C1879,C1913,C1914,C1915,C1916,C1917,C1918,C1919,C1920",72
PGEL,2026-09-15,518.0,545.0,1054.2,527.5,-1.8,-50.86,-4.95,-7.43,"C1285,C1286,C1287,C1288,C1289,C1333,C1334,C1335,C1336,C1337,C1338,C1383,C1384,C1385,C1386,C1387,C1436,C1437,C1438,C1439,C1440,C1495,C1496,C1497,C1498,C1543,C1544,C1545,C1546,C1547,C1548,C1549,C1550,C1597,C1598,C1599,C1600,C1601,C1602,C1603,C1604,C1686,C1687,C1688,C1689,C1690,C1691,C1692,C1693,C1779,C1780,C1781,C1782,C1783,C1784,C1785,C1786,C1873,C1874,C1875,C1876,C1877,C1878,C1879,C1913,C1914,C1915,C1916,C1917,C1918,C1919,C1920",72
PIDILITIND,2026-09-15,1521.1,1566.9,3149.9,1540.4,-1.25,-51.71,-2.92,-3.42,"C1285,C1286,C1287,C1288,C1289,C1333,C1334,C1335,C1336,C1337,C1338,C1383,C1384,C1385,C1386,C1387,C1436,C1437,C1438,C1439,C1440,C1495,C1496,C1497,C1498,C1543,C1544,C1545,C1546,C1547,C1548,C1549,C1550,C1597,C1598,C1599,C1600,C1601,C1602,C1603,C1604,C1686,C1687,C1688,C1689,C1690,C1691,C1692,C1693,C1779,C1780,C1781,C1782,C1783,C1784,C1785,C1786,C1873,C1874,C1875,C1876,C1877,C1878,C1879,C1913,C1914,C1915,C1916,C1917,C1918,C1919,C1920",72
SNOWMAN,2026-09-15,35.03,35.91,72.16,35.51,-1.35,-51.46,-2.45,-4.47,"C1285,C1286,C1287,C1288,C1289,C1333,C1334,C1335,C1336,C1337,C1338,C1383,C1384,C1385,C1386,C1387,C1436,C1437,C1438,C1439,C1440,C1495,C1496,C1497,C1498,C1543,C1544,C1545,C1546,C1547,C1548,C1549,C1550,C1597,C1598,C1599,C1600,C1601,C1602,C1603,C1604,C1686,C1687,C1688,C1689,C1690,C1691,C1692,C1693,C1779,C1780,C1781,C1782,C1783,C1784,C1785,C1786,C1873,C1874,C1875,C1876,C1877,C1878,C1879,C1913,C1914,C1915,C1916,C1917,C1918,C1919,C1920",72
TVTODAY,2026-09-15,105.68,109.3,226.99,107.62,-1.8,-53.44,-3.31,-4.52,"C1285,C1286,C1287,C1288,C1289,C1333,C1334,C1335,C1336,C1337,C1338,C1383,C1384,C1385,C1386,C1387,C1436,C1437,C1438,C1439,C1440,C1495,C1496,C1497,C1498,C1543,C1544,C1545,C1546,C1547,C1548,C1549,C1550,C1597,C1598,C1599,C1600,C1601,C1602,C1603,C1604,C1686,C1687,C1688,C1689,C1690,C1691,C1692,C1693,C1779,C1780,C1781,C1782,C1783,C1784,C1785,C1786,C1873,C1874,C1875,C1876,C1877,C1878,C1879,C1913,C1914,C1915,C1916,C1917,C1918,C1919,C1920",72
VIKRAN,2026-09-15,55.54,57.08,118.4,56.3,-1.35,-53.09,-2.7,-8.35,"C1285,C1286,C1287,C1288,C1289,C1333,C1334,C1335,C1336,C1337,C1338,C1383,C1384,C1385,C1386,C1387,C1436,C1437,C1438,C1439,C1440,C1495,C1496,C1497,C1498,C1543,C1544,C1545,C1546,C1547,C1548,C1549,C1550,C1597,C1598,C1599,C1600,C1601,C1602,C1603,C1604,C1686,C1687,C1688,C1689,C1690,C1691,C1692,C1693,C1779,C1780,C1781,C1782,C1783,C1784,C1785,C1786,C1873,C1874,C1875,C1876,C1877,C1878,C1879,C1913,C1914,C1915,C1916,C1917,C1918,C1919,C1920",72
ASHAPURMIN,2026-09-15,518.4,542.9,924.9,528.3,-1.87,-43.95,-4.51,-3.67,"C1286,C1288,C1289,C1291,C1334,C1335,C1337,C1338,C1340,C1384,C1386,C1387,C1389,C1437,C1439,C1440,C1442,C1496,C1498,C1500,C1544,C1545,C1546,C1548,C1549,C1550,C1552,C1553,C1598,C1599,C1600,C1602,C1603,C1604,C1606,C1607,C1687,C1688,C1689,C1691,C1692,C1693,C1695,C1696,C1780,C1781,C1782,C1784,C1785,C1786,C1788,C1789,C1874,C1875,C1877,C1878,C1879,C1881,C1882,C1914,C1915,C1916,C1918,C1919,C1920,C1922,C1923,C1924,C1925",69
DBCORP,2026-09-15,184.73,190.79,312.5,188.1,-1.79,-40.89,-3.18,-5.38,"C1286,C1288,C1289,C1291,C1334,C1335,C1337,C1338,C1340,C1384,C1386,C1387,C1389,C1437,C1439,C1440,C1442,C1496,C1498,C1500,C1544,C1545,C1546,C1548,C1549,C1550,C1552,C1553,C1598,C1599,C1600,C1602,C1603,C1604,C1606,C1607,C1687,C1688,C1689,C1691,C1692,C1693,C1695,C1696,C1780,C1781,C1782,C1784,C1785,C1786,C1788,C1789,C1874,C1875,C1877,C1878,C1879,C1881,C1882,C1914,C1915,C1916,C1918,C1919,C1920,C1922,C1923,C1924,C1925",69
GALLANTT,2026-09-15,534.65,546.4,948.0,541.3,-1.23,-43.6,-2.15,-6.6,"C1286,C1288,C1289,C1291,C1334,C1335,C1337,C1338,C1340,C1384,C1386,C1387,C1389,C1437,C1439,C1440,C1442,C1496,C1498,C1500,C1544,C1545,C1546,C1548,C1549,C1550,C1552,C1553,C1598,C1599,C1600,C1602,C1603,C1604,C1606,C1607,C1687,C1688,C1689,C1691,C1692,C1693,C1695,C1696,C1780,C1781,C1782,C1784,C1785,C1786,C1788,C1789,C1874,C1875,C1877,C1878,C1879,C1881,C1882,C1914,C1915,C1916,C1918,C1919,C1920,C1922,C1923,C1924,C1925",69
INDTERRAIN,2026-09-15,28.01,28.85,50.54,28.51,-1.75,-44.58,-2.91,-8.88,"C1286,C1288,C1289,C1291,C1334,C1335,C1337,C1338,C1340,C1384,C1386,C1387,C1389,C1437,C1439,C1440,C1442,C1496,C1498,C1500,C1544,C1545,C1546,C1548,C1549,C1550,C1552,C1553,C1598,C1599,C1600,C1602,C1603,C1604,C1606,C1607,C1687,C1688,C1689,C1691,C1692,C1693,C1695,C1696,C1780,C1781,C1782,C1784,C1785,C1786,C1788,C1789,C1874,C1875,C1877,C1878,C1879,C1881,C1882,C1914,C1915,C1916,C1918,C1919,C1920,C1922,C1923,C1924,C1925",69
JKTYRE,2026-09-15,345.25,353.95,611.9,350.25,-1.43,-43.58,-2.46,-6.3,"C1286,C1288,C1289,C1291,C1334,C1335,C1337,C1338,C1340,C1384,C1386,C1387,C1389,C1437,C1439,C1440,C1442,C1496,C1498,C1500,C1544,C1545,C1546,C1548,C1549,C1550,C1552,C1553,C1598,C1599,C1600,C1602,C1603,C1604,C1606,C1607,C1687,C1688,C1689,C1691,C1692,C1693,C1695,C1696,C1780,C1781,C1782,C1784,C1785,C1786,C1788,C1789,C1874,C1875,C1877,C1878,C1879,C1881,C1882,C1914,C1915,C1916,C1918,C1919,C1920,C1922,C1923,C1924,C1925",69
JPPOWER,2026-09-15,15.64,16.02,27.7,15.95,-1.94,-43.54,-2.37,-6.85,"C1286,C1288,C1289,C1291,C1334,C1335,C1337,C1338,C1340,C1384,C1386,C1387,C1389,C1437,C1439,C1440,C1442,C1496,C1498,C1500,C1544,C1545,C1546,C1548,C1549,C1550,C1552,C1553,C1598,C1599,C1600,C1602,C1603,C1604,C1606,C1607,C1687,C1688,C1689,C1691,C1692,C1693,C1695,C1696,C1780,C1781,C1782,C1784,C1785,C1786,C1788,C1789,C1874,C1875,C1877,C1878,C1879,C1881,C1882,C1914,C1915,C1916,C1918,C1919,C1920,C1922,C1923,C1924,C1925",69
KOTIC,2026-09-15,126.62,133.82,223.7,128.85,-1.73,-43.4,-5.38,-3.97,"C1286,C1288,C1289,C1291,C1334,C1335,C1337,C1338,C1340,C1384,C1386,C1387,C1389,C1437,C1439,C1440,C1442,C1496,C1498,C1500,C1544,C1545,C1546,C1548,C1549,C1550,C1552,C1553,C1598,C1599,C1600,C1602,C1603,C1604,C1606,C1607,C1687,C1688,C1689,C1691,C1692,C1693,C1695,C1696,C1780,C1781,C1782,C1784,C1785,C1786,C1788,C1789,C1874,C1875,C1877,C1878,C1879,C1881,C1882,C1914,C1915,C1916,C1918,C1919,C1920,C1922,C1923,C1924,C1925",69
LEMONTREE,2026-09-15,102.58,104.78,180.68,104.06,-1.42,-43.23,-2.1,-4.38,"C1286,C1288,C1289,C1291,C1334,C1335,C1337,C1338,C1340,C1384,C1386,C1387,C1389,C1437,C1439,C1440,C1442,C1496,C1498,C1500,C1544,C1545,C1546,C1548,C1549,C1550,C1552,C1553,C1598,C1599,C1600,C1602,C1603,C1604,C1606,C1607,C1687,C1688,C1689,C1691,C1692,C1693,C1695,C1696,C1780,C1781,C1782,C1784,C1785,C1786,C1788,C1789,C1874,C1875,C1877,C1878,C1879,C1881,C1882,C1914,C1915,C1916,C1918,C1919,C1920,C1922,C1923,C1924,C1925",69
MAANALU,2026-09-15,106.14,110.4,184.74,108.0,-1.72,-42.55,-3.86,-7.92,"C1286,C1288,C1289,C1291,C1334,C1335,C1337,C1338,C1340,C1384,C1386,C1387,C1389,C1437,C1439,C1440,C1442,C1496,C1498,C1500,C1544,C1545,C1546,C1548,C1549,C1550,C1552,C1553,C1598,C1599,C1600,C1602,C1603,C1604,C1606,C1607,C1687,C1688,C1689,C1691,C1692,C1693,C1695,C1696,C1780,C1781,C1782,C1784,C1785,C1786,C1788,C1789,C1874,C1875,C1877,C1878,C1879,C1881,C1882,C1914,C1915,C1916,C1918,C1919,C1920,C1922,C1923,C1924,C1925",69
MADRASFERT,2026-09-15,60.52,61.83,107.06,61.5,-1.59,-43.47,-2.12,-6.26,"C1286,C1288,C1289,C1291,C1334,C1335,C1337,C1338,C1340,C1384,C1386,C1387,C1389,C1437,C1439,C1440,C1442,C1496,C1498,C1500,C1544,C1545,C1546,C1548,C1549,C1550,C1552,C1553,C1598,C1599,C1600,C1602,C1603,C1604,C1606,C1607,C1687,C1688,C1689,C1691,C1692,C1693,C1695,C1696,C1780,C1781,C1782,C1784,C1785,C1786,C1788,C1789,C1874,C1875,C1877,C1878,C1879,C1881,C1882,C1914,C1915,C1916,C1918,C1919,C1920,C1922,C1923,C1924,C1925",69
MOL,2026-09-15,58.86,62.52,106.3,60.61,-2.89,-44.63,-5.85,-10.45,"C1273,C1274,C1275,C1277,C1278,C1279,C1281,C1282,C1283,C1284,C1286,C1288,C1289,C1291,C1321,C1322,C1323,C1325,C1326,C1327,C1329,C1330,C1331,C1332,C1334,C1335,C1337,C1338,C1340,C1371,C1372,C1373,C1375,C1376,C1377,C1379,C1380,C1381,C1382,C1384,C1386,C1387,C1389,C1424,C1425,C1426,C1428,C1429,C1430,C1432,C1433,C1434,C1435,C1437,C1439,C1440,C1442,C1484,C1485,C1486,C1488,C1489,C1490,C1492,C1493,C1494,C1496,C1498,C1500",69
NDRAUTO,2026-09-15,672.85,692.85,1220.0,684.9,-1.76,-44.85,-2.89,-6.74,"C1286,C1288,C1289,C1291,C1334,C1335,C1337,C1338,C1340,C1384,C1386,C1387,C1389,C1437,C1439,C1440,C1442,C1496,C1498,C1500,C1544,C1545,C1546,C1548,C1549,C1550,C1552,C1553,C1598,C1599,C1600,C1602,C1603,C1604,C1606,C1607,C1687,C1688,C1689,C1691,C1692,C1693,C1695,C1696,C1780,C1781,C1782,C1784,C1785,C1786,C1788,C1789,C1874,C1875,C1877,C1878,C1879,C1881,C1882,C1914,C1915,C1916,C1918,C1919,C1920,C1922,C1923,C1924,C1925",69
PRINCEPIPE,2026-09-15,259.05,266.65,434.7,264.15,-1.93,-40.41,-2.85,-8.77,"C1286,C1288,C1289,C1291,C1334,C1335,C1337,C1338,C1340,C1384,C1386,C1387,C1389,C1437,C1439,C1440,C1442,C1496,C1498,C1500,C1544,C1545,C1546,C1548,C1549,C1550,C1552,C1553,C1598,C1599,C1600,C1602,C1603,C1604,C1606,C1607,C1687,C1688,C1689,C1691,C1692,C1693,C1695,C1696,C1780,C1781,C1782,C1784,C1785,C1786,C1788,C1789,C1874,C1875,C1877,C1878,C1879,C1881,C1882,C1914,C1915,C1916,C1918,C1919,C1920,C1922,C1923,C1924,C1925",69
RCF,2026-09-15,108.59,111.45,184.4,110.12,-1.39,-41.11,-2.57,-4.68,"C1286,C1288,C1289,C1291,C1334,C1335,C1337,C1338,C1340,C1384,C1386,C1387,C1389,C1437,C1439,C1440,C1442,C1496,C1498,C1500,C1544,C1545,C1546,C1548,C1549,C1550,C1552,C1553,C1598,C1599,C1600,C1602,C1603,C1604,C1606,C1607,C1687,C1688,C1689,C1691,C1692,C1693,C1695,C1696,C1780,C1781,C1782,C1784,C1785,C1786,C1788,C1789,C1874,C1875,C1877,C1878,C1879,C1881,C1882,C1914,C1915,C1916,C1918,C1919,C1920,C1922,C1923,C1924,C1925",69
RENUKA,2026-09-15,23.49,24.87,40.72,23.97,-2.0,-42.31,-5.55,-6.6,"C1273,C1274,C1275,C1277,C1278,C1279,C1281,C1282,C1283,C1284,C1286,C1288,C1289,C1291,C1321,C1322,C1323,C1325,C1326,C1327,C1329,C1330,C1331,C1332,C1334,C1335,C1337,C1338,C1340,C1371,C1372,C1373,C1375,C1376,C1377,C1379,C1380,C1381,C1382,C1384,C1386,C1387,C1389,C1424,C1425,C1426,C1428,C1429,C1430,C1432,C1433,C1434,C1435,C1437,C1439,C1440,C1442,C1484,C1485,C1486,C1488,C1489,C1490,C1492,C1493,C1494,C1496,C1498,C1500",69
RIIL,2026-09-15,697.25,710.75,1259.7,704.55,-1.04,-44.65,-1.9,-4.8,"C1286,C1288,C1289,C1291,C1334,C1335,C1337,C1338,C1340,C1384,C1386,C1387,C1389,C1437,C1439,C1440,C1442,C1496,C1498,C1500,C1544,C1545,C1546,C1548,C1549,C1550,C1552,C1553,C1598,C1599,C1600,C1602,C1603,C1604,C1606,C1607,C1687,C1688,C1689,C1691,C1692,C1693,C1695,C1696,C1780,C1781,C1782,C1784,C1785,C1786,C1788,C1789,C1874,C1875,C1877,C1878,C1879,C1881,C1882,C1914,C1915,C1916,C1918,C1919,C1920,C1922,C1923,C1924,C1925",69
SAKSOFT,2026-09-15,142.25,146.49,253.99,145.0,-1.9,-43.99,-2.89,-6.27,"C1286,C1288,C1289,C1291,C1334,C1335,C1337,C1338,C1340,C1384,C1386,C1387,C1389,C1437,C1439,C1440,C1442,C1496,C1498,C1500,C1544,C1545,C1546,C1548,C1549,C1550,C1552,C1553,C1598,C1599,C1600,C1602,C1603,C1604,C1606,C1607,C1687,C1688,C1689,C1691,C1692,C1693,C1695,C1696,C1780,C1781,C1782,C1784,C1785,C1786,C1788,C1789,C1874,C1875,C1877,C1878,C1879,C1881,C1882,C1914,C1915,C1916,C1918,C1919,C1920,C1922,C1923,C1924,C1925",69
SUBROS,2026-09-15,682.55,703.75,1213.7,692.6,-1.45,-43.76,-3.01,-3.15,"C1286,C1288,C1289,C1291,C1334,C1335,C1337,C1338,C1340,C1384,C1386,C1387,C1389,C1437,C1439,C1440,C1442,C1496,C1498,C1500,C1544,C1545,C1546,C1548,C1549,C1550,C1552,C1553,C1598,C1599,C1600,C1602,C1603,C1604,C1606,C1607,C1687,C1688,C1689,C1691,C1692,C1693,C1695,C1696,C1780,C1781,C1782,C1784,C1785,C1786,C1788,C1789,C1874,C1875,C1877,C1878,C1879,C1881,C1882,C1914,C1915,C1916,C1918,C1919,C1920,C1922,C1923,C1924,C1925",69
SURYAROSNI,2026-09-15,209.8,214.27,359.0,212.02,-1.05,-41.56,-2.09,-2.78,"C1286,C1288,C1289,C1291,C1334,C1335,C1337,C1338,C1340,C1384,C1386,C1387,C1389,C1437,C1439,C1440,C1442,C1496,C1498,C1500,C1544,C1545,C1546,C1548,C1549,C1550,C1552,C1553,C1598,C1599,C1600,C1602,C1603,C1604,C1606,C1607,C1687,C1688,C1689,C1691,C1692,C1693,C1695,C1696,C1780,C1781,C1782,C1784,C1785,C1786,C1788,C1789,C1874,C1875,C1877,C1878,C1879,C1881,C1882,C1914,C1915,C1916,C1918,C1919,C1920,C1922,C1923,C1924,C1925",69
VIPIND,2026-09-15,291.05,300.1,497.7,296.15,-1.72,-41.52,-3.02,-9.19,"C1286,C1288,C1289,C1291,C1334,C1335,C1337,C1338,C1340,C1384,C1386,C1387,C1389,C1437,C1439,C1440,C1442,C1496,C1498,C1500,C1544,C1545,C1546,C1548,C1549,C1550,C1552,C1553,C1598,C1599,C1600,C1602,C1603,C1604,C1606,C1607,C1687,C1688,C1689,C1691,C1692,C1693,C1695,C1696,C1780,C1781,C1782,C1784,C1785,C1786,C1788,C1789,C1874,C1875,C1877,C1878,C1879,C1881,C1882,C1914,C1915,C1916,C1918,C1919,C1920,C1922,C1923,C1924,C1925",69
WAAREERTL,2026-09-15,806.55,831.95,1358.0,821.5,-1.82,-40.61,-3.05,-5.4,"C1286,C1288,C1289,C1291,C1334,C1335,C1337,C1338,C1340,C1384,C1386,C1387,C1389,C1437,C1439,C1440,C1442,C1496,C1498,C1500,C1544,C1545,C1546,C1548,C1549,C1550,C1552,C1553,C1598,C1599,C1600,C1602,C1603,C1604,C1606,C1607,C1687,C1688,C1689,C1691,C1692,C1693,C1695,C1696,C1780,C1781,C1782,C1784,C1785,C1786,C1788,C1789,C1874,C1875,C1877,C1878,C1879,C1881,C1882,C1914,C1915,C1916,C1918,C1919,C1920,C1922,C1923,C1924,C1925",69
BMWVENTLTD,2026-09-15,51.61,54.05,73.2,53.45,-3.44,-29.49,-4.51,-6.52,"C1258,C1263,C1268,C1271,C1305,C1310,C1315,C1318,C1355,C1360,C1365,C1368,C1407,C1412,C1417,C1420,C1422,C1466,C1471,C1476,C1480,C1482,C1517,C1520,C1523,C1525,C1531,C1536,C1570,C1574,C1577,C1579,C1585,C1590,C1651,C1656,C1661,C1665,C1668,C1673,C1678,C1683,C1744,C1749,C1754,C1758,C1761,C1766,C1771,C1776,C1838,C1843,C1848,C1852,C1855,C1860,C1865,C1870,C1894,C1896,C1898,C1900,C1904,C1907,C1910",65
DCW,2026-09-15,44.72,46.63,92.89,45.67,-2.08,-51.86,-4.1,-6.81,"C1272,C1273,C1274,C1275,C1276,C1277,C1278,C1279,C1285,C1286,C1287,C1288,C1289,C1320,C1321,C1322,C1323,C1324,C1325,C1326,C1327,C1333,C1334,C1335,C1336,C1337,C1338,C1370,C1371,C1372,C1373,C1374,C1375,C1376,C1377,C1383,C1384,C1385,C1386,C1387,C1423,C1424,C1425,C1426,C1427,C1428,C1429,C1430,C1436,C1437,C1438,C1439,C1440,C1483,C1484,C1485,C1486,C1487,C1488,C1489,C1490,C1495,C1496,C1497,C1498",65
JUBLINGREA,2026-09-15,630.5,658.4,885.0,651.4,-3.21,-28.76,-4.24,-6.64,"C1258,C1263,C1268,C1271,C1305,C1310,C1315,C1318,C1355,C1360,C1365,C1368,C1407,C1412,C1417,C1420,C1422,C1466,C1471,C1476,C1480,C1482,C1517,C1520,C1523,C1525,C1531,C1536,C1570,C1574,C1577,C1579,C1585,C1590,C1651,C1656,C1661,C1665,C1668,C1673,C1678,C1683,C1744,C1749,C1754,C1758,C1761,C1766,C1771,C1776,C1838,C1843,C1848,C1852,C1855,C1860,C1865,C1870,C1894,C1896,C1898,C1900,C1904,C1907,C1910",65
KICL,2026-09-15,4846.5,5040.5,6554.9,5001.0,-3.09,-26.06,-3.85,-6.73,"C1258,C1263,C1268,C1271,C1305,C1310,C1315,C1318,C1355,C1360,C1365,C1368,C1407,C1412,C1417,C1420,C1422,C1466,C1471,C1476,C1480,C1482,C1517,C1520,C1523,C1525,C1531,C1536,C1570,C1574,C1577,C1579,C1585,C1590,C1651,C1656,C1661,C1665,C1668,C1673,C1678,C1683,C1744,C1749,C1754,C1758,C1761,C1766,C1771,C1776,C1838,C1843,C1848,C1852,C1855,C1860,C1865,C1870,C1894,C1896,C1898,C1900,C1904,C1907,C1910",65
SCI,2026-09-15,269.05,280.6,368.75,277.5,-3.05,-27.04,-4.12,-8.41,"C1258,C1263,C1268,C1271,C1305,C1310,C1315,C1318,C1355,C1360,C1365,C1368,C1407,C1412,C1417,C1420,C1422,C1466,C1471,C1476,C1480,C1482,C1517,C1520,C1523,C1525,C1531,C1536,C1570,C1574,C1577,C1579,C1585,C1590,C1651,C1656,C1661,C1665,C1668,C1673,C1678,C1683,C1744,C1749,C1754,C1758,C1761,C1766,C1771,C1776,C1838,C1843,C1848,C1852,C1855,C1860,C1865,C1870,C1894,C1896,C1898,C1900,C1904,C1907,C1910",65
ATLASCYCLE,2026-09-15,91.02,95.71,149.1,93.55,-2.7,-38.95,-4.9,-3.67,"C1274,C1275,C1278,C1279,C1282,C1284,C1289,C1322,C1323,C1326,C1327,C1330,C1332,C1335,C1338,C1372,C1373,C1376,C1377,C1380,C1382,C1387,C1425,C1426,C1429,C1430,C1433,C1435,C1440,C1485,C1486,C1489,C1490,C1493,C1545,C1546,C1549,C1550,C1553,C1599,C1600,C1603,C1604,C1607,C1688,C1689,C1692,C1693,C1696,C1781,C1782,C1785,C1786,C1789,C1875,C1878,C1879,C1882,C1915,C1916,C1919,C1920,C1923,C1924",64
RAMAPHO,2026-09-15,118.86,122.67,247.0,120.71,-1.53,-51.88,-3.11,-4.3,"C1285,C1286,C1287,C1288,C1289,C1333,C1334,C1335,C1336,C1337,C1338,C1383,C1384,C1385,C1386,C1387,C1436,C1437,C1438,C1439,C1440,C1495,C1496,C1497,C1498,C1543,C1544,C1545,C1546,C1547,C1548,C1549,C1550,C1597,C1598,C1599,C1600,C1601,C1602,C1603,C1604,C1686,C1687,C1688,C1689,C1690,C1691,C1692,C1693,C1779,C1780,C1781,C1782,C1783,C1784,C1785,C1786,C1873,C1874,C1875,C1876,C1877,C1878,C1879",64
BVCL,2026-09-15,40.8,42.05,69.99,41.62,-1.97,-41.71,-2.97,-3.55,"C1286,C1288,C1289,C1291,C1334,C1335,C1337,C1338,C1340,C1384,C1386,C1387,C1389,C1437,C1439,C1440,C1442,C1496,C1498,C1500,C1544,C1545,C1546,C1548,C1549,C1550,C1552,C1553,C1598,C1599,C1600,C1602,C1603,C1604,C1606,C1607,C1687,C1688,C1689,C1691,C1692,C1693,C1695,C1696,C1780,C1781,C1782,C1784,C1785,C1786,C1788,C1789,C1874,C1875,C1877,C1878,C1879,C1881,C1882",59
COFFEEDAY,2026-09-15,30.37,31.67,51.46,30.7,-1.07,-40.98,-4.1,-2.44,"C1286,C1288,C1289,C1291,C1334,C1335,C1337,C1338,C1340,C1384,C1386,C1387,C1389,C1437,C1439,C1440,C1442,C1496,C1498,C1500,C1544,C1545,C1546,C1548,C1549,C1550,C1552,C1553,C1598,C1599,C1600,C1602,C1603,C1604,C1606,C1607,C1687,C1688,C1689,C1691,C1692,C1693,C1695,C1696,C1780,C1781,C1782,C1784,C1785,C1786,C1788,C1789,C1874,C1875,C1877,C1878,C1879,C1881,C1882",59
SHARDACROP,2026-09-15,753.4,765.55,1297.0,763.0,-1.26,-41.91,-1.59,-1.83,"C1286,C1288,C1289,C1291,C1334,C1335,C1337,C1338,C1340,C1384,C1386,C1387,C1389,C1437,C1439,C1440,C1442,C1496,C1498,C1500,C1544,C1545,C1546,C1548,C1549,C1550,C1552,C1553,C1598,C1599,C1600,C1602,C1603,C1604,C1606,C1607,C1687,C1688,C1689,C1691,C1692,C1693,C1695,C1696,C1780,C1781,C1782,C1784,C1785,C1786,C1788,C1789,C1874,C1875,C1877,C1878,C1879,C1881,C1882",59
SINCLAIR,2026-09-15,78.41,80.28,139.4,79.62,-1.52,-43.75,-2.33,-7.15,"C1286,C1288,C1289,C1291,C1334,C1335,C1337,C1338,C1340,C1384,C1386,C1387,C1389,C1437,C1439,C1440,C1442,C1496,C1498,C1500,C1544,C1545,C1546,C1548,C1549,C1550,C1552,C1553,C1598,C1599,C1600,C1602,C1603,C1604,C1606,C1607,C1687,C1688,C1689,C1691,C1692,C1693,C1695,C1696,C1780,C1781,C1782,C1784,C1785,C1786,C1788,C1789,C1874,C1875,C1877,C1878,C1879,C1881,C1882",59
JTLIND,2026-09-15,82.47,88.68,112.1,85.7,-3.77,-26.43,-7.0,-7.87,"C1258,C1263,C1268,C1271,C1305,C1310,C1315,C1318,C1355,C1360,C1365,C1368,C1407,C1412,C1417,C1420,C1422,C1466,C1471,C1476,C1480,C1482,C1517,C1520,C1523,C1525,C1531,C1536,C1570,C1574,C1577,C1579,C1585,C1590,C1651,C1656,C1661,C1665,C1668,C1673,C1678,C1683,C1744,C1749,C1754,C1758,C1761,C1766,C1771,C1776,C1838,C1843,C1848,C1852,C1855,C1860,C1865,C1870",58
PARADEEP,2026-09-15,149.34,155.96,234.39,153.03,-2.41,-36.29,-4.24,-5.47,"C1274,C1275,C1278,C1279,C1282,C1284,C1289,C1322,C1323,C1326,C1327,C1330,C1332,C1335,C1338,C1372,C1373,C1376,C1377,C1380,C1382,C1387,C1425,C1426,C1429,C1430,C1433,C1435,C1440,C1485,C1486,C1489,C1490,C1493,C1545,C1546,C1549,C1550,C1553,C1599,C1600,C1603,C1604,C1607,C1688,C1689,C1692,C1693,C1696,C1781,C1782,C1785,C1786,C1789,C1875,C1878,C1879,C1882",58
ABMKNO,2026-09-15,174.71,181.45,254.9,180.0,-2.94,-31.46,-3.71,-7.87,"C1275,C1279,C1323,C1327,C1373,C1377,C1426,C1430,C1486,C1490,C1530,C1531,C1535,C1536,C1540,C1546,C1550,C1584,C1585,C1589,C1590,C1594,C1600,C1604,C1672,C1673,C1677,C1678,C1682,C1683,C1689,C1693,C1765,C1766,C1770,C1771,C1775,C1776,C1782,C1786,C1859,C1860,C1864,C1865,C1869,C1870,C1879,C1903,C1904,C1906,C1907,C1909,C1910,C1912,C1916,C1920,C1924",57
ATGL,2026-09-15,580.15,594.8,859.85,592.5,-2.08,-32.53,-2.46,-3.9,"C1275,C1279,C1323,C1327,C1373,C1377,C1426,C1430,C1486,C1490,C1530,C1531,C1535,C1536,C1540,C1546,C1550,C1584,C1585,C1589,C1590,C1594,C1600,C1604,C1672,C1673,C1677,C1678,C1682,C1683,C1689,C1693,C1765,C1766,C1770,C1771,C1775,C1776,C1782,C1786,C1859,C1860,C1864,C1865,C1869,C1870,C1879,C1903,C1904,C1906,C1907,C1909,C1910,C1912,C1916,C1920,C1924",57
AUTOIND,2026-09-15,79.11,82.83,117.0,80.99,-2.32,-32.38,-4.49,-6.63,"C1275,C1279,C1323,C1327,C1373,C1377,C1426,C1430,C1486,C1490,C1530,C1531,C1535,C1536,C1540,C1546,C1550,C1584,C1585,C1589,C1590,C1594,C1600,C1604,C1672,C1673,C1677,C1678,C1682,C1683,C1689,C1693,C1765,C1766,C1770,C1771,C1775,C1776,C1782,C1786,C1859,C1860,C1864,C1865,C1869,C1870,C1879,C1903,C1904,C1906,C1907,C1909,C1910,C1912,C1916,C1920,C1924",57
FACT,2026-09-15,754.55,779.6,1112.0,775.2,-2.66,-32.14,-3.21,-4.88,"C1275,C1279,C1323,C1327,C1373,C1377,C1426,C1430,C1486,C1490,C1530,C1531,C1535,C1536,C1540,C1546,C1550,C1584,C1585,C1589,C1590,C1594,C1600,C1604,C1672,C1673,C1677,C1678,C1682,C1683,C1689,C1693,C1765,C1766,C1770,C1771,C1775,C1776,C1782,C1786,C1859,C1860,C1864,C1865,C1869,C1870,C1879,C1903,C1904,C1906,C1907,C1909,C1910,C1912,C1916,C1920,C1924",57
IRMENERGY,2026-09-15,266.5,280.25,393.0,274.3,-2.84,-32.19,-4.91,-6.33,"C1275,C1279,C1323,C1327,C1373,C1377,C1426,C1430,C1486,C1490,C1530,C1531,C1535,C1536,C1540,C1546,C1550,C1584,C1585,C1589,C1590,C1594,C1600,C1604,C1672,C1673,C1677,C1678,C1682,C1683,C1689,C1693,C1765,C1766,C1770,C1771,C1775,C1776,C1782,C1786,C1859,C1860,C1864,C1865,C1869,C1870,C1879,C1903,C1904,C1906,C1907,C1909,C1910,C1912,C1916,C1920,C1924",57
KANSAINER,2026-09-15,183.03,188.6,271.18,187.03,-2.14,-32.51,-2.95,-5.79,"C1275,C1279,C1323,C1327,C1373,C1377,C1426,C1430,C1486,C1490,C1530,C1531,C1535,C1536,C1540,C1546,C1550,C1584,C1585,C1589,C1590,C1594,C1600,C1604,C1672,C1673,C1677,C1678,C1682,C1683,C1689,C1693,C1765,C1766,C1770,C1771,C1775,C1776,C1782,C1786,C1859,C1860,C1864,C1865,C1869,C1870,C1879,C1903,C1904,C1906,C1907,C1909,C1910,C1912,C1916,C1920,C1924",57
KIRLOSBROS,2026-09-15,1728.0,1784.0,2475.0,1771.0,-2.43,-30.18,-3.14,-5.7,"C1275,C1279,C1323,C1327,C1373,C1377,C1426,C1430,C1486,C1490,C1530,C1531,C1535,C1536,C1540,C1546,C1550,C1584,C1585,C1589,C1590,C1594,C1600,C1604,C1672,C1673,C1677,C1678,C1682,C1683,C1689,C1693,C1765,C1766,C1770,C1771,C1775,C1776,C1782,C1786,C1859,C1860,C1864,C1865,C1869,C1870,C1879,C1903,C1904,C1906,C1907,C1909,C1910,C1912,C1916,C1920,C1924",57
SHREECEM,2026-09-15,21905.0,22570.0,32490.0,22370.0,-2.08,-32.58,-2.95,-6.25,"C1275,C1279,C1323,C1327,C1373,C1377,C1426,C1430,C1486,C1490,C1530,C1531,C1535,C1536,C1540,C1546,C1550,C1584,C1585,C1589,C1590,C1594,C1600,C1604,C1672,C1673,C1677,C1678,C1682,C1683,C1689,C1693,C1765,C1766,C1770,C1771,C1775,C1776,C1782,C1786,C1859,C1860,C1864,C1865,C1869,C1870,C1879,C1903,C1904,C1906,C1907,C1909,C1910,C1912,C1916,C1920,C1924",57
TIINDIA,2026-09-15,2525.0,2606.1,3693.6,2580.1,-2.14,-31.64,-3.11,-5.89,"C1275,C1279,C1323,C1327,C1373,C1377,C1426,C1430,C1486,C1490,C1530,C1531,C1535,C1536,C1540,C1546,C1550,C1584,C1585,C1589,C1590,C1594,C1600,C1604,C1672,C1673,C1677,C1678,C1682,C1683,C1689,C1693,C1765,C1766,C1770,C1771,C1775,C1776,C1782,C1786,C1859,C1860,C1864,C1865,C1869,C1870,C1879,C1903,C1904,C1906,C1907,C1909,C1910,C1912,C1916,C1920,C1924",57
VEEDOL,2026-09-15,1382.5,1428.5,2035.0,1422.0,-2.78,-32.06,-3.22,-5.07,"C1275,C1279,C1323,C1327,C1373,C1377,C1426,C1430,C1486,C1490,C1530,C1531,C1535,C1536,C1540,C1546,C1550,C1584,C1585,C1589,C1590,C1594,C1600,C1604,C1672,C1673,C1677,C1678,C1682,C1683,C1689,C1693,C1765,C1766,C1770,C1771,C1775,C1776,C1782,C1786,C1859,C1860,C1864,C1865,C1869,C1870,C1879,C1903,C1904,C1906,C1907,C1909,C1910,C1912,C1916,C1920,C1924",57
VLSFINANCE,2026-09-15,235.33,244.0,357.2,241.0,-2.35,-34.12,-3.55,-3.72,"C1275,C1279,C1323,C1327,C1373,C1377,C1426,C1430,C1486,C1490,C1530,C1531,C1535,C1536,C1540,C1546,C1550,C1584,C1585,C1589,C1590,C1594,C1600,C1604,C1672,C1673,C1677,C1678,C1682,C1683,C1689,C1693,C1765,C1766,C1770,C1771,C1775,C1776,C1782,C1786,C1859,C1860,C1864,C1865,C1869,C1870,C1879,C1903,C1904,C1906,C1907,C1909,C1910,C1912,C1916,C1920,C1924",57
NUVOCO,2026-09-15,313.75,330.15,477.5,325.25,-3.54,-34.29,-4.97,-9.08,"C1257,C1258,C1262,C1263,C1267,C1268,C1270,C1271,C1275,C1279,C1304,C1305,C1309,C1310,C1314,C1315,C1317,C1318,C1319,C1323,C1327,C1354,C1355,C1359,C1360,C1364,C1365,C1367,C1368,C1369,C1373,C1377,C1406,C1407,C1411,C1412,C1416,C1417,C1419,C1420,C1421,C1422,C1426,C1430,C1465,C1466,C1470,C1471,C1475,C1476,C1479,C1480,C1481,C1482,C1486,C1490",56
GENCON,2026-09-15,39.67,41.01,59.96,40.6,-2.29,-33.84,-3.27,-5.5,"C1275,C1279,C1323,C1327,C1373,C1377,C1426,C1430,C1486,C1490,C1530,C1531,C1535,C1536,C1540,C1546,C1550,C1584,C1585,C1589,C1590,C1594,C1600,C1604,C1672,C1673,C1677,C1678,C1682,C1683,C1689,C1693,C1765,C1766,C1770,C1771,C1775,C1776,C1782,C1786,C1859,C1860,C1864,C1865,C1869,C1870,C1879",47
IMAGICAA,2026-09-15,50.43,52.33,76.3,51.8,-2.64,-33.91,-3.63,-8.08,"C1275,C1279,C1323,C1327,C1373,C1377,C1426,C1430,C1486,C1490,C1530,C1531,C1535,C1536,C1540,C1546,C1550,C1584,C1585,C1589,C1590,C1594,C1600,C1604,C1672,C1673,C1677,C1678,C1682,C1683,C1689,C1693,C1765,C1766,C1770,C1771,C1775,C1776,C1782,C1786,C1859,C1860,C1864,C1865,C1869,C1870,C1879",47
SOUTHWEST,2026-09-15,201.59,213.35,275.0,211.19,-4.55,-26.69,-5.51,-9.3,"C1250,C1251,C1252,C1254,C1258,C1263,C1268,C1271,C1298,C1299,C1301,C1302,C1305,C1310,C1315,C1318,C1348,C1349,C1351,C1352,C1355,C1360,C1365,C1368,C1397,C1399,C1402,C1403,C1404,C1407,C1412,C1417,C1420,C1422,C1454,C1456,C1460,C1461,C1462,C1466,C1471,C1476,C1480,C1482",44
ACI,2026-09-15,455.25,470.45,727.6,461.6,-1.38,-37.43,-3.23,-10.62,"C1289,C1335,C1338,C1387,C1440,C1545,C1546,C1549,C1550,C1553,C1599,C1600,C1603,C1604,C1607,C1688,C1689,C1692,C1693,C1696,C1781,C1782,C1785,C1786,C1789,C1875,C1878,C1879,C1882,C1915,C1916,C1919,C1920,C1923,C1924",35
AMBUJACEM,2026-09-15,381.75,391.85,624.95,387.65,-1.52,-38.92,-2.58,-4.23,"C1289,C1335,C1338,C1387,C1440,C1545,C1546,C1549,C1550,C1553,C1599,C1600,C1603,C1604,C1607,C1688,C1689,C1692,C1693,C1696,C1781,C1782,C1785,C1786,C1789,C1875,C1878,C1879,C1882,C1915,C1916,C1919,C1920,C1923,C1924",35
ARSSBL,2026-09-15,479.65,490.25,794.85,488.0,-1.71,-39.66,-2.16,-7.1,"C1289,C1335,C1338,C1387,C1440,C1545,C1546,C1549,C1550,C1553,C1599,C1600,C1603,C1604,C1607,C1688,C1689,C1692,C1693,C1696,C1781,C1782,C1785,C1786,C1789,C1875,C1878,C1879,C1882,C1915,C1916,C1919,C1920,C1923,C1924",35
BASF,2026-09-15,3539.4,3661.5,5640.0,3585.6,-1.29,-37.24,-3.33,-6.56,"C1289,C1335,C1338,C1387,C1440,C1545,C1546,C1549,C1550,C1553,C1599,C1600,C1603,C1604,C1607,C1688,C1689,C1692,C1693,C1696,C1781,C1782,C1785,C1786,C1789,C1875,C1878,C1879,C1882,C1915,C1916,C1919,C1920,C1923,C1924",35
CUBEXTUB,2026-09-15,75.08,77.1,143.69,76.01,-1.22,-47.75,-2.62,-1.53,"C1285,C1286,C1287,C1288,C1289,C1290,C1291,C1333,C1334,C1335,C1336,C1337,C1338,C1339,C1340,C1383,C1384,C1385,C1386,C1387,C1388,C1389,C1436,C1437,C1438,C1439,C1440,C1441,C1442,C1495,C1496,C1497,C1498,C1499,C1500",35
DEEPAKNTR,2026-09-15,1561.3,1587.8,2527.35,1583.2,-1.38,-38.22,-1.67,-4.92,"C1289,C1335,C1338,C1387,C1440,C1545,C1546,C1549,C1550,C1553,C1599,C1600,C1603,C1604,C1607,C1688,C1689,C1692,C1693,C1696,C1781,C1782,C1785,C1786,C1789,C1875,C1878,C1879,C1882,C1915,C1916,C1919,C1920,C1923,C1924",35
EIHAHOTELS,2026-09-15,281.3,287.45,455.7,284.6,-1.16,-38.27,-2.14,-5.11,"C1289,C1335,C1338,C1387,C1440,C1545,C1546,C1549,C1550,C1553,C1599,C1600,C1603,C1604,C1607,C1688,C1689,C1692,C1693,C1696,C1781,C1782,C1785,C1786,C1789,C1875,C1878,C1879,C1882,C1915,C1916,C1919,C1920,C1923,C1924",35
ELGIRUBCO,2026-09-15,55.83,58.48,90.5,56.82,-1.74,-38.31,-4.53,-3.21,"C1289,C1335,C1338,C1387,C1440,C1545,C1546,C1549,C1550,C1553,C1599,C1600,C1603,C1604,C1607,C1688,C1689,C1692,C1693,C1696,C1781,C1782,C1785,C1786,C1789,C1875,C1878,C1879,C1882,C1915,C1916,C1919,C1920,C1923,C1924",35
FAZE3Q,2026-09-15,467.85,489.45,747.95,474.05,-1.31,-37.45,-4.41,-6.6,"C1289,C1335,C1338,C1387,C1440,C1545,C1546,C1549,C1550,C1553,C1599,C1600,C1603,C1604,C1607,C1688,C1689,C1692,C1693,C1696,C1781,C1782,C1785,C1786,C1789,C1875,C1878,C1879,C1882,C1915,C1916,C1919,C1920,C1923,C1924",35
GODAVARIB,2026-09-15,226.63,233.65,353.0,230.82,-1.82,-35.8,-3.0,-7.48,"C1289,C1335,C1338,C1387,C1440,C1545,C1546,C1549,C1550,C1553,C1599,C1600,C1603,C1604,C1607,C1688,C1689,C1692,C1693,C1696,C1781,C1782,C1785,C1786,C1789,C1875,C1878,C1879,C1882,C1915,C1916,C1919,C1920,C1923,C1924",35
GOKEX,2026-09-15,743.3,785.5,1158.35,757.45,-1.87,-35.83,-5.37,-4.33,"C1289,C1335,C1338,C1387,C1440,C1545,C1546,C1549,C1550,C1553,C1599,C1600,C1603,C1604,C1607,C1688,C1689,C1692,C1693,C1696,C1781,C1782,C1785,C1786,C1789,C1875,C1878,C1879,C1882,C1915,C1916,C1919,C1920,C1923,C1924",35
GOPAL,2026-09-15,249.3,257.35,398.0,253.45,-1.64,-37.36,-3.13,-6.38,"C1289,C1335,C1338,C1387,C1440,C1545,C1546,C1549,C1550,C1553,C1599,C1600,C1603,C1604,C1607,C1688,C1689,C1692,C1693,C1696,C1781,C1782,C1785,C1786,C1789,C1875,C1878,C1879,C1882,C1915,C1916,C1919,C1920,C1923,C1924",35
GREAVESCOT,2026-09-15,187.13,192.25,305.85,190.05,-1.54,-38.82,-2.66,-3.76,"C1289,C1335,C1338,C1387,C1440,C1545,C1546,C1549,C1550,C1553,C1599,C1600,C1603,C1604,C1607,C1688,C1689,C1692,C1693,C1696,C1781,C1782,C1785,C1786,C1789,C1875,C1878,C1879,C1882,C1915,C1916,C1919,C1920,C1923,C1924",35
GTLINFRA,2026-09-15,1.13,1.16,2.17,1.15,-1.74,-47.93,-2.59,-5.83,"C1285,C1286,C1287,C1288,C1289,C1290,C1291,C1333,C1334,C1335,C1336,C1337,C1338,C1339,C1340,C1383,C1384,C1385,C1386,C1387,C1388,C1389,C1436,C1437,C1438,C1439,C1440,C1441,C1442,C1495,C1496,C1497,C1498,C1499,C1500",35
HEIDELBERG,2026-09-15,145.97,149.8,242.78,147.8,-1.24,-39.88,-2.56,-9.09,"C1289,C1335,C1338,C1387,C1440,C1545,C1546,C1549,C1550,C1553,C1599,C1600,C1603,C1604,C1607,C1688,C1689,C1692,C1693,C1696,C1781,C1782,C1785,C1786,C1789,C1875,C1878,C1879,C1882,C1915,C1916,C1919,C1920,C1923,C1924",35
HEMIPROP,2026-09-15,117.18,120.62,190.69,119.21,-1.7,-38.55,-2.85,-6.32,"C1289,C1335,C1338,C1387,C1440,C1545,C1546,C1549,C1550,C1553,C1599,C1600,C1603,C1604,C1607,C1688,C1689,C1692,C1693,C1696,C1781,C1782,C1785,C1786,C1789,C1875,C1878,C1879,C1882,C1915,C1916,C1919,C1920,C1923,C1924",35
JMFINANCIL,2026-09-15,121.21,124.47,199.8,123.2,-1.62,-39.33,-2.62,-6.96,"C1289,C1335,C1338,C1387,C1440,C1545,C1546,C1549,C1550,C1553,C1599,C1600,C1603,C1604,C1607,C1688,C1689,C1692,C1693,C1696,C1781,C1782,C1785,C1786,C1789,C1875,C1878,C1879,C1882,C1915,C1916,C1919,C1920,C1923,C1924",35
MAGADSUGAR,2026-09-15,520.15,543.8,821.0,530.3,-1.91,-36.64,-4.35,-9.37,"C1289,C1335,C1338,C1387,C1440,C1545,C1546,C1549,C1550,C1553,C1599,C1600,C1603,C1604,C1607,C1688,C1689,C1692,C1693,C1696,C1781,C1782,C1785,C1786,C1789,C1875,C1878,C1879,C1882,C1915,C1916,C1919,C1920,C1923,C1924",35
NAHARPOLY,2026-09-15,226.24,231.87,367.32,230.1,-1.68,-38.41,-2.43,-5.09,"C1289,C1335,C1338,C1387,C1440,C1545,C1546,C1549,C1550,C1553,C1599,C1600,C1603,C1604,C1607,C1688,C1689,C1692,C1693,C1696,C1781,C1782,C1785,C1786,C1789,C1875,C1878,C1879,C1882,C1915,C1916,C1919,C1920,C1923,C1924",35
NBCC,2026-09-15,80.69,82.9,130.7,82.0,-1.6,-38.26,-2.67,-6.17,"C1289,C1335,C1338,C1387,C1440,C1545,C1546,C1549,C1550,C1553,C1599,C1600,C1603,C1604,C1607,C1688,C1689,C1692,C1693,C1696,C1781,C1782,C1785,C1786,C1789,C1875,C1878,C1879,C1882,C1915,C1916,C1919,C1920,C1923,C1924",35
NSIL,2026-09-15,5409.5,5551.0,8730.0,5510.5,-1.83,-38.04,-2.55,-4.71,"C1289,C1335,C1338,C1387,C1440,C1545,C1546,C1549,C1550,C1553,C1599,C1600,C1603,C1604,C1607,C1688,C1689,C1692,C1693,C1696,C1781,C1782,C1785,C1786,C1789,C1875,C1878,C1879,C1882,C1915,C1916,C1919,C1920,C1923,C1924",35
PUNJABCHEM,2026-09-15,1041.2,1065.3,1666.0,1061.4,-1.9,-37.5,-2.26,-5.21,"C1289,C1335,C1338,C1387,C1440,C1545,C1546,C1549,C1550,C1553,C1599,C1600,C1603,C1604,C1607,C1688,C1689,C1692,C1693,C1696,C1781,C1782,C1785,C1786,C1789,C1875,C1878,C1879,C1882,C1915,C1916,C1919,C1920,C1923,C1924",35
SPIC,2026-09-15,67.38,69.0,128.2,68.16,-1.14,-47.44,-2.35,-5.13,"C1285,C1286,C1287,C1288,C1289,C1290,C1291,C1333,C1334,C1335,C1336,C1337,C1338,C1339,C1340,C1383,C1384,C1385,C1386,C1387,C1388,C1389,C1436,C1437,C1438,C1439,C1440,C1441,C1442,C1495,C1496,C1497,C1498,C1499,C1500",35
TANLA,2026-09-15,490.55,502.8,794.4,497.0,-1.3,-38.25,-2.44,-5.7,"C1289,C1335,C1338,C1387,C1440,C1545,C1546,C1549,C1550,C1553,C1599,C1600,C1603,C1604,C1607,C1688,C1689,C1692,C1693,C1696,C1781,C1782,C1785,C1786,C1789,C1875,C1878,C1879,C1882,C1915,C1916,C1919,C1920,C1923,C1924",35
TPLPLASTEH,2026-09-15,65.27,68.48,108.44,66.07,-1.21,-39.81,-4.69,-4.87,"C1289,C1335,C1338,C1387,C1440,C1545,C1546,C1549,C1550,C1553,C1599,C1600,C1603,C1604,C1607,C1688,C1689,C1692,C1693,C1696,C1781,C1782,C1785,C1786,C1789,C1875,C1878,C1879,C1882,C1915,C1916,C1919,C1920,C1923,C1924",35
TREL,2026-09-15,25.71,26.97,40.84,26.0,-1.12,-37.05,-4.67,-5.41,"C1289,C1335,C1338,C1387,C1440,C1545,C1546,C1549,C1550,C1553,C1599,C1600,C1603,C1604,C1607,C1688,C1689,C1692,C1693,C1696,C1781,C1782,C1785,C1786,C1789,C1875,C1878,C1879,C1882,C1915,C1916,C1919,C1920,C1923,C1924",35
VSTL,2026-09-15,114.88,119.71,221.99,117.0,-1.81,-48.25,-4.03,-5.64,"C1285,C1286,C1287,C1288,C1289,C1290,C1291,C1333,C1334,C1335,C1336,C1337,C1338,C1339,C1340,C1383,C1384,C1385,C1386,C1387,C1388,C1389,C1436,C1437,C1438,C1439,C1440,C1441,C1442,C1495,C1496,C1497,C1498,C1499,C1500",35
WALCHANNAG,2026-09-15,200.03,210.1,310.95,203.5,-1.71,-35.67,-4.79,-10.45,"C1289,C1335,C1338,C1387,C1440,C1545,C1546,C1549,C1550,C1553,C1599,C1600,C1603,C1604,C1607,C1688,C1689,C1692,C1693,C1696,C1781,C1782,C1785,C1786,C1789,C1875,C1878,C1879,C1882,C1915,C1916,C1919,C1920,C1923,C1924",35
CELLO,2026-09-15,327.55,332.8,782.0,332.0,-1.34,-58.11,-1.58,-3.36,"C1285,C1286,C1333,C1334,C1335,C1383,C1384,C1436,C1437,C1495,C1496,C1543,C1544,C1545,C1546,C1597,C1598,C1599,C1600,C1686,C1687,C1688,C1689,C1779,C1780,C1781,C1782,C1873,C1874,C1875,C1913,C1914,C1915,C1916",34
DCXINDIA,2026-09-15,161.62,166.63,393.0,163.55,-1.18,-58.88,-3.01,-6.94,"C1285,C1286,C1333,C1334,C1335,C1383,C1384,C1436,C1437,C1495,C1496,C1543,C1544,C1545,C1546,C1597,C1598,C1599,C1600,C1686,C1687,C1688,C1689,C1779,C1780,C1781,C1782,C1873,C1874,C1875,C1913,C1914,C1915,C1916",34
HGM,2026-09-15,46.77,48.68,77.0,48.05,-2.66,-39.26,-3.92,-7.95,"C1274,C1275,C1278,C1279,C1282,C1284,C1289,C1322,C1323,C1326,C1327,C1330,C1332,C1335,C1338,C1372,C1373,C1376,C1377,C1380,C1382,C1387,C1425,C1426,C1429,C1430,C1433,C1435,C1440,C1485,C1486,C1489,C1490,C1493",34
HINDWAREAP,2026-09-15,174.42,178.4,392.7,177.94,-1.98,-55.58,-2.23,-4.45,"C1285,C1286,C1333,C1334,C1335,C1383,C1384,C1436,C1437,C1495,C1496,C1543,C1544,C1545,C1546,C1597,C1598,C1599,C1600,C1686,C1687,C1688,C1689,C1779,C1780,C1781,C1782,C1873,C1874,C1875,C1913,C1914,C1915,C1916",34
ITI,2026-09-15,255.4,262.85,592.7,258.45,-1.18,-56.91,-2.83,-5.62,"C1285,C1286,C1333,C1334,C1335,C1383,C1384,C1436,C1437,C1495,C1496,C1543,C1544,C1545,C1546,C1597,C1598,C1599,C1600,C1686,C1687,C1688,C1689,C1779,C1780,C1781,C1782,C1873,C1874,C1875,C1913,C1914,C1915,C1916",34
KAYNES,2026-09-15,3392.0,3505.0,7822.0,3433.4,-1.21,-56.64,-3.22,-5.88,"C1285,C1286,C1333,C1334,C1335,C1383,C1384,C1436,C1437,C1495,C1496,C1543,C1544,C1545,C1546,C1597,C1598,C1599,C1600,C1686,C1687,C1688,C1689,C1779,C1780,C1781,C1782,C1873,C1874,C1875,C1913,C1914,C1915,C1916",34
KSCL,2026-09-15,697.9,715.85,1602.0,706.05,-1.15,-56.44,-2.51,-4.7,"C1285,C1286,C1333,C1334,C1335,C1383,C1384,C1436,C1437,C1495,C1496,C1543,C1544,C1545,C1546,C1597,C1598,C1599,C1600,C1686,C1687,C1688,C1689,C1779,C1780,C1781,C1782,C1873,C1874,C1875,C1913,C1914,C1915,C1916",34
PGIL,2026-09-15,1141.4,1187.7,2539.6,1155.3,-1.2,-55.06,-3.9,-49.43,"C1285,C1286,C1333,C1334,C1335,C1383,C1384,C1436,C1437,C1495,C1496,C1543,C1544,C1545,C1546,C1597,C1598,C1599,C1600,C1686,C1687,C1688,C1689,C1779,C1780,C1781,C1782,C1873,C1874,C1875,C1913,C1914,C1915,C1916",34
RTNPOWER,2026-09-15,6.99,7.17,16.92,7.13,-1.96,-58.69,-2.51,-4.51,"C1285,C1286,C1333,C1334,C1335,C1383,C1384,C1436,C1437,C1495,C1496,C1543,C1544,C1545,C1546,C1597,C1598,C1599,C1600,C1686,C1687,C1688,C1689,C1779,C1780,C1781,C1782,C1873,C1874,C1875,C1913,C1914,C1915,C1916",34
RVNL,2026-09-15,199.0,204.9,481.5,202.04,-1.5,-58.67,-2.88,-5.26,"C1285,C1286,C1333,C1334,C1335,C1383,C1384,C1436,C1437,C1495,C1496,C1543,C1544,C1545,C1546,C1597,C1598,C1599,C1600,C1686,C1687,C1688,C1689,C1779,C1780,C1781,C1782,C1873,C1874,C1875,C1913,C1914,C1915,C1916",34
SAURASHCEM,2026-09-15,53.03,54.76,128.4,54.0,-1.8,-58.7,-3.16,-4.96,"C1285,C1286,C1333,C1334,C1335,C1383,C1384,C1436,C1437,C1495,C1496,C1543,C1544,C1545,C1546,C1597,C1598,C1599,C1600,C1686,C1687,C1688,C1689,C1779,C1780,C1781,C1782,C1873,C1874,C1875,C1913,C1914,C1915,C1916",34
SINTERCOM,2026-09-15,75.05,76.65,183.85,75.81,-1.0,-59.18,-2.09,-7.83,"C1285,C1286,C1333,C1334,C1335,C1383,C1384,C1436,C1437,C1495,C1496,C1543,C1544,C1545,C1546,C1597,C1598,C1599,C1600,C1686,C1687,C1688,C1689,C1779,C1780,C1781,C1782,C1873,C1874,C1875,C1913,C1914,C1915,C1916",34
ZEELEARN,2026-09-15,6.63,7.43,10.45,6.82,-2.79,-36.56,-10.77,-4.47,"C1274,C1275,C1278,C1279,C1282,C1284,C1289,C1322,C1323,C1326,C1327,C1330,C1332,C1335,C1338,C1372,C1373,C1376,C1377,C1380,C1382,C1387,C1425,C1426,C1429,C1430,C1433,C1435,C1440,C1485,C1486,C1489,C1490,C1493",34
DONEAR,2026-09-15,82.46,85.03,175.0,84.01,-1.85,-52.88,-3.02,-7.48,"C1285,C1286,C1287,C1288,C1289,C1333,C1334,C1335,C1336,C1337,C1338,C1383,C1384,C1385,C1386,C1387,C1436,C1437,C1438,C1439,C1440,C1495,C1496,C1497,C1498",25
JAINREC,2026-09-15,274.7,284.7,593.95,277.9,-1.15,-53.75,-3.51,-2.36,"C1285,C1286,C1287,C1288,C1289,C1333,C1334,C1335,C1336,C1337,C1338,C1383,C1384,C1385,C1386,C1387,C1436,C1437,C1438,C1439,C1440,C1495,C1496,C1497,C1498",25
NAGREEKEXP,2026-09-15,21.61,22.4,43.5,21.91,-1.37,-50.32,-3.53,-3.14,"C1285,C1286,C1287,C1288,C1289,C1333,C1334,C1335,C1336,C1337,C1338,C1383,C1384,C1385,C1386,C1387,C1436,C1437,C1438,C1439,C1440,C1495,C1496,C1497,C1498",25
AEROENTER,2026-09-15,116.93,137.09,159.6,122.0,-4.16,-26.74,-14.71,-24.43,"C616,C665,C670,C793,C839,C890,C895,C1207,C1231,C1883,C1884,C1885,C1886,C1887,C1889,C1891,C1894,C1896,C1898,C1900,C1904,C1907,C1910",23
GOKUL,2026-09-15,39.92,42.03,57.0,41.27,-3.27,-29.96,-5.02,-6.84,"C1258,C1263,C1268,C1271,C1305,C1310,C1315,C1318,C1355,C1360,C1365,C1368,C1407,C1412,C1417,C1420,C1422,C1466,C1471,C1476,C1480,C1482",22
SAMMAANCAP,2026-09-15,141.96,147.3,192.95,146.6,-3.17,-26.43,-3.63,-8.95,"C1258,C1263,C1268,C1271,C1305,C1310,C1315,C1318,C1355,C1360,C1365,C1368,C1407,C1412,C1417,C1420,C1422,C1466,C1471,C1476,C1480,C1482",22
BOROLTD,2026-09-15,248.33,257.48,420.2,252.14,-1.51,-40.9,-3.55,-2.32,"C1286,C1288,C1289,C1291,C1334,C1335,C1337,C1338,C1340,C1384,C1386,C1387,C1389,C1437,C1439,C1440,C1442,C1496,C1498,C1500",20
CENTEXT,2026-09-15,19.98,22.37,34.75,20.31,-1.62,-42.5,-10.68,-4.49,"C1286,C1288,C1289,C1291,C1334,C1335,C1337,C1338,C1340,C1384,C1386,C1387,C1389,C1437,C1439,C1440,C1442,C1496,C1498,C1500",20
FINPIPE,2026-09-15,151.33,153.45,255.1,152.9,-1.03,-40.68,-1.38,-3.71,"C1286,C1288,C1289,C1291,C1334,C1335,C1337,C1338,C1340,C1384,C1386,C1387,C1389,C1437,C1439,C1440,C1442,C1496,C1498,C1500",20
PENIND,2026-09-15,167.3,175.54,279.9,169.5,-1.3,-40.23,-4.69,-4.92,"C1286,C1288,C1289,C1291,C1334,C1335,C1337,C1338,C1340,C1384,C1386,C1387,C1389,C1437,C1439,C1440,C1442,C1496,C1498,C1500",20
STARCEMENT,2026-09-15,184.93,195.14,308.95,188.61,-1.95,-40.14,-5.23,-4.87,"C1286,C1288,C1289,C1291,C1334,C1335,C1337,C1338,C1340,C1384,C1386,C1387,C1389,C1437,C1439,C1440,C1442,C1496,C1498,C1500",20
BERGEPAINT,2026-09-15,447.1,458.05,605.0,457.0,-2.17,-26.1,-2.39,-7.72,"C1531,C1536,C1585,C1590,C1673,C1678,C1683,C1766,C1771,C1776,C1860,C1865,C1870,C1904,C1907,C1910",16
DEEPAKFERT,2026-09-15,1284.8,1320.4,1778.6,1316.0,-2.37,-27.76,-2.7,-4.42,"C1531,C1536,C1585,C1590,C1673,C1678,C1683,C1766,C1771,C1776,C1860,C1865,C1870,C1904,C1907,C1910",16
DLINKINDIA,2026-09-15,417.05,434.25,589.55,428.85,-2.75,-29.26,-3.96,-6.43,"C1531,C1536,C1585,C1590,C1673,C1678,C1683,C1766,C1771,C1776,C1860,C1865,C1870,C1904,C1907,C1910",16
ELCIDIN,2026-09-15,102210.0,106850.0,137000.0,105000.0,-2.66,-25.39,-4.34,-6.19,"C1531,C1536,C1585,C1590,C1673,C1678,C1683,C1766,C1771,C1776,C1860,C1865,C1870,C1904,C1907,C1910",16
OBEROIRLTY,2026-09-15,1668.5,1741.1,2325.8,1714.8,-2.7,-28.26,-4.17,-9.69,"C1531,C1536,C1585,C1590,C1673,C1678,C1683,C1766,C1771,C1776,C1860,C1865,C1870,C1904,C1907,C1910",16
SPARC,2026-09-15,188.0,196.01,253.17,192.56,-2.37,-25.74,-4.09,-8.68,"C1531,C1536,C1585,C1590,C1673,C1678,C1683,C1766,C1771,C1776,C1860,C1865,C1870,C1904,C1907,C1910",16
INDIANHUME,2026-09-15,354.0,369.55,479.0,362.25,-2.28,-26.1,-4.21,-10.36,"C1531,C1536,C1585,C1590,C1673,C1678,C1683,C1766,C1771,C1776,C1860,C1865,C1870",13
KMEW,2026-09-15,2730.5,2869.2,3758.5,2812.1,-2.9,-27.35,-4.83,-7.8,"C1531,C1536,C1585,C1590,C1673,C1678,C1683,C1766,C1771,C1776,C1860,C1865,C1870",13
SIMPLEXINF,2026-09-15,242.85,255.1,342.45,249.65,-2.72,-29.08,-4.8,-6.72,"C1531,C1536,C1585,C1590,C1673,C1678,C1683,C1766,C1771,C1776,C1860,C1865,C1870",13
SUDARSCHEM,2026-09-15,1183.2,1248.2,1603.0,1210.5,-2.26,-26.19,-5.21,-4.57,"C1531,C1536,C1585,C1590,C1673,C1678,C1683,C1766,C1771,C1776,C1860,C1865,C1870",13
ADVENZYMES,2026-09-15,287.7,293.4,419.0,291.5,-1.3,-31.34,-1.94,-3.41,"C1546,C1550,C1600,C1604,C1689,C1693,C1782,C1786,C1879,C1916,C1920,C1924",12
APEX,2026-09-15,358.95,368.5,514.5,363.3,-1.2,-30.23,-2.59,-2.51,"C1546,C1550,C1600,C1604,C1689,C1693,C1782,C1786,C1879,C1916,C1920,C1924",12
BALMLAWRIE,2026-09-15,164.24,168.72,238.2,167.41,-1.89,-31.05,-2.66,-7.72,"C1546,C1550,C1600,C1604,C1689,C1693,C1782,C1786,C1879,C1916,C1920,C1924",12
BIKAJI,2026-09-15,541.6,548.25,818.7,547.3,-1.04,-33.85,-1.21,-6.66,"C1546,C1550,C1600,C1604,C1689,C1693,C1782,C1786,C1879,C1916,C1920,C1924",12
CESC,2026-09-15,141.7,145.37,204.5,143.55,-1.29,-30.71,-2.52,-2.57,"C1546,C1550,C1600,C1604,C1689,C1693,C1782,C1786,C1879,C1916,C1920,C1924",12
CRAMC,2026-09-15,232.4,238.9,353.4,235.5,-1.32,-34.24,-2.72,-6.76,"C1546,C1550,C1600,C1604,C1689,C1693,C1782,C1786,C1879,C1916,C1920,C1924",12
ESCORTS,2026-09-15,2835.8,2899.7,4180.0,2884.9,-1.7,-32.16,-2.2,-4.11,"C1546,C1550,C1600,C1604,C1689,C1693,C1782,C1786,C1879,C1916,C1920,C1924",12
FRACTAL,2026-09-15,748.1,764.45,1118.0,759.1,-1.45,-33.09,-2.14,-6.63,"C1546,C1550,C1600,C1604,C1689,C1693,C1782,C1786,C1879,C1916,C1920,C1924",12
GLOSTERLTD,2026-09-15,575.1,583.1,830.0,581.0,-1.02,-30.71,-1.37,-4.69,"C1546,C1550,C1600,C1604,C1689,C1693,C1782,C1786,C1879,C1916,C1920,C1924",12
HUDCO,2026-09-15,168.92,172.76,254.29,171.6,-1.56,-33.57,-2.22,-5.76,"C1546,C1550,C1600,C1604,C1689,C1693,C1782,C1786,C1879,C1916,C1920,C1924",12
ICICIGI,2026-09-15,1427.7,1459.8,2068.7,1443.7,-1.11,-30.99,-2.2,-4.4,"C1546,C1550,C1600,C1604,C1689,C1693,C1782,C1786,C1879,C1916,C1920,C1924",12
INDIACEM,2026-09-15,336.0,346.9,485.8,342.55,-1.91,-30.84,-3.14,-5.64,"C1546,C1550,C1600,C1604,C1689,C1693,C1782,C1786,C1879,C1916,C1920,C1924",12
JAYBARMARU,2026-09-15,112.34,116.58,172.79,114.19,-1.62,-34.98,-3.64,-6.53,"C1546,C1550,C1600,C1604,C1689,C1693,C1782,C1786,C1879,C1916,C1920,C1924",12
ORIENTELEC,2026-09-15,169.17,173.56,248.9,171.2,-1.19,-32.03,-2.53,-4.09,"C1546,C1550,C1600,C1604,C1689,C1693,C1782,C1786,C1879,C1916,C1920,C1924",12
PACEDIGITK,2026-09-15,153.6,158.33,231.95,155.71,-1.36,-33.78,-2.99,-4.65,"C1546,C1550,C1600,C1604,C1689,C1693,C1782,C1786,C1879,C1916,C1920,C1924",12
PAGEIND,2026-09-15,34580.0,35365.0,50590.0,34960.0,-1.09,-31.65,-2.22,-3.48,"C1546,C1550,C1600,C1604,C1689,C1693,C1782,C1786,C1879,C1916,C1920,C1924",12
SUPREMEIND,2026-09-15,3300.0,3364.4,4817.95,3364.4,-1.91,-31.51,-1.91,-8.28,"C1546,C1550,C1600,C1604,C1689,C1693,C1782,C1786,C1879,C1916,C1920,C1924",12
TRITURBINE,2026-09-15,546.9,569.65,789.9,552.5,-1.01,-30.76,-3.99,-3.84,"C1546,C1550,C1600,C1604,C1689,C1693,C1782,C1786,C1879,C1916,C1920,C1924",12
HITECH,2026-09-15,73.61,76.39,163.75,74.5,-1.19,-55.05,-3.64,-3.09,"C1285,C1286,C1333,C1334,C1335,C1383,C1384,C1436,C1437,C1495,C1496",11
LINCOLN,2026-09-15,602.6,623.5,869.0,617.7,-2.44,-30.66,-3.35,-4.7,"C1275,C1279,C1323,C1327,C1373,C1377,C1426,C1430,C1486,C1490",10
RHIM,2026-09-15,361.6,375.8,547.9,369.0,-2.01,-34.0,-3.78,-3.26,"C1275,C1279,C1323,C1327,C1373,C1377,C1426,C1430,C1486,C1490",10
JPOLYINVST,2026-09-15,967.05,989.5,1487.7,980.0,-1.32,-35.0,-2.27,-3.95,"C1546,C1550,C1600,C1604,C1689,C1693,C1782,C1786,C1879",9
BFINVEST,2026-09-15,435.5,448.3,704.75,440.55,-1.15,-38.21,-2.86,-5.11,"C1289,C1335,C1338,C1387,C1440",5
EXICOM,2026-09-15,168.43,182.28,275.71,170.99,-1.5,-38.91,-7.6,-8.63,"C1289,C1335,C1338,C1387,C1440",5
GMRP&UI,2026-09-15,90.35,94.07,141.01,91.75,-1.53,-35.93,-3.95,-3.44,"C1289,C1335,C1338,C1387,C1440",5
KERNEX,2026-09-15,1656.3,1732.1,2580.0,1673.1,-1.0,-35.8,-4.38,-6.39,"C1289,C1335,C1338,C1387,C1440",5
